<?xml version="1.0" encoding="UTF-8"?>
<gpx creator="Garmin Connect" version="1.1"
  xsi:schemaLocation="http://www.topografix.com/GPX/1/1 http://www.topografix.com/GPX/11.xsd"
  xmlns:ns3="http://www.garmin.com/xmlschemas/TrackPointExtension/v1"
  xmlns="http://www.topografix.com/GPX/1/1"
  xmlns:xsi="http://www.w3.org/2001/XMLSchema-instance" xmlns:ns2="http://www.garmin.com/xmlschemas/GpxExtensions/v3">
  <metadata>
    <link href="connect.garmin.com">
      <text>Garmin Connect</text>
    </link>
    <time>2026-05-22T08:04:21.000Z</time>
  </metadata>
  <trk>
    <name>Lyon Gravel Cycling</name>
    <type>gravel_cycling</type>
    <trkseg>
      <trkpt lat="45.770040415227413177490234375" lon="4.83793593943119049072265625">
        <ele>172.399993896484375</ele>
        <time>2026-05-22T08:04:21.000Z</time>
        <extensions>
          <ns3:TrackPointExtension>
            <ns3:atemp>25.0</ns3:atemp>
          </ns3:TrackPointExtension>
        </extensions>
      </trkpt>
      <trkpt lat="45.77000797726213932037353515625" lon="4.83793317340314388275146484375">
        <ele>172.600006103515625</ele>
        <time>2026-05-22T08:04:22.000Z</time>
        <extensions>
          <ns3:TrackPointExtension>
            <ns3:atemp>25.0</ns3:atemp>
          </ns3:TrackPointExtension>
        </extensions>
      </trkpt>
      <trkpt lat="45.76997092925012111663818359375" lon="4.837936945259571075439453125">
        <ele>172.600006103515625</ele>
        <time>2026-05-22T08:04:23.000Z</time>
        <extensions>
          <ns3:TrackPointExtension>
            <ns3:atemp>25.0</ns3:atemp>
          </ns3:TrackPointExtension>
        </extensions>
      </trkpt>
      <trkpt lat="45.76993706636130809783935546875" lon="4.8379344306886196136474609375">
        <ele>172.8000030517578125</ele>
        <time>2026-05-22T08:04:24.000Z</time>
        <extensions>
          <ns3:TrackPointExtension>
            <ns3:atemp>25.0</ns3:atemp>
          </ns3:TrackPointExtension>
        </extensions>
      </trkpt>
      <trkpt lat="45.76990052126348018646240234375" lon="4.83792998827993869781494140625">
        <ele>172.8000030517578125</ele>
        <time>2026-05-22T08:04:25.000Z</time>
        <extensions>
          <ns3:TrackPointExtension>
            <ns3:atemp>25.0</ns3:atemp>
          </ns3:TrackPointExtension>
        </extensions>
      </trkpt>
      <trkpt lat="45.769866071641445159912109375" lon="4.8379263840615749359130859375">
        <ele>172.8000030517578125</ele>
        <time>2026-05-22T08:04:26.000Z</time>
        <extensions>
          <ns3:TrackPointExtension>
            <ns3:atemp>25.0</ns3:atemp>
          </ns3:TrackPointExtension>
        </extensions>
      </trkpt>
      <trkpt lat="45.76982240192592144012451171875" lon="4.83792093582451343536376953125">
        <ele>172.8000030517578125</ele>
        <time>2026-05-22T08:04:27.000Z</time>
        <extensions>
          <ns3:TrackPointExtension>
            <ns3:atemp>25.0</ns3:atemp>
          </ns3:TrackPointExtension>
        </extensions>
      </trkpt>
      <trkpt lat="45.7697840966284275054931640625" lon="4.83791708014905452728271484375">
        <ele>172.8000030517578125</ele>
        <time>2026-05-22T08:04:28.000Z</time>
        <extensions>
          <ns3:TrackPointExtension>
            <ns3:atemp>25.0</ns3:atemp>
          </ns3:TrackPointExtension>
        </extensions>
      </trkpt>
      <trkpt lat="45.76974495314061641693115234375" lon="4.8379123024642467498779296875">
        <ele>172.8000030517578125</ele>
        <time>2026-05-22T08:04:29.000Z</time>
        <extensions>
          <ns3:TrackPointExtension>
            <ns3:atemp>25.0</ns3:atemp>
          </ns3:TrackPointExtension>
        </extensions>
      </trkpt>
      <trkpt lat="45.76970756985247135162353515625" lon="4.83790501020848751068115234375">
        <ele>172.8000030517578125</ele>
        <time>2026-05-22T08:04:30.000Z</time>
        <extensions>
          <ns3:TrackPointExtension>
            <ns3:atemp>25.0</ns3:atemp>
          </ns3:TrackPointExtension>
        </extensions>
      </trkpt>
      <trkpt lat="45.769671611487865447998046875" lon="4.83789947815239429473876953125">
        <ele>172.8000030517578125</ele>
        <time>2026-05-22T08:04:31.000Z</time>
        <extensions>
          <ns3:TrackPointExtension>
            <ns3:atemp>25.0</ns3:atemp>
          </ns3:TrackPointExtension>
        </extensions>
      </trkpt>
      <trkpt lat="45.76963012106716632843017578125" lon="4.83789679594337940216064453125">
        <ele>172.8000030517578125</ele>
        <time>2026-05-22T08:04:32.000Z</time>
        <extensions>
          <ns3:TrackPointExtension>
            <ns3:atemp>25.0</ns3:atemp>
          </ns3:TrackPointExtension>
        </extensions>
      </trkpt>
      <trkpt lat="45.76959541998803615570068359375" lon="4.8379022441804409027099609375">
        <ele>172.8000030517578125</ele>
        <time>2026-05-22T08:04:33.000Z</time>
        <extensions>
          <ns3:TrackPointExtension>
            <ns3:atemp>25.0</ns3:atemp>
          </ns3:TrackPointExtension>
        </extensions>
      </trkpt>
      <trkpt lat="45.769562982022762298583984375" lon="4.83789696358144283294677734375">
        <ele>173</ele>
        <time>2026-05-22T08:04:34.000Z</time>
        <extensions>
          <ns3:TrackPointExtension>
            <ns3:atemp>25.0</ns3:atemp>
          </ns3:TrackPointExtension>
        </extensions>
      </trkpt>
      <trkpt lat="45.76953289099037647247314453125" lon="4.8378856480121612548828125">
        <ele>173</ele>
        <time>2026-05-22T08:04:35.000Z</time>
        <extensions>
          <ns3:TrackPointExtension>
            <ns3:atemp>25.0</ns3:atemp>
          </ns3:TrackPointExtension>
        </extensions>
      </trkpt>
      <trkpt lat="45.769503973424434661865234375" lon="4.8378774337470531463623046875">
        <ele>173</ele>
        <time>2026-05-22T08:04:36.000Z</time>
        <extensions>
          <ns3:TrackPointExtension>
            <ns3:atemp>25.0</ns3:atemp>
          </ns3:TrackPointExtension>
        </extensions>
      </trkpt>
      <trkpt lat="45.76947656460106372833251953125" lon="4.8378687165677547454833984375">
        <ele>173</ele>
        <time>2026-05-22T08:04:37.000Z</time>
        <extensions>
          <ns3:TrackPointExtension>
            <ns3:atemp>25.0</ns3:atemp>
          </ns3:TrackPointExtension>
        </extensions>
      </trkpt>
      <trkpt lat="45.76944806613028049468994140625" lon="4.83785857446491718292236328125">
        <ele>173</ele>
        <time>2026-05-22T08:04:38.000Z</time>
        <extensions>
          <ns3:TrackPointExtension>
            <ns3:atemp>25.0</ns3:atemp>
          </ns3:TrackPointExtension>
        </extensions>
      </trkpt>
      <trkpt lat="45.76942459680140018463134765625" lon="4.83784466050565242767333984375">
        <ele>173</ele>
        <time>2026-05-22T08:04:39.000Z</time>
        <extensions>
          <ns3:TrackPointExtension>
            <ns3:atemp>25.0</ns3:atemp>
          </ns3:TrackPointExtension>
        </extensions>
      </trkpt>
      <trkpt lat="45.76940179802477359771728515625" lon="4.83783829025924205780029296875">
        <ele>173</ele>
        <time>2026-05-22T08:04:40.000Z</time>
        <extensions>
          <ns3:TrackPointExtension>
            <ns3:atemp>25.0</ns3:atemp>
          </ns3:TrackPointExtension>
        </extensions>
      </trkpt>
      <trkpt lat="45.76938335783779621124267578125" lon="4.837835691869258880615234375">
        <ele>173</ele>
        <time>2026-05-22T08:04:41.000Z</time>
        <extensions>
          <ns3:TrackPointExtension>
            <ns3:atemp>25.0</ns3:atemp>
          </ns3:TrackPointExtension>
        </extensions>
      </trkpt>
      <trkpt lat="45.76936743222177028656005859375" lon="4.8378315009176731109619140625">
        <ele>173.1999969482421875</ele>
        <time>2026-05-22T08:04:42.000Z</time>
        <extensions>
          <ns3:TrackPointExtension>
            <ns3:atemp>25.0</ns3:atemp>
          </ns3:TrackPointExtension>
        </extensions>
      </trkpt>
      <trkpt lat="45.76935418881475925445556640625" lon="4.837827980518341064453125">
        <ele>173.1999969482421875</ele>
        <time>2026-05-22T08:04:43.000Z</time>
        <extensions>
          <ns3:TrackPointExtension>
            <ns3:atemp>25.0</ns3:atemp>
          </ns3:TrackPointExtension>
        </extensions>
      </trkpt>
      <trkpt lat="45.76934731565415859222412109375" lon="4.8378244601190090179443359375">
        <ele>173.1999969482421875</ele>
        <time>2026-05-22T08:04:44.000Z</time>
        <extensions>
          <ns3:TrackPointExtension>
            <ns3:atemp>25.0</ns3:atemp>
          </ns3:TrackPointExtension>
        </extensions>
      </trkpt>
      <trkpt lat="45.7693381793797016143798828125" lon="4.8378174193203449249267578125">
        <ele>173.1999969482421875</ele>
        <time>2026-05-22T08:04:45.000Z</time>
        <extensions>
          <ns3:TrackPointExtension>
            <ns3:atemp>25.0</ns3:atemp>
          </ns3:TrackPointExtension>
        </extensions>
      </trkpt>
      <trkpt lat="45.76932619325816631317138671875" lon="4.83781599439680576324462890625">
        <ele>173.1999969482421875</ele>
        <time>2026-05-22T08:04:46.000Z</time>
        <extensions>
          <ns3:TrackPointExtension>
            <ns3:atemp>25.0</ns3:atemp>
          </ns3:TrackPointExtension>
        </extensions>
      </trkpt>
      <trkpt lat="45.76931563206017017364501953125" lon="4.837822280824184417724609375">
        <ele>173.1999969482421875</ele>
        <time>2026-05-22T08:04:47.000Z</time>
        <extensions>
          <ns3:TrackPointExtension>
            <ns3:atemp>25.0</ns3:atemp>
          </ns3:TrackPointExtension>
        </extensions>
      </trkpt>
      <trkpt lat="45.769303478300571441650390625" lon="4.83782865107059478759765625">
        <ele>173.399993896484375</ele>
        <time>2026-05-22T08:04:48.000Z</time>
        <extensions>
          <ns3:TrackPointExtension>
            <ns3:atemp>25.0</ns3:atemp>
          </ns3:TrackPointExtension>
        </extensions>
      </trkpt>
      <trkpt lat="45.76929015107452869415283203125" lon="4.837827645242214202880859375">
        <ele>173.399993896484375</ele>
        <time>2026-05-22T08:04:49.000Z</time>
        <extensions>
          <ns3:TrackPointExtension>
            <ns3:atemp>25.0</ns3:atemp>
          </ns3:TrackPointExtension>
        </extensions>
      </trkpt>
      <trkpt lat="45.76927171088755130767822265625" lon="4.83782999217510223388671875">
        <ele>173.399993896484375</ele>
        <time>2026-05-22T08:04:50.000Z</time>
        <extensions>
          <ns3:TrackPointExtension>
            <ns3:atemp>25.0</ns3:atemp>
          </ns3:TrackPointExtension>
        </extensions>
      </trkpt>
      <trkpt lat="45.76925159431993961334228515625" lon="4.83783426694571971893310546875">
        <ele>173.399993896484375</ele>
        <time>2026-05-22T08:04:51.000Z</time>
        <extensions>
          <ns3:TrackPointExtension>
            <ns3:atemp>25.0</ns3:atemp>
          </ns3:TrackPointExtension>
        </extensions>
      </trkpt>
      <trkpt lat="45.76923198066651821136474609375" lon="4.8378345184028148651123046875">
        <ele>173.399993896484375</ele>
        <time>2026-05-22T08:04:52.000Z</time>
        <extensions>
          <ns3:TrackPointExtension>
            <ns3:atemp>25.0</ns3:atemp>
          </ns3:TrackPointExtension>
        </extensions>
      </trkpt>
      <trkpt lat="45.7692117802798748016357421875" lon="4.83783208765089511871337890625">
        <ele>173.399993896484375</ele>
        <time>2026-05-22T08:04:53.000Z</time>
        <extensions>
          <ns3:TrackPointExtension>
            <ns3:atemp>25.0</ns3:atemp>
          </ns3:TrackPointExtension>
        </extensions>
      </trkpt>
      <trkpt lat="45.7691896520555019378662109375" lon="4.8378320038318634033203125">
        <ele>173.600006103515625</ele>
        <time>2026-05-22T08:04:54.000Z</time>
        <extensions>
          <ns3:TrackPointExtension>
            <ns3:atemp>25.0</ns3:atemp>
          </ns3:TrackPointExtension>
        </extensions>
      </trkpt>
      <trkpt lat="45.76916978694498538970947265625" lon="4.83783133327960968017578125">
        <ele>173.600006103515625</ele>
        <time>2026-05-22T08:04:55.000Z</time>
        <extensions>
          <ns3:TrackPointExtension>
            <ns3:atemp>24.0</ns3:atemp>
          </ns3:TrackPointExtension>
        </extensions>
      </trkpt>
      <trkpt lat="45.7691524364054203033447265625" lon="4.83783108182251453399658203125">
        <ele>173.600006103515625</ele>
        <time>2026-05-22T08:04:56.000Z</time>
        <extensions>
          <ns3:TrackPointExtension>
            <ns3:atemp>24.0</ns3:atemp>
          </ns3:TrackPointExtension>
        </extensions>
      </trkpt>
      <trkpt lat="45.76913357712328433990478515625" lon="4.837835691869258880615234375">
        <ele>173.600006103515625</ele>
        <time>2026-05-22T08:04:57.000Z</time>
        <extensions>
          <ns3:TrackPointExtension>
            <ns3:atemp>24.0</ns3:atemp>
          </ns3:TrackPointExtension>
        </extensions>
      </trkpt>
      <trkpt lat="45.76911295764148235321044921875" lon="4.83783669769763946533203125">
        <ele>173.8000030517578125</ele>
        <time>2026-05-22T08:04:58.000Z</time>
        <extensions>
          <ns3:TrackPointExtension>
            <ns3:atemp>24.0</ns3:atemp>
          </ns3:TrackPointExtension>
        </extensions>
      </trkpt>
      <trkpt lat="45.7690927572548389434814453125" lon="4.83784130774438381195068359375">
        <ele>173.8000030517578125</ele>
        <time>2026-05-22T08:04:59.000Z</time>
        <extensions>
          <ns3:TrackPointExtension>
            <ns3:atemp>24.0</ns3:atemp>
          </ns3:TrackPointExtension>
        </extensions>
      </trkpt>
      <trkpt lat="45.76907104812562465667724609375" lon="4.83784415759146213531494140625">
        <ele>174</ele>
        <time>2026-05-22T08:05:00.000Z</time>
        <extensions>
          <ns3:TrackPointExtension>
            <ns3:atemp>24.0</ns3:atemp>
          </ns3:TrackPointExtension>
        </extensions>
      </trkpt>
      <trkpt lat="45.7690478302538394927978515625" lon="4.83784264884889125823974609375">
        <ele>174</ele>
        <time>2026-05-22T08:05:01.000Z</time>
        <extensions>
          <ns3:TrackPointExtension>
            <ns3:atemp>24.0</ns3:atemp>
          </ns3:TrackPointExtension>
        </extensions>
      </trkpt>
      <trkpt lat="45.7690210081636905670166015625" lon="4.8378429003059864044189453125">
        <ele>174.1999969482421875</ele>
        <time>2026-05-22T08:05:02.000Z</time>
        <extensions>
          <ns3:TrackPointExtension>
            <ns3:atemp>24.0</ns3:atemp>
          </ns3:TrackPointExtension>
        </extensions>
      </trkpt>
      <trkpt lat="45.76899410225450992584228515625" lon="4.8378442414104938507080078125">
        <ele>174.1999969482421875</ele>
        <time>2026-05-22T08:05:03.000Z</time>
        <extensions>
          <ns3:TrackPointExtension>
            <ns3:atemp>24.0</ns3:atemp>
          </ns3:TrackPointExtension>
        </extensions>
      </trkpt>
      <trkpt lat="45.76896585524082183837890625" lon="4.83783611096441745758056640625">
        <ele>174.399993896484375</ele>
        <time>2026-05-22T08:05:04.000Z</time>
        <extensions>
          <ns3:TrackPointExtension>
            <ns3:atemp>24.0</ns3:atemp>
          </ns3:TrackPointExtension>
        </extensions>
      </trkpt>
      <trkpt lat="45.768938697874546051025390625" lon="4.837819598615169525146484375">
        <ele>174.399993896484375</ele>
        <time>2026-05-22T08:05:05.000Z</time>
        <extensions>
          <ns3:TrackPointExtension>
            <ns3:atemp>24.0</ns3:atemp>
          </ns3:TrackPointExtension>
        </extensions>
      </trkpt>
      <trkpt lat="45.7689090259373188018798828125" lon="4.83780509792268276214599609375">
        <ele>174.600006103515625</ele>
        <time>2026-05-22T08:05:06.000Z</time>
        <extensions>
          <ns3:TrackPointExtension>
            <ns3:atemp>24.0</ns3:atemp>
          </ns3:TrackPointExtension>
        </extensions>
      </trkpt>
      <trkpt lat="45.7688765041530132293701171875" lon="4.83779135160148143768310546875">
        <ele>174.600006103515625</ele>
        <time>2026-05-22T08:05:07.000Z</time>
        <extensions>
          <ns3:TrackPointExtension>
            <ns3:atemp>24.0</ns3:atemp>
          </ns3:TrackPointExtension>
        </extensions>
      </trkpt>
      <trkpt lat="45.768844150006771087646484375" lon="4.8377859033644199371337890625">
        <ele>174.399993896484375</ele>
        <time>2026-05-22T08:05:08.000Z</time>
        <extensions>
          <ns3:TrackPointExtension>
            <ns3:atemp>24.0</ns3:atemp>
          </ns3:TrackPointExtension>
        </extensions>
      </trkpt>
      <trkpt lat="45.76881288550794124603271484375" lon="4.83778498135507106781005859375">
        <ele>174.399993896484375</ele>
        <time>2026-05-22T08:05:09.000Z</time>
        <extensions>
          <ns3:TrackPointExtension>
            <ns3:atemp>24.0</ns3:atemp>
          </ns3:TrackPointExtension>
        </extensions>
      </trkpt>
      <trkpt lat="45.76878086663782596588134765625" lon="4.83778305351734161376953125">
        <ele>174.600006103515625</ele>
        <time>2026-05-22T08:05:10.000Z</time>
        <extensions>
          <ns3:TrackPointExtension>
            <ns3:atemp>24.0</ns3:atemp>
          </ns3:TrackPointExtension>
        </extensions>
      </trkpt>
      <trkpt lat="45.76875052414834499359130859375" lon="4.8377859033644199371337890625">
        <ele>174.600006103515625</ele>
        <time>2026-05-22T08:05:11.000Z</time>
        <extensions>
          <ns3:TrackPointExtension>
            <ns3:atemp>24.0</ns3:atemp>
          </ns3:TrackPointExtension>
        </extensions>
      </trkpt>
      <trkpt lat="45.76872219331562519073486328125" lon="4.837789423763751983642578125">
        <ele>174.8000030517578125</ele>
        <time>2026-05-22T08:05:12.000Z</time>
        <extensions>
          <ns3:TrackPointExtension>
            <ns3:atemp>24.0</ns3:atemp>
          </ns3:TrackPointExtension>
        </extensions>
      </trkpt>
      <trkpt lat="45.76869637705385684967041015625" lon="4.8377939499914646148681640625">
        <ele>175</ele>
        <time>2026-05-22T08:05:13.000Z</time>
        <extensions>
          <ns3:TrackPointExtension>
            <ns3:atemp>24.0</ns3:atemp>
          </ns3:TrackPointExtension>
        </extensions>
      </trkpt>
      <trkpt lat="45.7686739973723888397216796875" lon="4.83778112567961215972900390625">
        <ele>175.1999969482421875</ele>
        <time>2026-05-22T08:05:14.000Z</time>
        <extensions>
          <ns3:TrackPointExtension>
            <ns3:atemp>24.0</ns3:atemp>
          </ns3:TrackPointExtension>
        </extensions>
      </trkpt>
      <trkpt lat="45.76865815557539463043212890625" lon="4.83776804991066455841064453125">
        <ele>175.1999969482421875</ele>
        <time>2026-05-22T08:05:15.000Z</time>
        <extensions>
          <ns3:TrackPointExtension>
            <ns3:atemp>24.0</ns3:atemp>
          </ns3:TrackPointExtension>
        </extensions>
      </trkpt>
      <trkpt lat="45.76864306814968585968017578125" lon="4.83776603825390338897705078125">
        <ele>175.1999969482421875</ele>
        <time>2026-05-22T08:05:16.000Z</time>
        <extensions>
          <ns3:TrackPointExtension>
            <ns3:atemp>24.0</ns3:atemp>
          </ns3:TrackPointExtension>
        </extensions>
      </trkpt>
      <trkpt lat="45.7686314173042774200439453125" lon="4.83776721172034740447998046875">
        <ele>175.399993896484375</ele>
        <time>2026-05-22T08:05:17.000Z</time>
        <extensions>
          <ns3:TrackPointExtension>
            <ns3:atemp>24.0</ns3:atemp>
          </ns3:TrackPointExtension>
        </extensions>
      </trkpt>
      <trkpt lat="45.76861976645886898040771484375" lon="4.837747178971767425537109375">
        <ele>175.399993896484375</ele>
        <time>2026-05-22T08:05:18.000Z</time>
        <extensions>
          <ns3:TrackPointExtension>
            <ns3:atemp>24.0</ns3:atemp>
          </ns3:TrackPointExtension>
        </extensions>
      </trkpt>
      <trkpt lat="45.7686097919940948486328125" lon="4.8377148248255252838134765625">
        <ele>175.399993896484375</ele>
        <time>2026-05-22T08:05:19.000Z</time>
        <extensions>
          <ns3:TrackPointExtension>
            <ns3:atemp>24.0</ns3:atemp>
          </ns3:TrackPointExtension>
        </extensions>
      </trkpt>
      <trkpt lat="45.76860987581312656402587890625" lon="4.837698899209499359130859375">
        <ele>175.600006103515625</ele>
        <time>2026-05-22T08:05:20.000Z</time>
        <extensions>
          <ns3:TrackPointExtension>
            <ns3:atemp>24.0</ns3:atemp>
          </ns3:TrackPointExtension>
        </extensions>
      </trkpt>
      <trkpt lat="45.7686190120875835418701171875" lon="4.83768624253571033477783203125">
        <ele>175.8000030517578125</ele>
        <time>2026-05-22T08:05:21.000Z</time>
        <extensions>
          <ns3:TrackPointExtension>
            <ns3:atemp>24.0</ns3:atemp>
          </ns3:TrackPointExtension>
        </extensions>
      </trkpt>
      <trkpt lat="45.76862990856170654296875" lon="4.837690182030200958251953125">
        <ele>175.8000030517578125</ele>
        <time>2026-05-22T08:05:22.000Z</time>
        <extensions>
          <ns3:TrackPointExtension>
            <ns3:atemp>24.0</ns3:atemp>
          </ns3:TrackPointExtension>
        </extensions>
      </trkpt>
      <trkpt lat="45.76864072121679782867431640625" lon="4.83770987950265407562255859375">
        <ele>175.8000030517578125</ele>
        <time>2026-05-22T08:05:23.000Z</time>
        <extensions>
          <ns3:TrackPointExtension>
            <ns3:atemp>24.0</ns3:atemp>
          </ns3:TrackPointExtension>
        </extensions>
      </trkpt>
      <trkpt lat="45.76864122413098812103271484375" lon="4.83773116953670978546142578125">
        <ele>175.8000030517578125</ele>
        <time>2026-05-22T08:05:24.000Z</time>
        <extensions>
          <ns3:TrackPointExtension>
            <ns3:atemp>24.0</ns3:atemp>
          </ns3:TrackPointExtension>
        </extensions>
      </trkpt>
      <trkpt lat="45.7686384581029415130615234375" lon="4.83775212429463863372802734375">
        <ele>175.8000030517578125</ele>
        <time>2026-05-22T08:05:25.000Z</time>
        <extensions>
          <ns3:TrackPointExtension>
            <ns3:atemp>24.0</ns3:atemp>
          </ns3:TrackPointExtension>
        </extensions>
      </trkpt>
      <trkpt lat="45.76863753609359264373779296875" lon="4.83776603825390338897705078125">
        <ele>175.8000030517578125</ele>
        <time>2026-05-22T08:05:26.000Z</time>
        <extensions>
          <ns3:TrackPointExtension>
            <ns3:atemp>24.0</ns3:atemp>
          </ns3:TrackPointExtension>
        </extensions>
      </trkpt>
      <trkpt lat="45.76863653026521205902099609375" lon="4.83776754699647426605224609375">
        <ele>175.8000030517578125</ele>
        <time>2026-05-22T08:05:27.000Z</time>
        <extensions>
          <ns3:TrackPointExtension>
            <ns3:atemp>25.0</ns3:atemp>
          </ns3:TrackPointExtension>
        </extensions>
      </trkpt>
      <trkpt lat="45.76863736845552921295166015625" lon="4.8377647809684276580810546875">
        <ele>175.8000030517578125</ele>
        <time>2026-05-22T08:05:28.000Z</time>
        <extensions>
          <ns3:TrackPointExtension>
            <ns3:atemp>24.0</ns3:atemp>
          </ns3:TrackPointExtension>
        </extensions>
      </trkpt>
      <trkpt lat="45.76863594353199005126953125" lon="4.83785723336040973663330078125">
        <ele>175.600006103515625</ele>
        <time>2026-05-22T08:05:47.000Z</time>
        <extensions>
          <ns3:TrackPointExtension>
            <ns3:atemp>25.0</ns3:atemp>
          </ns3:TrackPointExtension>
        </extensions>
      </trkpt>
      <trkpt lat="45.768635608255863189697265625" lon="4.83790299855172634124755859375">
        <ele>175.600006103515625</ele>
        <time>2026-05-22T08:05:48.000Z</time>
        <extensions>
          <ns3:TrackPointExtension>
            <ns3:atemp>25.0</ns3:atemp>
          </ns3:TrackPointExtension>
        </extensions>
      </trkpt>
      <trkpt lat="45.7686307467520236968994140625" lon="4.8379465006291866302490234375">
        <ele>175.8000030517578125</ele>
        <time>2026-05-22T08:05:49.000Z</time>
        <extensions>
          <ns3:TrackPointExtension>
            <ns3:atemp>25.0</ns3:atemp>
          </ns3:TrackPointExtension>
        </extensions>
      </trkpt>
      <trkpt lat="45.76861758716404438018798828125" lon="4.83798396773636341094970703125">
        <ele>175.8000030517578125</ele>
        <time>2026-05-22T08:05:50.000Z</time>
        <extensions>
          <ns3:TrackPointExtension>
            <ns3:atemp>25.0</ns3:atemp>
          </ns3:TrackPointExtension>
        </extensions>
      </trkpt>
      <trkpt lat="45.7686012424528598785400390625" lon="4.83802353031933307647705078125">
        <ele>176</ele>
        <time>2026-05-22T08:05:51.000Z</time>
        <extensions>
          <ns3:TrackPointExtension>
            <ns3:atemp>25.0</ns3:atemp>
          </ns3:TrackPointExtension>
        </extensions>
      </trkpt>
      <trkpt lat="45.768584646284580230712890625" lon="4.83806778676807880401611328125">
        <ele>176</ele>
        <time>2026-05-22T08:05:52.000Z</time>
        <extensions>
          <ns3:TrackPointExtension>
            <ns3:atemp>25.0</ns3:atemp>
          </ns3:TrackPointExtension>
        </extensions>
      </trkpt>
      <trkpt lat="45.76857148669660091400146484375" lon="4.8381117917597293853759765625">
        <ele>176.1999969482421875</ele>
        <time>2026-05-22T08:05:53.000Z</time>
        <extensions>
          <ns3:TrackPointExtension>
            <ns3:atemp>25.0</ns3:atemp>
          </ns3:TrackPointExtension>
        </extensions>
      </trkpt>
      <trkpt lat="45.76856679283082485198974609375" lon="4.83816099353134632110595703125">
        <ele>176.399993896484375</ele>
        <time>2026-05-22T08:05:54.000Z</time>
        <extensions>
          <ns3:TrackPointExtension>
            <ns3:atemp>25.0</ns3:atemp>
          </ns3:TrackPointExtension>
        </extensions>
      </trkpt>
      <trkpt lat="45.76856830157339572906494140625" lon="4.8382106982171535491943359375">
        <ele>176.600006103515625</ele>
        <time>2026-05-22T08:05:55.000Z</time>
        <extensions>
          <ns3:TrackPointExtension>
            <ns3:atemp>25.0</ns3:atemp>
          </ns3:TrackPointExtension>
        </extensions>
      </trkpt>
      <trkpt lat="45.76857064850628376007080078125" lon="4.83825671486556529998779296875">
        <ele>176.8000030517578125</ele>
        <time>2026-05-22T08:05:56.000Z</time>
        <extensions>
          <ns3:TrackPointExtension>
            <ns3:atemp>25.0</ns3:atemp>
          </ns3:TrackPointExtension>
        </extensions>
      </trkpt>
      <trkpt lat="45.7685747556388378143310546875" lon="4.838301055133342742919921875">
        <ele>176.8000030517578125</ele>
        <time>2026-05-22T08:05:57.000Z</time>
        <extensions>
          <ns3:TrackPointExtension>
            <ns3:atemp>25.0</ns3:atemp>
          </ns3:TrackPointExtension>
        </extensions>
      </trkpt>
      <trkpt lat="45.76857768930494785308837890625" lon="4.8383374325931072235107421875">
        <ele>177</ele>
        <time>2026-05-22T08:05:58.000Z</time>
        <extensions>
          <ns3:TrackPointExtension>
            <ns3:atemp>25.0</ns3:atemp>
          </ns3:TrackPointExtension>
        </extensions>
      </trkpt>
      <trkpt lat="45.76857970096170902252197265625" lon="4.83837221749126911163330078125">
        <ele>177.1999969482421875</ele>
        <time>2026-05-22T08:05:59.000Z</time>
        <extensions>
          <ns3:TrackPointExtension>
            <ns3:atemp>25.0</ns3:atemp>
          </ns3:TrackPointExtension>
        </extensions>
      </trkpt>
      <trkpt lat="45.76857986859977245330810546875" lon="4.83840909786522388458251953125">
        <ele>177.1999969482421875</ele>
        <time>2026-05-22T08:06:00.000Z</time>
        <extensions>
          <ns3:TrackPointExtension>
            <ns3:atemp>25.0</ns3:atemp>
          </ns3:TrackPointExtension>
        </extensions>
      </trkpt>
      <trkpt lat="45.76858020387589931488037109375" lon="4.83845092356204986572265625">
        <ele>177.399993896484375</ele>
        <time>2026-05-22T08:06:01.000Z</time>
        <extensions>
          <ns3:TrackPointExtension>
            <ns3:atemp>25.0</ns3:atemp>
          </ns3:TrackPointExtension>
        </extensions>
      </trkpt>
      <trkpt lat="45.76857986859977245330810546875" lon="4.83849392272531986236572265625">
        <ele>177.399993896484375</ele>
        <time>2026-05-22T08:06:02.000Z</time>
        <extensions>
          <ns3:TrackPointExtension>
            <ns3:atemp>25.0</ns3:atemp>
          </ns3:TrackPointExtension>
        </extensions>
      </trkpt>
      <trkpt lat="45.768581964075565338134765625" lon="4.83853717334568500518798828125">
        <ele>177.600006103515625</ele>
        <time>2026-05-22T08:06:03.000Z</time>
        <extensions>
          <ns3:TrackPointExtension>
            <ns3:atemp>25.0</ns3:atemp>
          </ns3:TrackPointExtension>
        </extensions>
      </trkpt>
      <trkpt lat="45.7685814611613750457763671875" lon="4.8385801725089550018310546875">
        <ele>177.8000030517578125</ele>
        <time>2026-05-22T08:06:04.000Z</time>
        <extensions>
          <ns3:TrackPointExtension>
            <ns3:atemp>25.0</ns3:atemp>
          </ns3:TrackPointExtension>
        </extensions>
      </trkpt>
      <trkpt lat="45.76858120970427989959716796875" lon="4.8386232554912567138671875">
        <ele>177.8000030517578125</ele>
        <time>2026-05-22T08:06:05.000Z</time>
        <extensions>
          <ns3:TrackPointExtension>
            <ns3:atemp>25.0</ns3:atemp>
          </ns3:TrackPointExtension>
        </extensions>
      </trkpt>
      <trkpt lat="45.7685807906091213226318359375" lon="4.8386676795780658721923828125">
        <ele>178</ele>
        <time>2026-05-22T08:06:06.000Z</time>
        <extensions>
          <ns3:TrackPointExtension>
            <ns3:atemp>25.0</ns3:atemp>
          </ns3:TrackPointExtension>
        </extensions>
      </trkpt>
      <trkpt lat="45.76857903040945529937744140625" lon="4.838711433112621307373046875">
        <ele>178</ele>
        <time>2026-05-22T08:06:07.000Z</time>
        <extensions>
          <ns3:TrackPointExtension>
            <ns3:atemp>25.0</ns3:atemp>
          </ns3:TrackPointExtension>
        </extensions>
      </trkpt>
      <trkpt lat="45.7685787789523601531982421875" lon="4.83875426463782787322998046875">
        <ele>178.1999969482421875</ele>
        <time>2026-05-22T08:06:08.000Z</time>
        <extensions>
          <ns3:TrackPointExtension>
            <ns3:atemp>25.0</ns3:atemp>
          </ns3:TrackPointExtension>
        </extensions>
      </trkpt>
      <trkpt lat="45.76858003623783588409423828125" lon="4.83879483304917812347412109375">
        <ele>178.1999969482421875</ele>
        <time>2026-05-22T08:06:09.000Z</time>
        <extensions>
          <ns3:TrackPointExtension>
            <ns3:atemp>25.0</ns3:atemp>
          </ns3:TrackPointExtension>
        </extensions>
      </trkpt>
      <trkpt lat="45.76858087442815303802490234375" lon="4.8388378322124481201171875">
        <ele>178.399993896484375</ele>
        <time>2026-05-22T08:06:10.000Z</time>
        <extensions>
          <ns3:TrackPointExtension>
            <ns3:atemp>25.0</ns3:atemp>
          </ns3:TrackPointExtension>
        </extensions>
      </trkpt>
      <trkpt lat="45.7685856521129608154296875" lon="4.83888066373765468597412109375">
        <ele>178.399993896484375</ele>
        <time>2026-05-22T08:06:11.000Z</time>
        <extensions>
          <ns3:TrackPointExtension>
            <ns3:atemp>25.0</ns3:atemp>
          </ns3:TrackPointExtension>
        </extensions>
      </trkpt>
      <trkpt lat="45.768587999045848846435546875" lon="4.83891821466386318206787109375">
        <ele>178.600006103515625</ele>
        <time>2026-05-22T08:06:12.000Z</time>
        <extensions>
          <ns3:TrackPointExtension>
            <ns3:atemp>25.0</ns3:atemp>
          </ns3:TrackPointExtension>
        </extensions>
      </trkpt>
      <trkpt lat="45.76858699321746826171875" lon="4.838958196341991424560546875">
        <ele>178.600006103515625</ele>
        <time>2026-05-22T08:06:13.000Z</time>
        <extensions>
          <ns3:TrackPointExtension>
            <ns3:atemp>25.0</ns3:atemp>
          </ns3:TrackPointExtension>
        </extensions>
      </trkpt>
      <trkpt lat="45.76858690939843654632568359375" lon="4.83899541199207305908203125">
        <ele>178.600006103515625</ele>
        <time>2026-05-22T08:06:14.000Z</time>
        <extensions>
          <ns3:TrackPointExtension>
            <ns3:atemp>25.0</ns3:atemp>
          </ns3:TrackPointExtension>
        </extensions>
      </trkpt>
      <trkpt lat="45.76858506537973880767822265625" lon="4.83903296291828155517578125">
        <ele>178.8000030517578125</ele>
        <time>2026-05-22T08:06:15.000Z</time>
        <extensions>
          <ns3:TrackPointExtension>
            <ns3:atemp>25.0</ns3:atemp>
          </ns3:TrackPointExtension>
        </extensions>
      </trkpt>
      <trkpt lat="45.7685841433703899383544921875" lon="4.83907009474933147430419921875">
        <ele>178.8000030517578125</ele>
        <time>2026-05-22T08:06:16.000Z</time>
        <extensions>
          <ns3:TrackPointExtension>
            <ns3:atemp>25.0</ns3:atemp>
          </ns3:TrackPointExtension>
        </extensions>
      </trkpt>
      <trkpt lat="45.76858573593199253082275390625" lon="4.83910932205617427825927734375">
        <ele>178.8000030517578125</ele>
        <time>2026-05-22T08:06:17.000Z</time>
        <extensions>
          <ns3:TrackPointExtension>
            <ns3:atemp>25.0</ns3:atemp>
          </ns3:TrackPointExtension>
        </extensions>
      </trkpt>
      <trkpt lat="45.768587328493595123291015625" lon="4.8391494713723659515380859375">
        <ele>179</ele>
        <time>2026-05-22T08:06:18.000Z</time>
        <extensions>
          <ns3:TrackPointExtension>
            <ns3:atemp>25.0</ns3:atemp>
          </ns3:TrackPointExtension>
        </extensions>
      </trkpt>
      <trkpt lat="45.7685864903032779693603515625" lon="4.8391917161643505096435546875">
        <ele>179</ele>
        <time>2026-05-22T08:06:19.000Z</time>
        <extensions>
          <ns3:TrackPointExtension>
            <ns3:atemp>25.0</ns3:atemp>
          </ns3:TrackPointExtension>
        </extensions>
      </trkpt>
      <trkpt lat="45.76858690939843654632568359375" lon="4.8392329551279544830322265625">
        <ele>179</ele>
        <time>2026-05-22T08:06:20.000Z</time>
        <extensions>
          <ns3:TrackPointExtension>
            <ns3:atemp>25.0</ns3:atemp>
          </ns3:TrackPointExtension>
        </extensions>
      </trkpt>
      <trkpt lat="45.76858741231262683868408203125" lon="4.83927746303379535675048828125">
        <ele>179</ele>
        <time>2026-05-22T08:06:21.000Z</time>
        <extensions>
          <ns3:TrackPointExtension>
            <ns3:atemp>25.0</ns3:atemp>
          </ns3:TrackPointExtension>
        </extensions>
      </trkpt>
      <trkpt lat="45.7685888372361660003662109375" lon="4.83932121656835079193115234375">
        <ele>179.1999969482421875</ele>
        <time>2026-05-22T08:06:22.000Z</time>
        <extensions>
          <ns3:TrackPointExtension>
            <ns3:atemp>25.0</ns3:atemp>
          </ns3:TrackPointExtension>
        </extensions>
      </trkpt>
      <trkpt lat="45.7685878314077854156494140625" lon="4.83936748467385768890380859375">
        <ele>179.1999969482421875</ele>
        <time>2026-05-22T08:06:23.000Z</time>
        <extensions>
          <ns3:TrackPointExtension>
            <ns3:atemp>25.0</ns3:atemp>
          </ns3:TrackPointExtension>
        </extensions>
      </trkpt>
      <trkpt lat="45.76858540065586566925048828125" lon="4.83941425569355487823486328125">
        <ele>179.1999969482421875</ele>
        <time>2026-05-22T08:06:24.000Z</time>
        <extensions>
          <ns3:TrackPointExtension>
            <ns3:atemp>25.0</ns3:atemp>
          </ns3:TrackPointExtension>
        </extensions>
      </trkpt>
      <trkpt lat="45.7685844786465167999267578125" lon="4.83946002088487148284912109375">
        <ele>179.1999969482421875</ele>
        <time>2026-05-22T08:06:25.000Z</time>
        <extensions>
          <ns3:TrackPointExtension>
            <ns3:atemp>25.0</ns3:atemp>
          </ns3:TrackPointExtension>
        </extensions>
      </trkpt>
      <trkpt lat="45.768585987389087677001953125" lon="4.83950528316199779510498046875">
        <ele>179.1999969482421875</ele>
        <time>2026-05-22T08:06:26.000Z</time>
        <extensions>
          <ns3:TrackPointExtension>
            <ns3:atemp>25.0</ns3:atemp>
          </ns3:TrackPointExtension>
        </extensions>
      </trkpt>
      <trkpt lat="45.76858925633132457733154296875" lon="4.83955222181975841522216796875">
        <ele>179.399993896484375</ele>
        <time>2026-05-22T08:06:27.000Z</time>
        <extensions>
          <ns3:TrackPointExtension>
            <ns3:atemp>25.0</ns3:atemp>
          </ns3:TrackPointExtension>
        </extensions>
      </trkpt>
      <trkpt lat="45.76859076507389545440673828125" lon="4.83960217796266078948974609375">
        <ele>179.399993896484375</ele>
        <time>2026-05-22T08:06:28.000Z</time>
        <extensions>
          <ns3:TrackPointExtension>
            <ns3:atemp>26.0</ns3:atemp>
          </ns3:TrackPointExtension>
        </extensions>
      </trkpt>
      <trkpt lat="45.7685936987400054931640625" lon="4.839652217924594879150390625">
        <ele>179.399993896484375</ele>
        <time>2026-05-22T08:06:29.000Z</time>
        <extensions>
          <ns3:TrackPointExtension>
            <ns3:atemp>26.0</ns3:atemp>
          </ns3:TrackPointExtension>
        </extensions>
      </trkpt>
      <trkpt lat="45.76859462074935436248779296875" lon="4.83969940803945064544677734375">
        <ele>179.399993896484375</ele>
        <time>2026-05-22T08:06:30.000Z</time>
        <extensions>
          <ns3:TrackPointExtension>
            <ns3:atemp>26.0</ns3:atemp>
          </ns3:TrackPointExtension>
        </extensions>
      </trkpt>
      <trkpt lat="45.76859629712998867034912109375" lon="4.839750118553638458251953125">
        <ele>179.399993896484375</ele>
        <time>2026-05-22T08:06:31.000Z</time>
        <extensions>
          <ns3:TrackPointExtension>
            <ns3:atemp>26.0</ns3:atemp>
          </ns3:TrackPointExtension>
        </extensions>
      </trkpt>
      <trkpt lat="45.768595039844512939453125" lon="4.83980007469654083251953125">
        <ele>179.399993896484375</ele>
        <time>2026-05-22T08:06:32.000Z</time>
        <extensions>
          <ns3:TrackPointExtension>
            <ns3:atemp>26.0</ns3:atemp>
          </ns3:TrackPointExtension>
        </extensions>
      </trkpt>
      <trkpt lat="45.76859579421579837799072265625" lon="4.83984994702041149139404296875">
        <ele>179.399993896484375</ele>
        <time>2026-05-22T08:06:33.000Z</time>
        <extensions>
          <ns3:TrackPointExtension>
            <ns3:atemp>26.0</ns3:atemp>
          </ns3:TrackPointExtension>
        </extensions>
      </trkpt>
      <trkpt lat="45.7685958780348300933837890625" lon="4.8399014957249164581298828125">
        <ele>179.399993896484375</ele>
        <time>2026-05-22T08:06:34.000Z</time>
        <extensions>
          <ns3:TrackPointExtension>
            <ns3:atemp>26.0</ns3:atemp>
          </ns3:TrackPointExtension>
        </extensions>
      </trkpt>
      <trkpt lat="45.7685963809490203857421875" lon="4.83995304442942142486572265625">
        <ele>179.399993896484375</ele>
        <time>2026-05-22T08:06:35.000Z</time>
        <extensions>
          <ns3:TrackPointExtension>
            <ns3:atemp>26.0</ns3:atemp>
          </ns3:TrackPointExtension>
        </extensions>
      </trkpt>
      <trkpt lat="45.76859747059643268585205078125" lon="4.8400072753429412841796875">
        <ele>179.399993896484375</ele>
        <time>2026-05-22T08:06:36.000Z</time>
        <extensions>
          <ns3:TrackPointExtension>
            <ns3:atemp>26.0</ns3:atemp>
          </ns3:TrackPointExtension>
        </extensions>
      </trkpt>
      <trkpt lat="45.7685995660722255706787109375" lon="4.8400620929896831512451171875">
        <ele>179.399993896484375</ele>
        <time>2026-05-22T08:06:37.000Z</time>
        <extensions>
          <ns3:TrackPointExtension>
            <ns3:atemp>26.0</ns3:atemp>
          </ns3:TrackPointExtension>
        </extensions>
      </trkpt>
      <trkpt lat="45.76859973371028900146484375" lon="4.840118922293186187744140625">
        <ele>179.399993896484375</ele>
        <time>2026-05-22T08:06:38.000Z</time>
        <extensions>
          <ns3:TrackPointExtension>
            <ns3:atemp>26.0</ns3:atemp>
          </ns3:TrackPointExtension>
        </extensions>
      </trkpt>
      <trkpt lat="45.76859948225319385528564453125" lon="4.8401780985295772552490234375">
        <ele>179.1999969482421875</ele>
        <time>2026-05-22T08:06:39.000Z</time>
        <extensions>
          <ns3:TrackPointExtension>
            <ns3:atemp>26.0</ns3:atemp>
          </ns3:TrackPointExtension>
        </extensions>
      </trkpt>
      <trkpt lat="45.768599398434162139892578125" lon="4.84023618511855602264404296875">
        <ele>179.1999969482421875</ele>
        <time>2026-05-22T08:06:40.000Z</time>
        <extensions>
          <ns3:TrackPointExtension>
            <ns3:atemp>26.0</ns3:atemp>
          </ns3:TrackPointExtension>
        </extensions>
      </trkpt>
      <trkpt lat="45.76860099099576473236083984375" lon="4.8402967862784862518310546875">
        <ele>179.1999969482421875</ele>
        <time>2026-05-22T08:06:41.000Z</time>
        <extensions>
          <ns3:TrackPointExtension>
            <ns3:atemp>26.0</ns3:atemp>
          </ns3:TrackPointExtension>
        </extensions>
      </trkpt>
      <trkpt lat="45.76860115863382816314697265625" lon="4.84035839326679706573486328125">
        <ele>179.1999969482421875</ele>
        <time>2026-05-22T08:06:42.000Z</time>
        <extensions>
          <ns3:TrackPointExtension>
            <ns3:atemp>26.0</ns3:atemp>
          </ns3:TrackPointExtension>
        </extensions>
      </trkpt>
      <trkpt lat="45.76860032044351100921630859375" lon="4.8404248617589473724365234375">
        <ele>179.1999969482421875</ele>
        <time>2026-05-22T08:06:43.000Z</time>
        <extensions>
          <ns3:TrackPointExtension>
            <ns3:atemp>26.0</ns3:atemp>
          </ns3:TrackPointExtension>
        </extensions>
      </trkpt>
      <trkpt lat="45.76860107481479644775390625" lon="4.84049233607947826385498046875">
        <ele>179.1999969482421875</ele>
        <time>2026-05-22T08:06:44.000Z</time>
        <extensions>
          <ns3:TrackPointExtension>
            <ns3:atemp>26.0</ns3:atemp>
          </ns3:TrackPointExtension>
        </extensions>
      </trkpt>
      <trkpt lat="45.768603421747684478759765625" lon="4.84056022949516773223876953125">
        <ele>179.1999969482421875</ele>
        <time>2026-05-22T08:06:45.000Z</time>
        <extensions>
          <ns3:TrackPointExtension>
            <ns3:atemp>26.0</ns3:atemp>
          </ns3:TrackPointExtension>
        </extensions>
      </trkpt>
      <trkpt lat="45.76860375702381134033203125" lon="4.8406290449202060699462890625">
        <ele>179</ele>
        <time>2026-05-22T08:06:46.000Z</time>
        <extensions>
          <ns3:TrackPointExtension>
            <ns3:atemp>26.0</ns3:atemp>
          </ns3:TrackPointExtension>
        </extensions>
      </trkpt>
      <trkpt lat="45.7686049304902553558349609375" lon="4.8407014645636081695556640625">
        <ele>179</ele>
        <time>2026-05-22T08:06:47.000Z</time>
        <extensions>
          <ns3:TrackPointExtension>
            <ns3:atemp>26.0</ns3:atemp>
          </ns3:TrackPointExtension>
        </extensions>
      </trkpt>
      <trkpt lat="45.76860434375703334808349609375" lon="4.84076843596994876861572265625">
        <ele>178.8000030517578125</ele>
        <time>2026-05-22T08:06:48.000Z</time>
        <extensions>
          <ns3:TrackPointExtension>
            <ns3:atemp>26.0</ns3:atemp>
          </ns3:TrackPointExtension>
        </extensions>
      </trkpt>
      <trkpt lat="45.7686032541096210479736328125" lon="4.8408275283873081207275390625">
        <ele>178.600006103515625</ele>
        <time>2026-05-22T08:06:49.000Z</time>
        <extensions>
          <ns3:TrackPointExtension>
            <ns3:atemp>26.0</ns3:atemp>
          </ns3:TrackPointExtension>
        </extensions>
      </trkpt>
      <trkpt lat="45.7686005719006061553955078125" lon="4.84088100492954254150390625">
        <ele>178.600006103515625</ele>
        <time>2026-05-22T08:06:50.000Z</time>
        <extensions>
          <ns3:TrackPointExtension>
            <ns3:atemp>26.0</ns3:atemp>
          </ns3:TrackPointExtension>
        </extensions>
      </trkpt>
      <trkpt lat="45.76858908869326114654541015625" lon="4.84092903323471546173095703125">
        <ele>178.399993896484375</ele>
        <time>2026-05-22T08:06:51.000Z</time>
        <extensions>
          <ns3:TrackPointExtension>
            <ns3:atemp>26.0</ns3:atemp>
          </ns3:TrackPointExtension>
        </extensions>
      </trkpt>
      <trkpt lat="45.76857089996337890625" lon="4.84096876345574855804443359375">
        <ele>178.1999969482421875</ele>
        <time>2026-05-22T08:06:52.000Z</time>
        <extensions>
          <ns3:TrackPointExtension>
            <ns3:atemp>26.0</ns3:atemp>
          </ns3:TrackPointExtension>
        </extensions>
      </trkpt>
      <trkpt lat="45.7685519568622112274169921875" lon="4.8410005308687686920166015625">
        <ele>178</ele>
        <time>2026-05-22T08:06:53.000Z</time>
        <extensions>
          <ns3:TrackPointExtension>
            <ns3:atemp>26.0</ns3:atemp>
          </ns3:TrackPointExtension>
        </extensions>
      </trkpt>
      <trkpt lat="45.76853460632264614105224609375" lon="4.84102726913988590240478515625">
        <ele>177.8000030517578125</ele>
        <time>2026-05-22T08:06:54.000Z</time>
        <extensions>
          <ns3:TrackPointExtension>
            <ns3:atemp>26.0</ns3:atemp>
          </ns3:TrackPointExtension>
        </extensions>
      </trkpt>
      <trkpt lat="45.76851381920278072357177734375" lon="4.84105107374489307403564453125">
        <ele>177.600006103515625</ele>
        <time>2026-05-22T08:06:55.000Z</time>
        <extensions>
          <ns3:TrackPointExtension>
            <ns3:atemp>26.0</ns3:atemp>
          </ns3:TrackPointExtension>
        </extensions>
      </trkpt>
      <trkpt lat="45.76848884113132953643798828125" lon="4.84107077121734619140625">
        <ele>177.600006103515625</ele>
        <time>2026-05-22T08:06:56.000Z</time>
        <extensions>
          <ns3:TrackPointExtension>
            <ns3:atemp>26.0</ns3:atemp>
          </ns3:TrackPointExtension>
        </extensions>
      </trkpt>
      <trkpt lat="45.7684641145169734954833984375" lon="4.84107722528278827667236328125">
        <ele>177.399993896484375</ele>
        <time>2026-05-22T08:06:57.000Z</time>
        <extensions>
          <ns3:TrackPointExtension>
            <ns3:atemp>26.0</ns3:atemp>
          </ns3:TrackPointExtension>
        </extensions>
      </trkpt>
      <trkpt lat="45.7684309221804141998291015625" lon="4.84109382145106792449951171875">
        <ele>177.1999969482421875</ele>
        <time>2026-05-22T08:06:58.000Z</time>
        <extensions>
          <ns3:TrackPointExtension>
            <ns3:atemp>26.0</ns3:atemp>
          </ns3:TrackPointExtension>
        </extensions>
      </trkpt>
      <trkpt lat="45.7683970592916011810302734375" lon="4.84109750948846340179443359375">
        <ele>177.1999969482421875</ele>
        <time>2026-05-22T08:06:59.000Z</time>
        <extensions>
          <ns3:TrackPointExtension>
            <ns3:atemp>26.0</ns3:atemp>
          </ns3:TrackPointExtension>
        </extensions>
      </trkpt>
      <trkpt lat="45.7683608494699001312255859375" lon="4.84110287390649318695068359375">
        <ele>177.1999969482421875</ele>
        <time>2026-05-22T08:07:00.000Z</time>
        <extensions>
          <ns3:TrackPointExtension>
            <ns3:atemp>26.0</ns3:atemp>
          </ns3:TrackPointExtension>
        </extensions>
      </trkpt>
      <trkpt lat="45.76832153834402561187744140625" lon="4.841109327971935272216796875">
        <ele>177</ele>
        <time>2026-05-22T08:07:01.000Z</time>
        <extensions>
          <ns3:TrackPointExtension>
            <ns3:atemp>26.0</ns3:atemp>
          </ns3:TrackPointExtension>
        </extensions>
      </trkpt>
      <trkpt lat="45.76827518641948699951171875" lon="4.841114021837711334228515625">
        <ele>177</ele>
        <time>2026-05-22T08:07:02.000Z</time>
        <extensions>
          <ns3:TrackPointExtension>
            <ns3:atemp>26.0</ns3:atemp>
          </ns3:TrackPointExtension>
        </extensions>
      </trkpt>
      <trkpt lat="45.7682294212281703948974609375" lon="4.8411230742931365966796875">
        <ele>176.8000030517578125</ele>
        <time>2026-05-22T08:07:03.000Z</time>
        <extensions>
          <ns3:TrackPointExtension>
            <ns3:atemp>26.0</ns3:atemp>
          </ns3:TrackPointExtension>
        </extensions>
      </trkpt>
      <trkpt lat="45.7681806385517120361328125" lon="4.84112885780632495880126953125">
        <ele>176.600006103515625</ele>
        <time>2026-05-22T08:07:04.000Z</time>
        <extensions>
          <ns3:TrackPointExtension>
            <ns3:atemp>26.0</ns3:atemp>
          </ns3:TrackPointExtension>
        </extensions>
      </trkpt>
      <trkpt lat="45.76812841929495334625244140625" lon="4.84113447368144989013671875">
        <ele>176.399993896484375</ele>
        <time>2026-05-22T08:07:05.000Z</time>
        <extensions>
          <ns3:TrackPointExtension>
            <ns3:atemp>26.0</ns3:atemp>
          </ns3:TrackPointExtension>
        </extensions>
      </trkpt>
      <trkpt lat="45.76807343401014804840087890625" lon="4.84114344231784343719482421875">
        <ele>176.1999969482421875</ele>
        <time>2026-05-22T08:07:06.000Z</time>
        <extensions>
          <ns3:TrackPointExtension>
            <ns3:atemp>26.0</ns3:atemp>
          </ns3:TrackPointExtension>
        </extensions>
      </trkpt>
      <trkpt lat="45.76801677234470844268798828125" lon="4.841154925525188446044921875">
        <ele>176</ele>
        <time>2026-05-22T08:07:07.000Z</time>
        <extensions>
          <ns3:TrackPointExtension>
            <ns3:atemp>26.0</ns3:atemp>
          </ns3:TrackPointExtension>
        </extensions>
      </trkpt>
      <trkpt lat="45.76795793138444423675537109375" lon="4.84116942621767520904541015625">
        <ele>175.8000030517578125</ele>
        <time>2026-05-22T08:07:08.000Z</time>
        <extensions>
          <ns3:TrackPointExtension>
            <ns3:atemp>26.0</ns3:atemp>
          </ns3:TrackPointExtension>
        </extensions>
      </trkpt>
      <trkpt lat="45.76789422892034053802490234375" lon="4.84118116088211536407470703125">
        <ele>175.600006103515625</ele>
        <time>2026-05-22T08:07:09.000Z</time>
        <extensions>
          <ns3:TrackPointExtension>
            <ns3:atemp>26.0</ns3:atemp>
          </ns3:TrackPointExtension>
        </extensions>
      </trkpt>
      <trkpt lat="45.76782591640949249267578125" lon="4.84119138680398464202880859375">
        <ele>175.399993896484375</ele>
        <time>2026-05-22T08:07:10.000Z</time>
        <extensions>
          <ns3:TrackPointExtension>
            <ns3:atemp>26.0</ns3:atemp>
          </ns3:TrackPointExtension>
        </extensions>
      </trkpt>
      <trkpt lat="45.7677603699266910552978515625" lon="4.84119993634521961212158203125">
        <ele>175</ele>
        <time>2026-05-22T08:07:11.000Z</time>
        <extensions>
          <ns3:TrackPointExtension>
            <ns3:atemp>26.0</ns3:atemp>
          </ns3:TrackPointExtension>
        </extensions>
      </trkpt>
      <trkpt lat="45.7676986791193485260009765625" lon="4.84121762216091156005859375">
        <ele>174.8000030517578125</ele>
        <time>2026-05-22T08:07:12.000Z</time>
        <extensions>
          <ns3:TrackPointExtension>
            <ns3:atemp>26.0</ns3:atemp>
          </ns3:TrackPointExtension>
        </extensions>
      </trkpt>
      <trkpt lat="45.7676457054913043975830078125" lon="4.841238074004650115966796875">
        <ele>174.399993896484375</ele>
        <time>2026-05-22T08:07:13.000Z</time>
        <extensions>
          <ns3:TrackPointExtension>
            <ns3:atemp>26.0</ns3:atemp>
          </ns3:TrackPointExtension>
        </extensions>
      </trkpt>
      <trkpt lat="45.7675930671393871307373046875" lon="4.84125508926808834075927734375">
        <ele>174.1999969482421875</ele>
        <time>2026-05-22T08:07:14.000Z</time>
        <extensions>
          <ns3:TrackPointExtension>
            <ns3:atemp>26.0</ns3:atemp>
          </ns3:TrackPointExtension>
        </extensions>
      </trkpt>
      <trkpt lat="45.76754403300583362579345703125" lon="4.84126347117125988006591796875">
        <ele>174.1999969482421875</ele>
        <time>2026-05-22T08:07:15.000Z</time>
        <extensions>
          <ns3:TrackPointExtension>
            <ns3:atemp>26.0</ns3:atemp>
          </ns3:TrackPointExtension>
        </extensions>
      </trkpt>
      <trkpt lat="45.76749600470066070556640625" lon="4.841268919408321380615234375">
        <ele>174</ele>
        <time>2026-05-22T08:07:16.000Z</time>
        <extensions>
          <ns3:TrackPointExtension>
            <ns3:atemp>26.0</ns3:atemp>
          </ns3:TrackPointExtension>
        </extensions>
      </trkpt>
      <trkpt lat="45.76744780875742435455322265625" lon="4.84127604402601718902587890625">
        <ele>174</ele>
        <time>2026-05-22T08:07:17.000Z</time>
        <extensions>
          <ns3:TrackPointExtension>
            <ns3:atemp>26.0</ns3:atemp>
          </ns3:TrackPointExtension>
        </extensions>
      </trkpt>
      <trkpt lat="45.76739885844290256500244140625" lon="4.841282665729522705078125">
        <ele>174</ele>
        <time>2026-05-22T08:07:18.000Z</time>
        <extensions>
          <ns3:TrackPointExtension>
            <ns3:atemp>26.0</ns3:atemp>
          </ns3:TrackPointExtension>
        </extensions>
      </trkpt>
      <trkpt lat="45.767348818480968475341796875" lon="4.84128928743302822113037109375">
        <ele>173.8000030517578125</ele>
        <time>2026-05-22T08:07:19.000Z</time>
        <extensions>
          <ns3:TrackPointExtension>
            <ns3:atemp>26.0</ns3:atemp>
          </ns3:TrackPointExtension>
        </extensions>
      </trkpt>
      <trkpt lat="45.76729752123355865478515625" lon="4.8412955738604068756103515625">
        <ele>173.8000030517578125</ele>
        <time>2026-05-22T08:07:20.000Z</time>
        <extensions>
          <ns3:TrackPointExtension>
            <ns3:atemp>26.0</ns3:atemp>
          </ns3:TrackPointExtension>
        </extensions>
      </trkpt>
      <trkpt lat="45.76724764890968799591064453125" lon="4.84129984863102436065673828125">
        <ele>173.8000030517578125</ele>
        <time>2026-05-22T08:07:21.000Z</time>
        <extensions>
          <ns3:TrackPointExtension>
            <ns3:atemp>26.0</ns3:atemp>
          </ns3:TrackPointExtension>
        </extensions>
      </trkpt>
      <trkpt lat="45.7671967707574367523193359375" lon="4.8413006030023097991943359375">
        <ele>173.8000030517578125</ele>
        <time>2026-05-22T08:07:22.000Z</time>
        <extensions>
          <ns3:TrackPointExtension>
            <ns3:atemp>26.0</ns3:atemp>
          </ns3:TrackPointExtension>
        </extensions>
      </trkpt>
      <trkpt lat="45.76714572496712207794189453125" lon="4.84130521304905414581298828125">
        <ele>173.600006103515625</ele>
        <time>2026-05-22T08:07:23.000Z</time>
        <extensions>
          <ns3:TrackPointExtension>
            <ns3:atemp>26.0</ns3:atemp>
          </ns3:TrackPointExtension>
        </extensions>
      </trkpt>
      <trkpt lat="45.76709493063390254974365234375" lon="4.84130420722067356109619140625">
        <ele>173.600006103515625</ele>
        <time>2026-05-22T08:07:24.000Z</time>
        <extensions>
          <ns3:TrackPointExtension>
            <ns3:atemp>26.0</ns3:atemp>
          </ns3:TrackPointExtension>
        </extensions>
      </trkpt>
      <trkpt lat="45.76704539358615875244140625" lon="4.841295070946216583251953125">
        <ele>173.600006103515625</ele>
        <time>2026-05-22T08:07:25.000Z</time>
        <extensions>
          <ns3:TrackPointExtension>
            <ns3:atemp>26.0</ns3:atemp>
          </ns3:TrackPointExtension>
        </extensions>
      </trkpt>
      <trkpt lat="45.7669992931187152862548828125" lon="4.8412898741662502288818359375">
        <ele>173.600006103515625</ele>
        <time>2026-05-22T08:07:26.000Z</time>
        <extensions>
          <ns3:TrackPointExtension>
            <ns3:atemp>26.0</ns3:atemp>
          </ns3:TrackPointExtension>
        </extensions>
      </trkpt>
      <trkpt lat="45.7669495046138763427734375" lon="4.84128777869045734405517578125">
        <ele>173.600006103515625</ele>
        <time>2026-05-22T08:07:27.000Z</time>
        <extensions>
          <ns3:TrackPointExtension>
            <ns3:atemp>26.0</ns3:atemp>
          </ns3:TrackPointExtension>
        </extensions>
      </trkpt>
      <trkpt lat="45.76690013520419597625732421875" lon="4.8412907123565673828125">
        <ele>173.600006103515625</ele>
        <time>2026-05-22T08:07:28.000Z</time>
        <extensions>
          <ns3:TrackPointExtension>
            <ns3:atemp>26.0</ns3:atemp>
          </ns3:TrackPointExtension>
        </extensions>
      </trkpt>
      <trkpt lat="45.76684984378516674041748046875" lon="4.8412942327558994293212890625">
        <ele>173.399993896484375</ele>
        <time>2026-05-22T08:07:29.000Z</time>
        <extensions>
          <ns3:TrackPointExtension>
            <ns3:atemp>26.0</ns3:atemp>
          </ns3:TrackPointExtension>
        </extensions>
      </trkpt>
      <trkpt lat="45.76680173166096210479736328125" lon="4.84129750169813632965087890625">
        <ele>173.399993896484375</ele>
        <time>2026-05-22T08:07:30.000Z</time>
        <extensions>
          <ns3:TrackPointExtension>
            <ns3:atemp>26.0</ns3:atemp>
          </ns3:TrackPointExtension>
        </extensions>
      </trkpt>
      <trkpt lat="45.7667545415461063385009765625" lon="4.84130823053419589996337890625">
        <ele>173.399993896484375</ele>
        <time>2026-05-22T08:07:31.000Z</time>
        <extensions>
          <ns3:TrackPointExtension>
            <ns3:atemp>26.0</ns3:atemp>
          </ns3:TrackPointExtension>
        </extensions>
      </trkpt>
      <trkpt lat="45.76670609414577484130859375" lon="4.84131460078060626983642578125">
        <ele>173.399993896484375</ele>
        <time>2026-05-22T08:07:32.000Z</time>
        <extensions>
          <ns3:TrackPointExtension>
            <ns3:atemp>26.0</ns3:atemp>
          </ns3:TrackPointExtension>
        </extensions>
      </trkpt>
      <trkpt lat="45.76666158623993396759033203125" lon="4.8413287661969661712646484375">
        <ele>173.399993896484375</ele>
        <time>2026-05-22T08:07:33.000Z</time>
        <extensions>
          <ns3:TrackPointExtension>
            <ns3:atemp>26.0</ns3:atemp>
          </ns3:TrackPointExtension>
        </extensions>
      </trkpt>
      <trkpt lat="45.7666142284870147705078125" lon="4.84133605845272541046142578125">
        <ele>173.399993896484375</ele>
        <time>2026-05-22T08:07:34.000Z</time>
        <extensions>
          <ns3:TrackPointExtension>
            <ns3:atemp>26.0</ns3:atemp>
          </ns3:TrackPointExtension>
        </extensions>
      </trkpt>
      <trkpt lat="45.76656603254377841949462890625" lon="4.84134008176624774932861328125">
        <ele>173.399993896484375</ele>
        <time>2026-05-22T08:07:35.000Z</time>
        <extensions>
          <ns3:TrackPointExtension>
            <ns3:atemp>26.0</ns3:atemp>
          </ns3:TrackPointExtension>
        </extensions>
      </trkpt>
      <trkpt lat="45.766523368656635284423828125" lon="4.841347374022006988525390625">
        <ele>173.1999969482421875</ele>
        <time>2026-05-22T08:07:36.000Z</time>
        <extensions>
          <ns3:TrackPointExtension>
            <ns3:atemp>26.0</ns3:atemp>
          </ns3:TrackPointExtension>
        </extensions>
      </trkpt>
      <trkpt lat="45.766498558223247528076171875" lon="4.841372184455394744873046875">
        <ele>173.1999969482421875</ele>
        <time>2026-05-22T08:07:37.000Z</time>
        <extensions>
          <ns3:TrackPointExtension>
            <ns3:atemp>26.0</ns3:atemp>
          </ns3:TrackPointExtension>
        </extensions>
      </trkpt>
      <trkpt lat="45.766491852700710296630859375" lon="4.8414031974971294403076171875">
        <ele>173.1999969482421875</ele>
        <time>2026-05-22T08:07:38.000Z</time>
        <extensions>
          <ns3:TrackPointExtension>
            <ns3:atemp>26.0</ns3:atemp>
          </ns3:TrackPointExtension>
        </extensions>
      </trkpt>
      <trkpt lat="45.7664935290813446044921875" lon="4.8414342105388641357421875">
        <ele>173</ele>
        <time>2026-05-22T08:07:39.000Z</time>
        <extensions>
          <ns3:TrackPointExtension>
            <ns3:atemp>26.0</ns3:atemp>
          </ns3:TrackPointExtension>
        </extensions>
      </trkpt>
      <trkpt lat="45.76650367118418216705322265625" lon="4.8414679057896137237548828125">
        <ele>173</ele>
        <time>2026-05-22T08:07:40.000Z</time>
        <extensions>
          <ns3:TrackPointExtension>
            <ns3:atemp>26.0</ns3:atemp>
          </ns3:TrackPointExtension>
        </extensions>
      </trkpt>
      <trkpt lat="45.76651305891573429107666015625" lon="4.84150654636323451995849609375">
        <ele>173</ele>
        <time>2026-05-22T08:07:41.000Z</time>
        <extensions>
          <ns3:TrackPointExtension>
            <ns3:atemp>26.0</ns3:atemp>
          </ns3:TrackPointExtension>
        </extensions>
      </trkpt>
      <trkpt lat="45.76652177609503269195556640625" lon="4.84155021607875823974609375">
        <ele>173</ele>
        <time>2026-05-22T08:07:42.000Z</time>
        <extensions>
          <ns3:TrackPointExtension>
            <ns3:atemp>26.0</ns3:atemp>
          </ns3:TrackPointExtension>
        </extensions>
      </trkpt>
      <trkpt lat="45.766530074179172515869140625" lon="4.8416026867926120758056640625">
        <ele>173</ele>
        <time>2026-05-22T08:07:43.000Z</time>
        <extensions>
          <ns3:TrackPointExtension>
            <ns3:atemp>26.0</ns3:atemp>
          </ns3:TrackPointExtension>
        </extensions>
      </trkpt>
      <trkpt lat="45.76653853990137577056884765625" lon="4.84165758825838565826416015625">
        <ele>172.8000030517578125</ele>
        <time>2026-05-22T08:07:44.000Z</time>
        <extensions>
          <ns3:TrackPointExtension>
            <ns3:atemp>26.0</ns3:atemp>
          </ns3:TrackPointExtension>
        </extensions>
      </trkpt>
      <trkpt lat="45.7665470056235790252685546875" lon="4.84171140007674694061279296875">
        <ele>172.8000030517578125</ele>
        <time>2026-05-22T08:07:45.000Z</time>
        <extensions>
          <ns3:TrackPointExtension>
            <ns3:atemp>26.0</ns3:atemp>
          </ns3:TrackPointExtension>
        </extensions>
      </trkpt>
      <trkpt lat="45.7665552198886871337890625" lon="4.8417649604380130767822265625">
        <ele>172.8000030517578125</ele>
        <time>2026-05-22T08:07:46.000Z</time>
        <extensions>
          <ns3:TrackPointExtension>
            <ns3:atemp>26.0</ns3:atemp>
          </ns3:TrackPointExtension>
        </extensions>
      </trkpt>
      <trkpt lat="45.76656393706798553466796875" lon="4.841822125017642974853515625">
        <ele>172.600006103515625</ele>
        <time>2026-05-22T08:07:47.000Z</time>
        <extensions>
          <ns3:TrackPointExtension>
            <ns3:atemp>26.0</ns3:atemp>
          </ns3:TrackPointExtension>
        </extensions>
      </trkpt>
      <trkpt lat="45.76657189987599849700927734375" lon="4.841882474720478057861328125">
        <ele>172.600006103515625</ele>
        <time>2026-05-22T08:07:48.000Z</time>
        <extensions>
          <ns3:TrackPointExtension>
            <ns3:atemp>26.0</ns3:atemp>
          </ns3:TrackPointExtension>
        </extensions>
      </trkpt>
      <trkpt lat="45.766583047807216644287109375" lon="4.84193938784301280975341796875">
        <ele>172.600006103515625</ele>
        <time>2026-05-22T08:07:49.000Z</time>
        <extensions>
          <ns3:TrackPointExtension>
            <ns3:atemp>26.0</ns3:atemp>
          </ns3:TrackPointExtension>
        </extensions>
      </trkpt>
      <trkpt lat="45.76659210026264190673828125" lon="4.84199286438524723052978515625">
        <ele>172.600006103515625</ele>
        <time>2026-05-22T08:07:50.000Z</time>
        <extensions>
          <ns3:TrackPointExtension>
            <ns3:atemp>26.0</ns3:atemp>
          </ns3:TrackPointExtension>
        </extensions>
      </trkpt>
      <trkpt lat="45.7666016556322574615478515625" lon="4.84204852022230625152587890625">
        <ele>172.600006103515625</ele>
        <time>2026-05-22T08:07:51.000Z</time>
        <extensions>
          <ns3:TrackPointExtension>
            <ns3:atemp>26.0</ns3:atemp>
          </ns3:TrackPointExtension>
        </extensions>
      </trkpt>
      <trkpt lat="45.7666073553264141082763671875" lon="4.8421102948486804962158203125">
        <ele>172.600006103515625</ele>
        <time>2026-05-22T08:07:52.000Z</time>
        <extensions>
          <ns3:TrackPointExtension>
            <ns3:atemp>25.0</ns3:atemp>
          </ns3:TrackPointExtension>
        </extensions>
      </trkpt>
      <trkpt lat="45.76661665923893451690673828125" lon="4.842167794704437255859375">
        <ele>172.600006103515625</ele>
        <time>2026-05-22T08:07:53.000Z</time>
        <extensions>
          <ns3:TrackPointExtension>
            <ns3:atemp>25.0</ns3:atemp>
          </ns3:TrackPointExtension>
        </extensions>
      </trkpt>
      <trkpt lat="45.76662185601890087127685546875" lon="4.84223208390176296234130859375">
        <ele>172.600006103515625</ele>
        <time>2026-05-22T08:07:54.000Z</time>
        <extensions>
          <ns3:TrackPointExtension>
            <ns3:atemp>25.0</ns3:atemp>
          </ns3:TrackPointExtension>
        </extensions>
      </trkpt>
      <trkpt lat="45.766626298427581787109375" lon="4.84229989349842071533203125">
        <ele>172.8000030517578125</ele>
        <time>2026-05-22T08:07:55.000Z</time>
        <extensions>
          <ns3:TrackPointExtension>
            <ns3:atemp>25.0</ns3:atemp>
          </ns3:TrackPointExtension>
        </extensions>
      </trkpt>
      <trkpt lat="45.76663635671138763427734375" lon="4.8423610813915729522705078125">
        <ele>172.8000030517578125</ele>
        <time>2026-05-22T08:07:56.000Z</time>
        <extensions>
          <ns3:TrackPointExtension>
            <ns3:atemp>25.0</ns3:atemp>
          </ns3:TrackPointExtension>
        </extensions>
      </trkpt>
      <trkpt lat="45.7666432298719882965087890625" lon="4.84242059290409088134765625">
        <ele>172.8000030517578125</ele>
        <time>2026-05-22T08:07:57.000Z</time>
        <extensions>
          <ns3:TrackPointExtension>
            <ns3:atemp>25.0</ns3:atemp>
          </ns3:TrackPointExtension>
        </extensions>
      </trkpt>
      <trkpt lat="45.766650103032588958740234375" lon="4.8424764163792133331298828125">
        <ele>172.8000030517578125</ele>
        <time>2026-05-22T08:07:58.000Z</time>
        <extensions>
          <ns3:TrackPointExtension>
            <ns3:atemp>25.0</ns3:atemp>
          </ns3:TrackPointExtension>
        </extensions>
      </trkpt>
      <trkpt lat="45.7666544616222381591796875" lon="4.84253190457820892333984375">
        <ele>172.8000030517578125</ele>
        <time>2026-05-22T08:07:59.000Z</time>
        <extensions>
          <ns3:TrackPointExtension>
            <ns3:atemp>25.0</ns3:atemp>
          </ns3:TrackPointExtension>
        </extensions>
      </trkpt>
      <trkpt lat="45.766662172973155975341796875" lon="4.84258144162595272064208984375">
        <ele>172.8000030517578125</ele>
        <time>2026-05-22T08:08:00.000Z</time>
        <extensions>
          <ns3:TrackPointExtension>
            <ns3:atemp>25.0</ns3:atemp>
          </ns3:TrackPointExtension>
        </extensions>
      </trkpt>
      <trkpt lat="45.76666527427732944488525390625" lon="4.84264791011810302734375">
        <ele>172.8000030517578125</ele>
        <time>2026-05-22T08:08:01.000Z</time>
        <extensions>
          <ns3:TrackPointExtension>
            <ns3:atemp>25.0</ns3:atemp>
          </ns3:TrackPointExtension>
        </extensions>
      </trkpt>
      <trkpt lat="45.76666862703859806060791015625" lon="4.842715971171855926513671875">
        <ele>172.8000030517578125</ele>
        <time>2026-05-22T08:08:02.000Z</time>
        <extensions>
          <ns3:TrackPointExtension>
            <ns3:atemp>25.0</ns3:atemp>
          </ns3:TrackPointExtension>
        </extensions>
      </trkpt>
      <trkpt lat="45.76667256653308868408203125" lon="4.842779338359832763671875">
        <ele>172.8000030517578125</ele>
        <time>2026-05-22T08:08:03.000Z</time>
        <extensions>
          <ns3:TrackPointExtension>
            <ns3:atemp>25.0</ns3:atemp>
          </ns3:TrackPointExtension>
        </extensions>
      </trkpt>
      <trkpt lat="45.766670890152454376220703125" lon="4.8428396880626678466796875">
        <ele>172.8000030517578125</ele>
        <time>2026-05-22T08:08:04.000Z</time>
        <extensions>
          <ns3:TrackPointExtension>
            <ns3:atemp>25.0</ns3:atemp>
          </ns3:TrackPointExtension>
        </extensions>
      </trkpt>
      <trkpt lat="45.76668170280754566192626953125" lon="4.842903055250644683837890625">
        <ele>172.8000030517578125</ele>
        <time>2026-05-22T08:08:05.000Z</time>
        <extensions>
          <ns3:TrackPointExtension>
            <ns3:atemp>25.0</ns3:atemp>
          </ns3:TrackPointExtension>
        </extensions>
      </trkpt>
      <trkpt lat="45.76669025234878063201904296875" lon="4.8429657518863677978515625">
        <ele>172.8000030517578125</ele>
        <time>2026-05-22T08:08:06.000Z</time>
        <extensions>
          <ns3:TrackPointExtension>
            <ns3:atemp>25.0</ns3:atemp>
          </ns3:TrackPointExtension>
        </extensions>
      </trkpt>
      <trkpt lat="45.76670047827064990997314453125" lon="4.8430326394736766815185546875">
        <ele>172.8000030517578125</ele>
        <time>2026-05-22T08:08:07.000Z</time>
        <extensions>
          <ns3:TrackPointExtension>
            <ns3:atemp>25.0</ns3:atemp>
          </ns3:TrackPointExtension>
        </extensions>
      </trkpt>
      <trkpt lat="45.76671070419251918792724609375" lon="4.8431010358035564422607421875">
        <ele>172.8000030517578125</ele>
        <time>2026-05-22T08:08:08.000Z</time>
        <extensions>
          <ns3:TrackPointExtension>
            <ns3:atemp>25.0</ns3:atemp>
          </ns3:TrackPointExtension>
        </extensions>
      </trkpt>
      <trkpt lat="45.7667200081050395965576171875" lon="4.84316624701023101806640625">
        <ele>172.8000030517578125</ele>
        <time>2026-05-22T08:08:09.000Z</time>
        <extensions>
          <ns3:TrackPointExtension>
            <ns3:atemp>25.0</ns3:atemp>
          </ns3:TrackPointExtension>
        </extensions>
      </trkpt>
      <trkpt lat="45.766724534332752227783203125" lon="4.843227602541446685791015625">
        <ele>172.8000030517578125</ele>
        <time>2026-05-22T08:08:10.000Z</time>
        <extensions>
          <ns3:TrackPointExtension>
            <ns3:atemp>25.0</ns3:atemp>
          </ns3:TrackPointExtension>
        </extensions>
      </trkpt>
      <trkpt lat="45.766728557646274566650390625" lon="4.84328485094010829925537109375">
        <ele>172.8000030517578125</ele>
        <time>2026-05-22T08:08:11.000Z</time>
        <extensions>
          <ns3:TrackPointExtension>
            <ns3:atemp>25.0</ns3:atemp>
          </ns3:TrackPointExtension>
        </extensions>
      </trkpt>
      <trkpt lat="45.76673182658851146697998046875" lon="4.84333782456815242767333984375">
        <ele>173</ele>
        <time>2026-05-22T08:08:12.000Z</time>
        <extensions>
          <ns3:TrackPointExtension>
            <ns3:atemp>25.0</ns3:atemp>
          </ns3:TrackPointExtension>
        </extensions>
      </trkpt>
      <trkpt lat="45.7667347602546215057373046875" lon="4.84339213930070400238037109375">
        <ele>173</ele>
        <time>2026-05-22T08:08:13.000Z</time>
        <extensions>
          <ns3:TrackPointExtension>
            <ns3:atemp>25.0</ns3:atemp>
          </ns3:TrackPointExtension>
        </extensions>
      </trkpt>
      <trkpt lat="45.7667349278926849365234375" lon="4.84344461001455783843994140625">
        <ele>173</ele>
        <time>2026-05-22T08:08:14.000Z</time>
        <extensions>
          <ns3:TrackPointExtension>
            <ns3:atemp>25.0</ns3:atemp>
          </ns3:TrackPointExtension>
        </extensions>
      </trkpt>
      <trkpt lat="45.766734592616558074951171875" lon="4.84349825419485569000244140625">
        <ele>173</ele>
        <time>2026-05-22T08:08:15.000Z</time>
        <extensions>
          <ns3:TrackPointExtension>
            <ns3:atemp>25.0</ns3:atemp>
          </ns3:TrackPointExtension>
        </extensions>
      </trkpt>
      <trkpt lat="45.766738951206207275390625" lon="4.843543432652950286865234375">
        <ele>173</ele>
        <time>2026-05-22T08:08:16.000Z</time>
        <extensions>
          <ns3:TrackPointExtension>
            <ns3:atemp>25.0</ns3:atemp>
          </ns3:TrackPointExtension>
        </extensions>
      </trkpt>
      <trkpt lat="45.7667428068816661834716796875" lon="4.8435791395604610443115234375">
        <ele>173</ele>
        <time>2026-05-22T08:08:17.000Z</time>
        <extensions>
          <ns3:TrackPointExtension>
            <ns3:atemp>25.0</ns3:atemp>
          </ns3:TrackPointExtension>
        </extensions>
      </trkpt>
      <trkpt lat="45.7667444832623004913330078125" lon="4.84362465329468250274658203125">
        <ele>173</ele>
        <time>2026-05-22T08:08:18.000Z</time>
        <extensions>
          <ns3:TrackPointExtension>
            <ns3:atemp>25.0</ns3:atemp>
          </ns3:TrackPointExtension>
        </extensions>
      </trkpt>
      <trkpt lat="45.76674976386129856109619140625" lon="4.8436725139617919921875">
        <ele>173</ele>
        <time>2026-05-22T08:08:19.000Z</time>
        <extensions>
          <ns3:TrackPointExtension>
            <ns3:atemp>25.0</ns3:atemp>
          </ns3:TrackPointExtension>
        </extensions>
      </trkpt>
      <trkpt lat="45.7667572237551212310791015625" lon="4.84372423030436038970947265625">
        <ele>173</ele>
        <time>2026-05-22T08:08:20.000Z</time>
        <extensions>
          <ns3:TrackPointExtension>
            <ns3:atemp>25.0</ns3:atemp>
          </ns3:TrackPointExtension>
        </extensions>
      </trkpt>
      <trkpt lat="45.766760073602199554443359375" lon="4.84378038905560970306396484375">
        <ele>173</ele>
        <time>2026-05-22T08:08:21.000Z</time>
        <extensions>
          <ns3:TrackPointExtension>
            <ns3:atemp>25.0</ns3:atemp>
          </ns3:TrackPointExtension>
        </extensions>
      </trkpt>
      <trkpt lat="45.76676719821989536285400390625" lon="4.8438322730362415313720703125">
        <ele>173</ele>
        <time>2026-05-22T08:08:22.000Z</time>
        <extensions>
          <ns3:TrackPointExtension>
            <ns3:atemp>25.0</ns3:atemp>
          </ns3:TrackPointExtension>
        </extensions>
      </trkpt>
      <trkpt lat="45.76677524484694004058837890625" lon="4.84388885088264942169189453125">
        <ele>173</ele>
        <time>2026-05-22T08:08:23.000Z</time>
        <extensions>
          <ns3:TrackPointExtension>
            <ns3:atemp>25.0</ns3:atemp>
          </ns3:TrackPointExtension>
        </extensions>
      </trkpt>
      <trkpt lat="45.7667830400168895721435546875" lon="4.84395272098481655120849609375">
        <ele>173</ele>
        <time>2026-05-22T08:08:24.000Z</time>
        <extensions>
          <ns3:TrackPointExtension>
            <ns3:atemp>25.0</ns3:atemp>
          </ns3:TrackPointExtension>
        </extensions>
      </trkpt>
      <trkpt lat="45.76678664423525333404541015625" lon="4.8440176807343959808349609375">
        <ele>172.8000030517578125</ele>
        <time>2026-05-22T08:08:25.000Z</time>
        <extensions>
          <ns3:TrackPointExtension>
            <ns3:atemp>25.0</ns3:atemp>
          </ns3:TrackPointExtension>
        </extensions>
      </trkpt>
      <trkpt lat="45.76679452322423458099365234375" lon="4.844077192246913909912109375">
        <ele>172.8000030517578125</ele>
        <time>2026-05-22T08:08:26.000Z</time>
        <extensions>
          <ns3:TrackPointExtension>
            <ns3:atemp>25.0</ns3:atemp>
          </ns3:TrackPointExtension>
        </extensions>
      </trkpt>
      <trkpt lat="45.76679334975779056549072265625" lon="4.8441370390355587005615234375">
        <ele>172.8000030517578125</ele>
        <time>2026-05-22T08:08:27.000Z</time>
        <extensions>
          <ns3:TrackPointExtension>
            <ns3:atemp>25.0</ns3:atemp>
          </ns3:TrackPointExtension>
        </extensions>
      </trkpt>
      <trkpt lat="45.76678924262523651123046875" lon="4.84418154694139957427978515625">
        <ele>172.8000030517578125</ele>
        <time>2026-05-22T08:08:28.000Z</time>
        <extensions>
          <ns3:TrackPointExtension>
            <ns3:atemp>25.0</ns3:atemp>
          </ns3:TrackPointExtension>
        </extensions>
      </trkpt>
      <trkpt lat="45.766784213483333587646484375" lon="4.8442185111343860626220703125">
        <ele>172.600006103515625</ele>
        <time>2026-05-22T08:08:29.000Z</time>
        <extensions>
          <ns3:TrackPointExtension>
            <ns3:atemp>25.0</ns3:atemp>
          </ns3:TrackPointExtension>
        </extensions>
      </trkpt>
      <trkpt lat="45.76677457429468631744384765625" lon="4.844246171414852142333984375">
        <ele>172.600006103515625</ele>
        <time>2026-05-22T08:08:30.000Z</time>
        <extensions>
          <ns3:TrackPointExtension>
            <ns3:atemp>25.0</ns3:atemp>
          </ns3:TrackPointExtension>
        </extensions>
      </trkpt>
      <trkpt lat="45.7667622528970241546630859375" lon="4.84426385723054409027099609375">
        <ele>172.600006103515625</ele>
        <time>2026-05-22T08:08:31.000Z</time>
        <extensions>
          <ns3:TrackPointExtension>
            <ns3:atemp>25.0</ns3:atemp>
          </ns3:TrackPointExtension>
        </extensions>
      </trkpt>
      <trkpt lat="45.7667538709938526153564453125" lon="4.84428749419748783111572265625">
        <ele>172.399993896484375</ele>
        <time>2026-05-22T08:08:32.000Z</time>
        <extensions>
          <ns3:TrackPointExtension>
            <ns3:atemp>25.0</ns3:atemp>
          </ns3:TrackPointExtension>
        </extensions>
      </trkpt>
      <trkpt lat="45.7667491771280765533447265625" lon="4.84431750141084194183349609375">
        <ele>172.399993896484375</ele>
        <time>2026-05-22T08:08:33.000Z</time>
        <extensions>
          <ns3:TrackPointExtension>
            <ns3:atemp>25.0</ns3:atemp>
          </ns3:TrackPointExtension>
        </extensions>
      </trkpt>
      <trkpt lat="45.7667511887848377227783203125" lon="4.84435387887060642242431640625">
        <ele>172.399993896484375</ele>
        <time>2026-05-22T08:08:34.000Z</time>
        <extensions>
          <ns3:TrackPointExtension>
            <ns3:atemp>25.0</ns3:atemp>
          </ns3:TrackPointExtension>
        </extensions>
      </trkpt>
      <trkpt lat="45.76675437390804290771484375" lon="4.84438857994973659515380859375">
        <ele>172.399993896484375</ele>
        <time>2026-05-22T08:08:35.000Z</time>
        <extensions>
          <ns3:TrackPointExtension>
            <ns3:atemp>25.0</ns3:atemp>
          </ns3:TrackPointExtension>
        </extensions>
      </trkpt>
      <trkpt lat="45.76676937751471996307373046875" lon="4.84443199820816516876220703125">
        <ele>172.399993896484375</ele>
        <time>2026-05-22T08:08:36.000Z</time>
        <extensions>
          <ns3:TrackPointExtension>
            <ns3:atemp>25.0</ns3:atemp>
          </ns3:TrackPointExtension>
        </extensions>
      </trkpt>
      <trkpt lat="45.76677851378917694091796875" lon="4.844470135867595672607421875">
        <ele>172.399993896484375</ele>
        <time>2026-05-22T08:08:37.000Z</time>
        <extensions>
          <ns3:TrackPointExtension>
            <ns3:atemp>25.0</ns3:atemp>
          </ns3:TrackPointExtension>
        </extensions>
      </trkpt>
      <trkpt lat="45.76679234392940998077392578125" lon="4.8445093631744384765625">
        <ele>172.399993896484375</ele>
        <time>2026-05-22T08:08:38.000Z</time>
        <extensions>
          <ns3:TrackPointExtension>
            <ns3:atemp>25.0</ns3:atemp>
          </ns3:TrackPointExtension>
        </extensions>
      </trkpt>
      <trkpt lat="45.76680206693708896636962890625" lon="4.84455387108027935028076171875">
        <ele>172.399993896484375</ele>
        <time>2026-05-22T08:08:39.000Z</time>
        <extensions>
          <ns3:TrackPointExtension>
            <ns3:atemp>25.0</ns3:atemp>
          </ns3:TrackPointExtension>
        </extensions>
      </trkpt>
      <trkpt lat="45.76681564562022686004638671875" lon="4.84460030682384967803955078125">
        <ele>172.399993896484375</ele>
        <time>2026-05-22T08:08:40.000Z</time>
        <extensions>
          <ns3:TrackPointExtension>
            <ns3:atemp>25.0</ns3:atemp>
          </ns3:TrackPointExtension>
        </extensions>
      </trkpt>
      <trkpt lat="45.76682603918015956878662109375" lon="4.84464573673903942108154296875">
        <ele>172.600006103515625</ele>
        <time>2026-05-22T08:08:41.000Z</time>
        <extensions>
          <ns3:TrackPointExtension>
            <ns3:atemp>25.0</ns3:atemp>
          </ns3:TrackPointExtension>
        </extensions>
      </trkpt>
      <trkpt lat="45.76683391816914081573486328125" lon="4.84469770453870296478271484375">
        <ele>172.600006103515625</ele>
        <time>2026-05-22T08:08:42.000Z</time>
        <extensions>
          <ns3:TrackPointExtension>
            <ns3:atemp>25.0</ns3:atemp>
          </ns3:TrackPointExtension>
        </extensions>
      </trkpt>
      <trkpt lat="45.766845904290676116943359375" lon="4.844748415052890777587890625">
        <ele>172.600006103515625</ele>
        <time>2026-05-22T08:08:43.000Z</time>
        <extensions>
          <ns3:TrackPointExtension>
            <ns3:atemp>25.0</ns3:atemp>
          </ns3:TrackPointExtension>
        </extensions>
      </trkpt>
      <trkpt lat="45.76685403473675251007080078125" lon="4.84479971230030059814453125">
        <ele>172.600006103515625</ele>
        <time>2026-05-22T08:08:44.000Z</time>
        <extensions>
          <ns3:TrackPointExtension>
            <ns3:atemp>25.0</ns3:atemp>
          </ns3:TrackPointExtension>
        </extensions>
      </trkpt>
      <trkpt lat="45.76686191372573375701904296875" lon="4.844849668443202972412109375">
        <ele>172.600006103515625</ele>
        <time>2026-05-22T08:08:45.000Z</time>
        <extensions>
          <ns3:TrackPointExtension>
            <ns3:atemp>25.0</ns3:atemp>
          </ns3:TrackPointExtension>
        </extensions>
      </trkpt>
      <trkpt lat="45.76686828397214412689208984375" lon="4.84489920549094676971435546875">
        <ele>172.600006103515625</ele>
        <time>2026-05-22T08:08:46.000Z</time>
        <extensions>
          <ns3:TrackPointExtension>
            <ns3:atemp>25.0</ns3:atemp>
          </ns3:TrackPointExtension>
        </extensions>
      </trkpt>
      <trkpt lat="45.76687180437147617340087890625" lon="4.84494455158710479736328125">
        <ele>172.8000030517578125</ele>
        <time>2026-05-22T08:08:47.000Z</time>
        <extensions>
          <ns3:TrackPointExtension>
            <ns3:atemp>25.0</ns3:atemp>
          </ns3:TrackPointExtension>
        </extensions>
      </trkpt>
      <trkpt lat="45.7668762467801570892333984375" lon="4.8449940048158168792724609375">
        <ele>172.8000030517578125</ele>
        <time>2026-05-22T08:08:48.000Z</time>
        <extensions>
          <ns3:TrackPointExtension>
            <ns3:atemp>25.0</ns3:atemp>
          </ns3:TrackPointExtension>
        </extensions>
      </trkpt>
      <trkpt lat="45.766883790493011474609375" lon="4.84504513442516326904296875">
        <ele>172.8000030517578125</ele>
        <time>2026-05-22T08:08:49.000Z</time>
        <extensions>
          <ns3:TrackPointExtension>
            <ns3:atemp>25.0</ns3:atemp>
          </ns3:TrackPointExtension>
        </extensions>
      </trkpt>
      <trkpt lat="45.76689074747264385223388671875" lon="4.8450981080532073974609375">
        <ele>172.8000030517578125</ele>
        <time>2026-05-22T08:08:50.000Z</time>
        <extensions>
          <ns3:TrackPointExtension>
            <ns3:atemp>25.0</ns3:atemp>
          </ns3:TrackPointExtension>
        </extensions>
      </trkpt>
      <trkpt lat="45.76689627952873706817626953125" lon="4.845152758061885833740234375">
        <ele>172.8000030517578125</ele>
        <time>2026-05-22T08:08:51.000Z</time>
        <extensions>
          <ns3:TrackPointExtension>
            <ns3:atemp>25.0</ns3:atemp>
          </ns3:TrackPointExtension>
        </extensions>
      </trkpt>
      <trkpt lat="45.7669040746986865997314453125" lon="4.84521168284118175506591796875">
        <ele>172.8000030517578125</ele>
        <time>2026-05-22T08:08:52.000Z</time>
        <extensions>
          <ns3:TrackPointExtension>
            <ns3:atemp>25.0</ns3:atemp>
          </ns3:TrackPointExtension>
        </extensions>
      </trkpt>
      <trkpt lat="45.766907595098018646240234375" lon="4.84527018852531909942626953125">
        <ele>172.8000030517578125</ele>
        <time>2026-05-22T08:08:53.000Z</time>
        <extensions>
          <ns3:TrackPointExtension>
            <ns3:atemp>25.0</ns3:atemp>
          </ns3:TrackPointExtension>
        </extensions>
      </trkpt>
      <trkpt lat="45.7669131271541118621826171875" lon="4.84532140195369720458984375">
        <ele>173</ele>
        <time>2026-05-22T08:08:54.000Z</time>
        <extensions>
          <ns3:TrackPointExtension>
            <ns3:atemp>25.0</ns3:atemp>
          </ns3:TrackPointExtension>
        </extensions>
      </trkpt>
      <trkpt lat="45.76691220514476299285888671875" lon="4.84536758624017238616943359375">
        <ele>173</ele>
        <time>2026-05-22T08:08:55.000Z</time>
        <extensions>
          <ns3:TrackPointExtension>
            <ns3:atemp>25.0</ns3:atemp>
          </ns3:TrackPointExtension>
        </extensions>
      </trkpt>
      <trkpt lat="45.76690994203090667724609375" lon="4.84541720710694789886474609375">
        <ele>173</ele>
        <time>2026-05-22T08:08:56.000Z</time>
        <extensions>
          <ns3:TrackPointExtension>
            <ns3:atemp>25.0</ns3:atemp>
          </ns3:TrackPointExtension>
        </extensions>
      </trkpt>
      <trkpt lat="45.766905248165130615234375" lon="4.8454623855650424957275390625">
        <ele>173</ele>
        <time>2026-05-22T08:08:57.000Z</time>
        <extensions>
          <ns3:TrackPointExtension>
            <ns3:atemp>25.0</ns3:atemp>
          </ns3:TrackPointExtension>
        </extensions>
      </trkpt>
      <trkpt lat="45.76690164394676685333251953125" lon="4.845516867935657501220703125">
        <ele>173.1999969482421875</ele>
        <time>2026-05-22T08:08:58.000Z</time>
        <extensions>
          <ns3:TrackPointExtension>
            <ns3:atemp>25.0</ns3:atemp>
          </ns3:TrackPointExtension>
        </extensions>
      </trkpt>
      <trkpt lat="45.7669023983180522918701171875" lon="4.84556615352630615234375">
        <ele>173.1999969482421875</ele>
        <time>2026-05-22T08:08:59.000Z</time>
        <extensions>
          <ns3:TrackPointExtension>
            <ns3:atemp>25.0</ns3:atemp>
          </ns3:TrackPointExtension>
        </extensions>
      </trkpt>
      <trkpt lat="45.76690516434609889984130859375" lon="4.84562323428690433502197265625">
        <ele>173.1999969482421875</ele>
        <time>2026-05-22T08:09:00.000Z</time>
        <extensions>
          <ns3:TrackPointExtension>
            <ns3:atemp>25.0</ns3:atemp>
          </ns3:TrackPointExtension>
        </extensions>
      </trkpt>
      <trkpt lat="45.76691128313541412353515625" lon="4.8456779681146144866943359375">
        <ele>173.1999969482421875</ele>
        <time>2026-05-22T08:09:01.000Z</time>
        <extensions>
          <ns3:TrackPointExtension>
            <ns3:atemp>25.0</ns3:atemp>
          </ns3:TrackPointExtension>
        </extensions>
      </trkpt>
      <trkpt lat="45.76692201197147369384765625" lon="4.845734797418117523193359375">
        <ele>173.1999969482421875</ele>
        <time>2026-05-22T08:09:02.000Z</time>
        <extensions>
          <ns3:TrackPointExtension>
            <ns3:atemp>25.0</ns3:atemp>
          </ns3:TrackPointExtension>
        </extensions>
      </trkpt>
      <trkpt lat="45.76693232171237468719482421875" lon="4.8457996733486652374267578125">
        <ele>173.1999969482421875</ele>
        <time>2026-05-22T08:09:03.000Z</time>
        <extensions>
          <ns3:TrackPointExtension>
            <ns3:atemp>25.0</ns3:atemp>
          </ns3:TrackPointExtension>
        </extensions>
      </trkpt>
      <trkpt lat="45.7669483311474323272705078125" lon="4.84587393701076507568359375">
        <ele>173.1999969482421875</ele>
        <time>2026-05-22T08:09:04.000Z</time>
        <extensions>
          <ns3:TrackPointExtension>
            <ns3:atemp>25.0</ns3:atemp>
          </ns3:TrackPointExtension>
        </extensions>
      </trkpt>
      <trkpt lat="45.7669607363641262054443359375" lon="4.84594778157770633697509765625">
        <ele>173</ele>
        <time>2026-05-22T08:09:05.000Z</time>
        <extensions>
          <ns3:TrackPointExtension>
            <ns3:atemp>25.0</ns3:atemp>
          </ns3:TrackPointExtension>
        </extensions>
      </trkpt>
      <trkpt lat="45.76697104610502719879150390625" lon="4.84602053649723529815673828125">
        <ele>173</ele>
        <time>2026-05-22T08:09:06.000Z</time>
        <extensions>
          <ns3:TrackPointExtension>
            <ns3:atemp>25.0</ns3:atemp>
          </ns3:TrackPointExtension>
        </extensions>
      </trkpt>
      <trkpt lat="45.7669835351407527923583984375" lon="4.8460916988551616668701171875">
        <ele>173</ele>
        <time>2026-05-22T08:09:07.000Z</time>
        <extensions>
          <ns3:TrackPointExtension>
            <ns3:atemp>25.0</ns3:atemp>
          </ns3:TrackPointExtension>
        </extensions>
      </trkpt>
      <trkpt lat="45.76699149794876575469970703125" lon="4.84615825116634368896484375">
        <ele>173</ele>
        <time>2026-05-22T08:09:08.000Z</time>
        <extensions>
          <ns3:TrackPointExtension>
            <ns3:atemp>25.0</ns3:atemp>
          </ns3:TrackPointExtension>
        </extensions>
      </trkpt>
      <trkpt lat="45.76699652709066867828369140625" lon="4.8462144099175930023193359375">
        <ele>173</ele>
        <time>2026-05-22T08:09:09.000Z</time>
        <extensions>
          <ns3:TrackPointExtension>
            <ns3:atemp>25.0</ns3:atemp>
          </ns3:TrackPointExtension>
        </extensions>
      </trkpt>
      <trkpt lat="45.76700574718415737152099609375" lon="4.84626813791692256927490234375">
        <ele>173</ele>
        <time>2026-05-22T08:09:10.000Z</time>
        <extensions>
          <ns3:TrackPointExtension>
            <ns3:atemp>25.0</ns3:atemp>
          </ns3:TrackPointExtension>
        </extensions>
      </trkpt>
      <trkpt lat="45.76700784265995025634765625" lon="4.846320189535617828369140625">
        <ele>173</ele>
        <time>2026-05-22T08:09:11.000Z</time>
        <extensions>
          <ns3:TrackPointExtension>
            <ns3:atemp>25.0</ns3:atemp>
          </ns3:TrackPointExtension>
        </extensions>
      </trkpt>
      <trkpt lat="45.76701077632606029510498046875" lon="4.84636084176599979400634765625">
        <ele>172.8000030517578125</ele>
        <time>2026-05-22T08:09:12.000Z</time>
        <extensions>
          <ns3:TrackPointExtension>
            <ns3:atemp>25.0</ns3:atemp>
          </ns3:TrackPointExtension>
        </extensions>
      </trkpt>
      <trkpt lat="45.76701010577380657196044921875" lon="4.84638565219938755035400390625">
        <ele>173</ele>
        <time>2026-05-22T08:09:13.000Z</time>
        <extensions>
          <ns3:TrackPointExtension>
            <ns3:atemp>25.0</ns3:atemp>
          </ns3:TrackPointExtension>
        </extensions>
      </trkpt>
      <trkpt lat="45.7670058310031890869140625" lon="4.846420101821422576904296875">
        <ele>173</ele>
        <time>2026-05-22T08:09:14.000Z</time>
        <extensions>
          <ns3:TrackPointExtension>
            <ns3:atemp>24.0</ns3:atemp>
          </ns3:TrackPointExtension>
        </extensions>
      </trkpt>
      <trkpt lat="45.7670006342232227325439453125" lon="4.84645874239504337310791015625">
        <ele>173</ele>
        <time>2026-05-22T08:09:15.000Z</time>
        <extensions>
          <ns3:TrackPointExtension>
            <ns3:atemp>24.0</ns3:atemp>
          </ns3:TrackPointExtension>
        </extensions>
      </trkpt>
      <trkpt lat="45.7669956050813198089599609375" lon="4.84650584869086742401123046875">
        <ele>173</ele>
        <time>2026-05-22T08:09:16.000Z</time>
        <extensions>
          <ns3:TrackPointExtension>
            <ns3:atemp>24.0</ns3:atemp>
          </ns3:TrackPointExtension>
        </extensions>
      </trkpt>
      <trkpt lat="45.7669942639768123626708984375" lon="4.84655412845313549041748046875">
        <ele>173</ele>
        <time>2026-05-22T08:09:17.000Z</time>
        <extensions>
          <ns3:TrackPointExtension>
            <ns3:atemp>24.0</ns3:atemp>
          </ns3:TrackPointExtension>
        </extensions>
      </trkpt>
      <trkpt lat="45.76699367724359035491943359375" lon="4.84660542570054531097412109375">
        <ele>173</ele>
        <time>2026-05-22T08:09:18.000Z</time>
        <extensions>
          <ns3:TrackPointExtension>
            <ns3:atemp>24.0</ns3:atemp>
          </ns3:TrackPointExtension>
        </extensions>
      </trkpt>
      <trkpt lat="45.76699468307197093963623046875" lon="4.846662841737270355224609375">
        <ele>173</ele>
        <time>2026-05-22T08:09:19.000Z</time>
        <extensions>
          <ns3:TrackPointExtension>
            <ns3:atemp>24.0</ns3:atemp>
          </ns3:TrackPointExtension>
        </extensions>
      </trkpt>
      <trkpt lat="45.76699552126228809356689453125" lon="4.8467149771749973297119140625">
        <ele>173</ele>
        <time>2026-05-22T08:09:20.000Z</time>
        <extensions>
          <ns3:TrackPointExtension>
            <ns3:atemp>24.0</ns3:atemp>
          </ns3:TrackPointExtension>
        </extensions>
      </trkpt>
      <trkpt lat="45.7669999636709690093994140625" lon="4.8467746563255786895751953125">
        <ele>173</ele>
        <time>2026-05-22T08:09:21.000Z</time>
        <extensions>
          <ns3:TrackPointExtension>
            <ns3:atemp>24.0</ns3:atemp>
          </ns3:TrackPointExtension>
        </extensions>
      </trkpt>
      <trkpt lat="45.76700440607964992523193359375" lon="4.8468306474387645721435546875">
        <ele>173</ele>
        <time>2026-05-22T08:09:22.000Z</time>
        <extensions>
          <ns3:TrackPointExtension>
            <ns3:atemp>24.0</ns3:atemp>
          </ns3:TrackPointExtension>
        </extensions>
      </trkpt>
      <trkpt lat="45.76700692065060138702392578125" lon="4.8468871414661407470703125">
        <ele>173</ele>
        <time>2026-05-22T08:09:23.000Z</time>
        <extensions>
          <ns3:TrackPointExtension>
            <ns3:atemp>24.0</ns3:atemp>
          </ns3:TrackPointExtension>
        </extensions>
      </trkpt>
      <trkpt lat="45.7670093514025211334228515625" lon="4.84694556333124637603759765625">
        <ele>173.1999969482421875</ele>
        <time>2026-05-22T08:09:24.000Z</time>
        <extensions>
          <ns3:TrackPointExtension>
            <ns3:atemp>24.0</ns3:atemp>
          </ns3:TrackPointExtension>
        </extensions>
      </trkpt>
      <trkpt lat="45.76701312325894832611083984375" lon="4.8469986207783222198486328125">
        <ele>173.1999969482421875</ele>
        <time>2026-05-22T08:09:25.000Z</time>
        <extensions>
          <ns3:TrackPointExtension>
            <ns3:atemp>24.0</ns3:atemp>
          </ns3:TrackPointExtension>
        </extensions>
      </trkpt>
      <trkpt lat="45.7670177333056926727294921875" lon="4.84705687500536441802978515625">
        <ele>173.1999969482421875</ele>
        <time>2026-05-22T08:09:26.000Z</time>
        <extensions>
          <ns3:TrackPointExtension>
            <ns3:atemp>25.0</ns3:atemp>
          </ns3:TrackPointExtension>
        </extensions>
      </trkpt>
      <trkpt lat="45.76702116988599300384521484375" lon="4.8471102677285671234130859375">
        <ele>173.1999969482421875</ele>
        <time>2026-05-22T08:09:27.000Z</time>
        <extensions>
          <ns3:TrackPointExtension>
            <ns3:atemp>24.0</ns3:atemp>
          </ns3:TrackPointExtension>
        </extensions>
      </trkpt>
      <trkpt lat="45.76702619902789592742919921875" lon="4.84716005623340606689453125">
        <ele>173.1999969482421875</ele>
        <time>2026-05-22T08:09:28.000Z</time>
        <extensions>
          <ns3:TrackPointExtension>
            <ns3:atemp>24.0</ns3:atemp>
          </ns3:TrackPointExtension>
        </extensions>
      </trkpt>
      <trkpt lat="45.76703407801687717437744140625" lon="4.84721998684108257293701171875">
        <ele>173.1999969482421875</ele>
        <time>2026-05-22T08:09:29.000Z</time>
        <extensions>
          <ns3:TrackPointExtension>
            <ns3:atemp>24.0</ns3:atemp>
          </ns3:TrackPointExtension>
        </extensions>
      </trkpt>
      <trkpt lat="45.7670406997203826904296875" lon="4.8472774028778076171875">
        <ele>173.399993896484375</ele>
        <time>2026-05-22T08:09:30.000Z</time>
        <extensions>
          <ns3:TrackPointExtension>
            <ns3:atemp>24.0</ns3:atemp>
          </ns3:TrackPointExtension>
        </extensions>
      </trkpt>
      <trkpt lat="45.76704614795744419097900390625" lon="4.84733347781002521514892578125">
        <ele>173.399993896484375</ele>
        <time>2026-05-22T08:09:31.000Z</time>
        <extensions>
          <ns3:TrackPointExtension>
            <ns3:atemp>24.0</ns3:atemp>
          </ns3:TrackPointExtension>
        </extensions>
      </trkpt>
      <trkpt lat="45.76705201528966426849365234375" lon="4.84738762490451335906982421875">
        <ele>173.399993896484375</ele>
        <time>2026-05-22T08:09:32.000Z</time>
        <extensions>
          <ns3:TrackPointExtension>
            <ns3:atemp>24.0</ns3:atemp>
          </ns3:TrackPointExtension>
        </extensions>
      </trkpt>
      <trkpt lat="45.7670583017170429229736328125" lon="4.84744059853255748748779296875">
        <ele>173.399993896484375</ele>
        <time>2026-05-22T08:09:33.000Z</time>
        <extensions>
          <ns3:TrackPointExtension>
            <ns3:atemp>24.0</ns3:atemp>
          </ns3:TrackPointExtension>
        </extensions>
      </trkpt>
      <trkpt lat="45.7670683600008487701416015625" lon="4.84749876894056797027587890625">
        <ele>173.399993896484375</ele>
        <time>2026-05-22T08:09:34.000Z</time>
        <extensions>
          <ns3:TrackPointExtension>
            <ns3:atemp>24.0</ns3:atemp>
          </ns3:TrackPointExtension>
        </extensions>
      </trkpt>
      <trkpt lat="45.7670750655233860015869140625" lon="4.84756280668079853057861328125">
        <ele>173.399993896484375</ele>
        <time>2026-05-22T08:09:35.000Z</time>
        <extensions>
          <ns3:TrackPointExtension>
            <ns3:atemp>24.0</ns3:atemp>
          </ns3:TrackPointExtension>
        </extensions>
      </trkpt>
      <trkpt lat="45.7670770771801471710205078125" lon="4.84762164764106273651123046875">
        <ele>173.399993896484375</ele>
        <time>2026-05-22T08:09:36.000Z</time>
        <extensions>
          <ns3:TrackPointExtension>
            <ns3:atemp>24.0</ns3:atemp>
          </ns3:TrackPointExtension>
        </extensions>
      </trkpt>
      <trkpt lat="45.767085961997509002685546875" lon="4.847676046192646026611328125">
        <ele>173.399993896484375</ele>
        <time>2026-05-22T08:09:37.000Z</time>
        <extensions>
          <ns3:TrackPointExtension>
            <ns3:atemp>24.0</ns3:atemp>
          </ns3:TrackPointExtension>
        </extensions>
      </trkpt>
      <trkpt lat="45.76709459535777568817138671875" lon="4.84772558324038982391357421875">
        <ele>173.399993896484375</ele>
        <time>2026-05-22T08:09:38.000Z</time>
        <extensions>
          <ns3:TrackPointExtension>
            <ns3:atemp>24.0</ns3:atemp>
          </ns3:TrackPointExtension>
        </extensions>
      </trkpt>
      <trkpt lat="45.76710431836545467376708984375" lon="4.84778375364840030670166015625">
        <ele>173.399993896484375</ele>
        <time>2026-05-22T08:09:39.000Z</time>
        <extensions>
          <ns3:TrackPointExtension>
            <ns3:atemp>24.0</ns3:atemp>
          </ns3:TrackPointExtension>
        </extensions>
      </trkpt>
      <trkpt lat="45.76711337082087993621826171875" lon="4.8478448577225208282470703125">
        <ele>173.399993896484375</ele>
        <time>2026-05-22T08:09:40.000Z</time>
        <extensions>
          <ns3:TrackPointExtension>
            <ns3:atemp>24.0</ns3:atemp>
          </ns3:TrackPointExtension>
        </extensions>
      </trkpt>
      <trkpt lat="45.7671196572482585906982421875" lon="4.8478974960744380950927734375">
        <ele>173.399993896484375</ele>
        <time>2026-05-22T08:09:41.000Z</time>
        <extensions>
          <ns3:TrackPointExtension>
            <ns3:atemp>24.0</ns3:atemp>
          </ns3:TrackPointExtension>
        </extensions>
      </trkpt>
      <trkpt lat="45.7671260274946689605712890625" lon="4.84795675612986087799072265625">
        <ele>173.399993896484375</ele>
        <time>2026-05-22T08:09:42.000Z</time>
        <extensions>
          <ns3:TrackPointExtension>
            <ns3:atemp>24.0</ns3:atemp>
          </ns3:TrackPointExtension>
        </extensions>
      </trkpt>
      <trkpt lat="45.767128206789493560791015625" lon="4.84801677055656909942626953125">
        <ele>173.399993896484375</ele>
        <time>2026-05-22T08:09:43.000Z</time>
        <extensions>
          <ns3:TrackPointExtension>
            <ns3:atemp>24.0</ns3:atemp>
          </ns3:TrackPointExtension>
        </extensions>
      </trkpt>
      <trkpt lat="45.76713415794074535369873046875" lon="4.84808114357292652130126953125">
        <ele>173.399993896484375</ele>
        <time>2026-05-22T08:09:44.000Z</time>
        <extensions>
          <ns3:TrackPointExtension>
            <ns3:atemp>24.0</ns3:atemp>
          </ns3:TrackPointExtension>
        </extensions>
      </trkpt>
      <trkpt lat="45.76714086346328258514404296875" lon="4.8481375537812709808349609375">
        <ele>173.399993896484375</ele>
        <time>2026-05-22T08:09:45.000Z</time>
        <extensions>
          <ns3:TrackPointExtension>
            <ns3:atemp>24.0</ns3:atemp>
          </ns3:TrackPointExtension>
        </extensions>
      </trkpt>
      <trkpt lat="45.76714673079550266265869140625" lon="4.84820284880697727203369140625">
        <ele>173.399993896484375</ele>
        <time>2026-05-22T08:09:46.000Z</time>
        <extensions>
          <ns3:TrackPointExtension>
            <ns3:atemp>24.0</ns3:atemp>
          </ns3:TrackPointExtension>
        </extensions>
      </trkpt>
      <trkpt lat="45.7671498320996761322021484375" lon="4.84826906584203243255615234375">
        <ele>173.399993896484375</ele>
        <time>2026-05-22T08:09:47.000Z</time>
        <extensions>
          <ns3:TrackPointExtension>
            <ns3:atemp>24.0</ns3:atemp>
          </ns3:TrackPointExtension>
        </extensions>
      </trkpt>
      <trkpt lat="45.76715494506061077117919921875" lon="4.848333187401294708251953125">
        <ele>173.399993896484375</ele>
        <time>2026-05-22T08:09:48.000Z</time>
        <extensions>
          <ns3:TrackPointExtension>
            <ns3:atemp>24.0</ns3:atemp>
          </ns3:TrackPointExtension>
        </extensions>
      </trkpt>
      <trkpt lat="45.767156369984149932861328125" lon="4.84840334393084049224853515625">
        <ele>173.399993896484375</ele>
        <time>2026-05-22T08:09:49.000Z</time>
        <extensions>
          <ns3:TrackPointExtension>
            <ns3:atemp>24.0</ns3:atemp>
          </ns3:TrackPointExtension>
        </extensions>
      </trkpt>
      <trkpt lat="45.7671588845551013946533203125" lon="4.84846704639494419097900390625">
        <ele>173.399993896484375</ele>
        <time>2026-05-22T08:09:50.000Z</time>
        <extensions>
          <ns3:TrackPointExtension>
            <ns3:atemp>24.0</ns3:atemp>
          </ns3:TrackPointExtension>
        </extensions>
      </trkpt>
      <trkpt lat="45.767161734402179718017578125" lon="4.84852798283100128173828125">
        <ele>173.399993896484375</ele>
        <time>2026-05-22T08:09:51.000Z</time>
        <extensions>
          <ns3:TrackPointExtension>
            <ns3:atemp>24.0</ns3:atemp>
          </ns3:TrackPointExtension>
        </extensions>
      </trkpt>
      <trkpt lat="45.767166428267955780029296875" lon="4.84859093092381954193115234375">
        <ele>173.399993896484375</ele>
        <time>2026-05-22T08:09:52.000Z</time>
        <extensions>
          <ns3:TrackPointExtension>
            <ns3:atemp>24.0</ns3:atemp>
          </ns3:TrackPointExtension>
        </extensions>
      </trkpt>
      <trkpt lat="45.7671706192195415496826171875" lon="4.84865781851112842559814453125">
        <ele>173.399993896484375</ele>
        <time>2026-05-22T08:09:53.000Z</time>
        <extensions>
          <ns3:TrackPointExtension>
            <ns3:atemp>24.0</ns3:atemp>
          </ns3:TrackPointExtension>
        </extensions>
      </trkpt>
      <trkpt lat="45.76717724092304706573486328125" lon="4.84872537665069103240966796875">
        <ele>173.600006103515625</ele>
        <time>2026-05-22T08:09:54.000Z</time>
        <extensions>
          <ns3:TrackPointExtension>
            <ns3:atemp>24.0</ns3:atemp>
          </ns3:TrackPointExtension>
        </extensions>
      </trkpt>
      <trkpt lat="45.767183862626552581787109375" lon="4.8487923480570316314697265625">
        <ele>173.600006103515625</ele>
        <time>2026-05-22T08:09:55.000Z</time>
        <extensions>
          <ns3:TrackPointExtension>
            <ns3:atemp>24.0</ns3:atemp>
          </ns3:TrackPointExtension>
        </extensions>
      </trkpt>
      <trkpt lat="45.76719165779650211334228515625" lon="4.84885864891111850738525390625">
        <ele>173.600006103515625</ele>
        <time>2026-05-22T08:09:56.000Z</time>
        <extensions>
          <ns3:TrackPointExtension>
            <ns3:atemp>24.0</ns3:atemp>
          </ns3:TrackPointExtension>
        </extensions>
      </trkpt>
      <trkpt lat="45.767200626432895660400390625" lon="4.8489210940897464752197265625">
        <ele>173.600006103515625</ele>
        <time>2026-05-22T08:09:57.000Z</time>
        <extensions>
          <ns3:TrackPointExtension>
            <ns3:atemp>24.0</ns3:atemp>
          </ns3:TrackPointExtension>
        </extensions>
      </trkpt>
      <trkpt lat="45.76721009798347949981689453125" lon="4.848983623087406158447265625">
        <ele>173.399993896484375</ele>
        <time>2026-05-22T08:09:58.000Z</time>
        <extensions>
          <ns3:TrackPointExtension>
            <ns3:atemp>24.0</ns3:atemp>
          </ns3:TrackPointExtension>
        </extensions>
      </trkpt>
      <trkpt lat="45.76721814461052417755126953125" lon="4.84904690645635128021240234375">
        <ele>173.399993896484375</ele>
        <time>2026-05-22T08:09:59.000Z</time>
        <extensions>
          <ns3:TrackPointExtension>
            <ns3:atemp>24.0</ns3:atemp>
          </ns3:TrackPointExtension>
        </extensions>
      </trkpt>
      <trkpt lat="45.767226777970790863037109375" lon="4.8491088487207889556884765625">
        <ele>173.399993896484375</ele>
        <time>2026-05-22T08:10:00.000Z</time>
        <extensions>
          <ns3:TrackPointExtension>
            <ns3:atemp>24.0</ns3:atemp>
          </ns3:TrackPointExtension>
        </extensions>
      </trkpt>
      <trkpt lat="45.76723356731235980987548828125" lon="4.84917682595551013946533203125">
        <ele>173.399993896484375</ele>
        <time>2026-05-22T08:10:01.000Z</time>
        <extensions>
          <ns3:TrackPointExtension>
            <ns3:atemp>24.0</ns3:atemp>
          </ns3:TrackPointExtension>
        </extensions>
      </trkpt>
      <trkpt lat="45.767238847911357879638671875" lon="4.84924404881894588470458984375">
        <ele>173.1999969482421875</ele>
        <time>2026-05-22T08:10:02.000Z</time>
        <extensions>
          <ns3:TrackPointExtension>
            <ns3:atemp>24.0</ns3:atemp>
          </ns3:TrackPointExtension>
        </extensions>
      </trkpt>
      <trkpt lat="45.76724228449165821075439453125" lon="4.84931177459657192230224609375">
        <ele>173.1999969482421875</ele>
        <time>2026-05-22T08:10:03.000Z</time>
        <extensions>
          <ns3:TrackPointExtension>
            <ns3:atemp>24.0</ns3:atemp>
          </ns3:TrackPointExtension>
        </extensions>
      </trkpt>
      <trkpt lat="45.76724597252905368804931640625" lon="4.84937933273613452911376953125">
        <ele>173.1999969482421875</ele>
        <time>2026-05-22T08:10:04.000Z</time>
        <extensions>
          <ns3:TrackPointExtension>
            <ns3:atemp>24.0</ns3:atemp>
          </ns3:TrackPointExtension>
        </extensions>
      </trkpt>
      <trkpt lat="45.76725536026060581207275390625" lon="4.84944605268537998199462890625">
        <ele>173.1999969482421875</ele>
        <time>2026-05-22T08:10:05.000Z</time>
        <extensions>
          <ns3:TrackPointExtension>
            <ns3:atemp>24.0</ns3:atemp>
          </ns3:TrackPointExtension>
        </extensions>
      </trkpt>
      <trkpt lat="45.76726055704057216644287109375" lon="4.84951126389205455780029296875">
        <ele>173.1999969482421875</ele>
        <time>2026-05-22T08:10:06.000Z</time>
        <extensions>
          <ns3:TrackPointExtension>
            <ns3:atemp>24.0</ns3:atemp>
          </ns3:TrackPointExtension>
        </extensions>
      </trkpt>
      <trkpt lat="45.76726877130568027496337890625" lon="4.849569685757160186767578125">
        <ele>173.1999969482421875</ele>
        <time>2026-05-22T08:10:07.000Z</time>
        <extensions>
          <ns3:TrackPointExtension>
            <ns3:atemp>24.0</ns3:atemp>
          </ns3:TrackPointExtension>
        </extensions>
      </trkpt>
      <trkpt lat="45.76727782376110553741455078125" lon="4.84962475486099720001220703125">
        <ele>173</ele>
        <time>2026-05-22T08:10:08.000Z</time>
        <extensions>
          <ns3:TrackPointExtension>
            <ns3:atemp>24.0</ns3:atemp>
          </ns3:TrackPointExtension>
        </extensions>
      </trkpt>
      <trkpt lat="45.767286457121372222900390625" lon="4.84967789612710475921630859375">
        <ele>173</ele>
        <time>2026-05-22T08:10:09.000Z</time>
        <extensions>
          <ns3:TrackPointExtension>
            <ns3:atemp>24.0</ns3:atemp>
          </ns3:TrackPointExtension>
        </extensions>
      </trkpt>
      <trkpt lat="45.76729341410100460052490234375" lon="4.8497321270406246185302734375">
        <ele>173</ele>
        <time>2026-05-22T08:10:10.000Z</time>
        <extensions>
          <ns3:TrackPointExtension>
            <ns3:atemp>24.0</ns3:atemp>
          </ns3:TrackPointExtension>
        </extensions>
      </trkpt>
      <trkpt lat="45.7672997005283832550048828125" lon="4.8497840948402881622314453125">
        <ele>173</ele>
        <time>2026-05-22T08:10:11.000Z</time>
        <extensions>
          <ns3:TrackPointExtension>
            <ns3:atemp>24.0</ns3:atemp>
          </ns3:TrackPointExtension>
        </extensions>
      </trkpt>
      <trkpt lat="45.76730447821319103240966796875" lon="4.8498363979160785675048828125">
        <ele>173</ele>
        <time>2026-05-22T08:10:12.000Z</time>
        <extensions>
          <ns3:TrackPointExtension>
            <ns3:atemp>24.0</ns3:atemp>
          </ns3:TrackPointExtension>
        </extensions>
      </trkpt>
      <trkpt lat="45.76730825006961822509765625" lon="4.84988995827734470367431640625">
        <ele>173</ele>
        <time>2026-05-22T08:10:13.000Z</time>
        <extensions>
          <ns3:TrackPointExtension>
            <ns3:atemp>24.0</ns3:atemp>
          </ns3:TrackPointExtension>
        </extensions>
      </trkpt>
      <trkpt lat="45.767311938107013702392578125" lon="4.84994108788669109344482421875">
        <ele>173</ele>
        <time>2026-05-22T08:10:14.000Z</time>
        <extensions>
          <ns3:TrackPointExtension>
            <ns3:atemp>24.0</ns3:atemp>
          </ns3:TrackPointExtension>
        </extensions>
      </trkpt>
      <trkpt lat="45.767311267554759979248046875" lon="4.84997981227934360504150390625">
        <ele>173</ele>
        <time>2026-05-22T08:10:15.000Z</time>
        <extensions>
          <ns3:TrackPointExtension>
            <ns3:atemp>24.0</ns3:atemp>
          </ns3:TrackPointExtension>
        </extensions>
      </trkpt>
      <trkpt lat="45.76731269247829914093017578125" lon="4.85001099295914173126220703125">
        <ele>173</ele>
        <time>2026-05-22T08:10:16.000Z</time>
        <extensions>
          <ns3:TrackPointExtension>
            <ns3:atemp>24.0</ns3:atemp>
          </ns3:TrackPointExtension>
        </extensions>
      </trkpt>
      <trkpt lat="45.7673131115734577178955078125" lon="4.8500409163534641265869140625">
        <ele>173</ele>
        <time>2026-05-22T08:10:17.000Z</time>
        <extensions>
          <ns3:TrackPointExtension>
            <ns3:atemp>24.0</ns3:atemp>
          </ns3:TrackPointExtension>
        </extensions>
      </trkpt>
      <trkpt lat="45.7673114351928234100341796875" lon="4.85007067210972309112548828125">
        <ele>172.8000030517578125</ele>
        <time>2026-05-22T08:10:18.000Z</time>
        <extensions>
          <ns3:TrackPointExtension>
            <ns3:atemp>24.0</ns3:atemp>
          </ns3:TrackPointExtension>
        </extensions>
      </trkpt>
      <trkpt lat="45.76731587760150432586669921875" lon="4.85010252334177494049072265625">
        <ele>172.8000030517578125</ele>
        <time>2026-05-22T08:10:19.000Z</time>
        <extensions>
          <ns3:TrackPointExtension>
            <ns3:atemp>24.0</ns3:atemp>
          </ns3:TrackPointExtension>
        </extensions>
      </trkpt>
      <trkpt lat="45.76731495559215545654296875" lon="4.85013269819319248199462890625">
        <ele>172.8000030517578125</ele>
        <time>2026-05-22T08:10:20.000Z</time>
        <extensions>
          <ns3:TrackPointExtension>
            <ns3:atemp>24.0</ns3:atemp>
          </ns3:TrackPointExtension>
        </extensions>
      </trkpt>
      <trkpt lat="45.7673188112676143646240234375" lon="4.85015935264527797698974609375">
        <ele>172.8000030517578125</ele>
        <time>2026-05-22T08:10:21.000Z</time>
        <extensions>
          <ns3:TrackPointExtension>
            <ns3:atemp>24.0</ns3:atemp>
          </ns3:TrackPointExtension>
        </extensions>
      </trkpt>
      <trkpt lat="45.7673255167901515960693359375" lon="4.85019070096313953399658203125">
        <ele>172.8000030517578125</ele>
        <time>2026-05-22T08:10:22.000Z</time>
        <extensions>
          <ns3:TrackPointExtension>
            <ns3:atemp>24.0</ns3:atemp>
          </ns3:TrackPointExtension>
        </extensions>
      </trkpt>
      <trkpt lat="45.7673312164843082427978515625" lon="4.85022489912807941436767578125">
        <ele>173</ele>
        <time>2026-05-22T08:10:23.000Z</time>
        <extensions>
          <ns3:TrackPointExtension>
            <ns3:atemp>24.0</ns3:atemp>
          </ns3:TrackPointExtension>
        </extensions>
      </trkpt>
      <trkpt lat="45.7673357427120208740234375" lon="4.850254990160465240478515625">
        <ele>173</ele>
        <time>2026-05-22T08:10:24.000Z</time>
        <extensions>
          <ns3:TrackPointExtension>
            <ns3:atemp>24.0</ns3:atemp>
          </ns3:TrackPointExtension>
        </extensions>
      </trkpt>
      <trkpt lat="45.76733901165425777435302734375" lon="4.85028776340186595916748046875">
        <ele>173</ele>
        <time>2026-05-22T08:10:25.000Z</time>
        <extensions>
          <ns3:TrackPointExtension>
            <ns3:atemp>25.0</ns3:atemp>
          </ns3:TrackPointExtension>
        </extensions>
      </trkpt>
      <trkpt lat="45.76734152622520923614501953125" lon="4.85031559132039546966552734375">
        <ele>173</ele>
        <time>2026-05-22T08:10:26.000Z</time>
        <extensions>
          <ns3:TrackPointExtension>
            <ns3:atemp>24.0</ns3:atemp>
          </ns3:TrackPointExtension>
        </extensions>
      </trkpt>
      <trkpt lat="45.767347812652587890625" lon="4.85034492798149585723876953125">
        <ele>173</ele>
        <time>2026-05-22T08:10:27.000Z</time>
        <extensions>
          <ns3:TrackPointExtension>
            <ns3:atemp>25.0</ns3:atemp>
          </ns3:TrackPointExtension>
        </extensions>
      </trkpt>
      <trkpt lat="45.767346806824207305908203125" lon="4.85037795267999172210693359375">
        <ele>173</ele>
        <time>2026-05-22T08:10:28.000Z</time>
        <extensions>
          <ns3:TrackPointExtension>
            <ns3:atemp>25.0</ns3:atemp>
          </ns3:TrackPointExtension>
        </extensions>
      </trkpt>
      <trkpt lat="45.7673469744622707366943359375" lon="4.85040678642690181732177734375">
        <ele>173.1999969482421875</ele>
        <time>2026-05-22T08:10:29.000Z</time>
        <extensions>
          <ns3:TrackPointExtension>
            <ns3:atemp>25.0</ns3:atemp>
          </ns3:TrackPointExtension>
        </extensions>
      </trkpt>
      <trkpt lat="45.76734286732971668243408203125" lon="4.85043444670736789703369140625">
        <ele>173.1999969482421875</ele>
        <time>2026-05-22T08:10:30.000Z</time>
        <extensions>
          <ns3:TrackPointExtension>
            <ns3:atemp>25.0</ns3:atemp>
          </ns3:TrackPointExtension>
        </extensions>
      </trkpt>
      <trkpt lat="45.76733909547328948974609375" lon="4.85045741312205791473388671875">
        <ele>173.1999969482421875</ele>
        <time>2026-05-22T08:10:31.000Z</time>
        <extensions>
          <ns3:TrackPointExtension>
            <ns3:atemp>25.0</ns3:atemp>
          </ns3:TrackPointExtension>
        </extensions>
      </trkpt>
      <trkpt lat="45.76734269969165325164794921875" lon="4.85048876143991947174072265625">
        <ele>173.1999969482421875</ele>
        <time>2026-05-22T08:10:32.000Z</time>
        <extensions>
          <ns3:TrackPointExtension>
            <ns3:atemp>25.0</ns3:atemp>
          </ns3:TrackPointExtension>
        </extensions>
      </trkpt>
      <trkpt lat="45.7673419453203678131103515625" lon="4.85051658935844898223876953125">
        <ele>173.399993896484375</ele>
        <time>2026-05-22T08:10:33.000Z</time>
        <extensions>
          <ns3:TrackPointExtension>
            <ns3:atemp>25.0</ns3:atemp>
          </ns3:TrackPointExtension>
        </extensions>
      </trkpt>
      <trkpt lat="45.7673406042158603668212890625" lon="4.85054408200085163116455078125">
        <ele>173.1999969482421875</ele>
        <time>2026-05-22T08:10:34.000Z</time>
        <extensions>
          <ns3:TrackPointExtension>
            <ns3:atemp>25.0</ns3:atemp>
          </ns3:TrackPointExtension>
        </extensions>
      </trkpt>
      <trkpt lat="45.7673399336636066436767578125" lon="4.85057677142322063446044921875">
        <ele>173.1999969482421875</ele>
        <time>2026-05-22T08:10:35.000Z</time>
        <extensions>
          <ns3:TrackPointExtension>
            <ns3:atemp>25.0</ns3:atemp>
          </ns3:TrackPointExtension>
        </extensions>
      </trkpt>
      <trkpt lat="45.76734420843422412872314453125" lon="4.8506011627614498138427734375">
        <ele>173.1999969482421875</ele>
        <time>2026-05-22T08:10:36.000Z</time>
        <extensions>
          <ns3:TrackPointExtension>
            <ns3:atemp>25.0</ns3:atemp>
          </ns3:TrackPointExtension>
        </extensions>
      </trkpt>
      <trkpt lat="45.76734370552003383636474609375" lon="4.8506199382245540618896484375">
        <ele>173.1999969482421875</ele>
        <time>2026-05-22T08:10:37.000Z</time>
        <extensions>
          <ns3:TrackPointExtension>
            <ns3:atemp>25.0</ns3:atemp>
          </ns3:TrackPointExtension>
        </extensions>
      </trkpt>
      <trkpt lat="45.76734320260584354400634765625" lon="4.8506249673664569854736328125">
        <ele>173.1999969482421875</ele>
        <time>2026-05-22T08:10:38.000Z</time>
        <extensions>
          <ns3:TrackPointExtension>
            <ns3:atemp>25.0</ns3:atemp>
          </ns3:TrackPointExtension>
        </extensions>
      </trkpt>
      <trkpt lat="45.76733515597879886627197265625" lon="4.85068322159349918365478515625">
        <ele>173.1999969482421875</ele>
        <time>2026-05-22T08:10:56.000Z</time>
        <extensions>
          <ns3:TrackPointExtension>
            <ns3:atemp>25.0</ns3:atemp>
          </ns3:TrackPointExtension>
        </extensions>
      </trkpt>
      <trkpt lat="45.7673384249210357666015625" lon="4.85072211362421512603759765625">
        <ele>173.1999969482421875</ele>
        <time>2026-05-22T08:10:57.000Z</time>
        <extensions>
          <ns3:TrackPointExtension>
            <ns3:atemp>25.0</ns3:atemp>
          </ns3:TrackPointExtension>
        </extensions>
      </trkpt>
      <trkpt lat="45.76733716763556003570556640625" lon="4.850769303739070892333984375">
        <ele>173.1999969482421875</ele>
        <time>2026-05-22T08:10:58.000Z</time>
        <extensions>
          <ns3:TrackPointExtension>
            <ns3:atemp>25.0</ns3:atemp>
          </ns3:TrackPointExtension>
        </extensions>
      </trkpt>
      <trkpt lat="45.76733901165425777435302734375" lon="4.8508127219974994659423828125">
        <ele>173.1999969482421875</ele>
        <time>2026-05-22T08:10:59.000Z</time>
        <extensions>
          <ns3:TrackPointExtension>
            <ns3:atemp>25.0</ns3:atemp>
          </ns3:TrackPointExtension>
        </extensions>
      </trkpt>
      <trkpt lat="45.767344124615192413330078125" lon="4.8508583195507526397705078125">
        <ele>173.1999969482421875</ele>
        <time>2026-05-22T08:11:00.000Z</time>
        <extensions>
          <ns3:TrackPointExtension>
            <ns3:atemp>25.0</ns3:atemp>
          </ns3:TrackPointExtension>
        </extensions>
      </trkpt>
      <trkpt lat="45.76734839938580989837646484375" lon="4.850901067256927490234375">
        <ele>173.1999969482421875</ele>
        <time>2026-05-22T08:11:01.000Z</time>
        <extensions>
          <ns3:TrackPointExtension>
            <ns3:atemp>25.0</ns3:atemp>
          </ns3:TrackPointExtension>
        </extensions>
      </trkpt>
      <trkpt lat="45.76735393144190311431884765625" lon="4.85095093958079814910888671875">
        <ele>173.1999969482421875</ele>
        <time>2026-05-22T08:11:02.000Z</time>
        <extensions>
          <ns3:TrackPointExtension>
            <ns3:atemp>25.0</ns3:atemp>
          </ns3:TrackPointExtension>
        </extensions>
      </trkpt>
      <trkpt lat="45.7673607207834720611572265625" lon="4.8509998060762882232666015625">
        <ele>173.1999969482421875</ele>
        <time>2026-05-22T08:11:03.000Z</time>
        <extensions>
          <ns3:TrackPointExtension>
            <ns3:atemp>25.0</ns3:atemp>
          </ns3:TrackPointExtension>
        </extensions>
      </trkpt>
      <trkpt lat="45.7673637382686138153076171875" lon="4.8510524444282054901123046875">
        <ele>173.1999969482421875</ele>
        <time>2026-05-22T08:11:04.000Z</time>
        <extensions>
          <ns3:TrackPointExtension>
            <ns3:atemp>25.0</ns3:atemp>
          </ns3:TrackPointExtension>
        </extensions>
      </trkpt>
      <trkpt lat="45.76737128198146820068359375" lon="4.851107932627201080322265625">
        <ele>173.399993896484375</ele>
        <time>2026-05-22T08:11:05.000Z</time>
        <extensions>
          <ns3:TrackPointExtension>
            <ns3:atemp>25.0</ns3:atemp>
          </ns3:TrackPointExtension>
        </extensions>
      </trkpt>
      <trkpt lat="45.76737823896110057830810546875" lon="4.85116484574973583221435546875">
        <ele>173.1999969482421875</ele>
        <time>2026-05-22T08:11:06.000Z</time>
        <extensions>
          <ns3:TrackPointExtension>
            <ns3:atemp>25.0</ns3:atemp>
          </ns3:TrackPointExtension>
        </extensions>
      </trkpt>
      <trkpt lat="45.7673851959407329559326171875" lon="4.851223267614841461181640625">
        <ele>173.1999969482421875</ele>
        <time>2026-05-22T08:11:07.000Z</time>
        <extensions>
          <ns3:TrackPointExtension>
            <ns3:atemp>25.0</ns3:atemp>
          </ns3:TrackPointExtension>
        </extensions>
      </trkpt>
      <trkpt lat="45.76739408075809478759765625" lon="4.85127858817577362060546875">
        <ele>173.1999969482421875</ele>
        <time>2026-05-22T08:11:08.000Z</time>
        <extensions>
          <ns3:TrackPointExtension>
            <ns3:atemp>25.0</ns3:atemp>
          </ns3:TrackPointExtension>
        </extensions>
      </trkpt>
      <trkpt lat="45.76740439049899578094482421875" lon="4.85133399255573749542236328125">
        <ele>173.1999969482421875</ele>
        <time>2026-05-22T08:11:09.000Z</time>
        <extensions>
          <ns3:TrackPointExtension>
            <ns3:atemp>25.0</ns3:atemp>
          </ns3:TrackPointExtension>
        </extensions>
      </trkpt>
      <trkpt lat="45.7674113474786281585693359375" lon="4.85138931311666965484619140625">
        <ele>173.1999969482421875</ele>
        <time>2026-05-22T08:11:10.000Z</time>
        <extensions>
          <ns3:TrackPointExtension>
            <ns3:atemp>25.0</ns3:atemp>
          </ns3:TrackPointExtension>
        </extensions>
      </trkpt>
      <trkpt lat="45.7674210704863071441650390625" lon="4.8514406941831111907958984375">
        <ele>173.1999969482421875</ele>
        <time>2026-05-22T08:11:11.000Z</time>
        <extensions>
          <ns3:TrackPointExtension>
            <ns3:atemp>25.0</ns3:atemp>
          </ns3:TrackPointExtension>
        </extensions>
      </trkpt>
      <trkpt lat="45.76742903329432010650634765625" lon="4.85149140469729900360107421875">
        <ele>173.1999969482421875</ele>
        <time>2026-05-22T08:11:12.000Z</time>
        <extensions>
          <ns3:TrackPointExtension>
            <ns3:atemp>25.0</ns3:atemp>
          </ns3:TrackPointExtension>
        </extensions>
      </trkpt>
      <trkpt lat="45.76743842102587223052978515625" lon="4.8515372537076473236083984375">
        <ele>173.399993896484375</ele>
        <time>2026-05-22T08:11:13.000Z</time>
        <extensions>
          <ns3:TrackPointExtension>
            <ns3:atemp>25.0</ns3:atemp>
          </ns3:TrackPointExtension>
        </extensions>
      </trkpt>
      <trkpt lat="45.76744613237679004669189453125" lon="4.85158779658377170562744140625">
        <ele>173.399993896484375</ele>
        <time>2026-05-22T08:11:14.000Z</time>
        <extensions>
          <ns3:TrackPointExtension>
            <ns3:atemp>25.0</ns3:atemp>
          </ns3:TrackPointExtension>
        </extensions>
      </trkpt>
      <trkpt lat="45.76745602302253246307373046875" lon="4.85164336860179901123046875">
        <ele>173.399993896484375</ele>
        <time>2026-05-22T08:11:15.000Z</time>
        <extensions>
          <ns3:TrackPointExtension>
            <ns3:atemp>25.0</ns3:atemp>
          </ns3:TrackPointExtension>
        </extensions>
      </trkpt>
      <trkpt lat="45.76746792532503604888916015625" lon="4.85169592313468456268310546875">
        <ele>173.399993896484375</ele>
        <time>2026-05-22T08:11:16.000Z</time>
        <extensions>
          <ns3:TrackPointExtension>
            <ns3:atemp>25.0</ns3:atemp>
          </ns3:TrackPointExtension>
        </extensions>
      </trkpt>
      <trkpt lat="45.76746759004890918731689453125" lon="4.851742275059223175048828125">
        <ele>173.399993896484375</ele>
        <time>2026-05-22T08:11:17.000Z</time>
        <extensions>
          <ns3:TrackPointExtension>
            <ns3:atemp>25.0</ns3:atemp>
          </ns3:TrackPointExtension>
        </extensions>
      </trkpt>
      <trkpt lat="45.767447054386138916015625" lon="4.85177219845354557037353515625">
        <ele>173.399993896484375</ele>
        <time>2026-05-22T08:11:18.000Z</time>
        <extensions>
          <ns3:TrackPointExtension>
            <ns3:atemp>25.0</ns3:atemp>
          </ns3:TrackPointExtension>
        </extensions>
      </trkpt>
      <trkpt lat="45.76741679571568965911865234375" lon="4.85178284347057342529296875">
        <ele>173.399993896484375</ele>
        <time>2026-05-22T08:11:19.000Z</time>
        <extensions>
          <ns3:TrackPointExtension>
            <ns3:atemp>25.0</ns3:atemp>
          </ns3:TrackPointExtension>
        </extensions>
      </trkpt>
      <trkpt lat="45.76738025061786174774169921875" lon="4.851791895925998687744140625">
        <ele>173.399993896484375</ele>
        <time>2026-05-22T08:11:20.000Z</time>
        <extensions>
          <ns3:TrackPointExtension>
            <ns3:atemp>25.0</ns3:atemp>
          </ns3:TrackPointExtension>
        </extensions>
      </trkpt>
      <trkpt lat="45.76734001748263835906982421875" lon="4.851795248687267303466796875">
        <ele>173.399993896484375</ele>
        <time>2026-05-22T08:11:21.000Z</time>
        <extensions>
          <ns3:TrackPointExtension>
            <ns3:atemp>25.0</ns3:atemp>
          </ns3:TrackPointExtension>
        </extensions>
      </trkpt>
      <trkpt lat="45.7673017121851444244384765625" lon="4.8518041335046291351318359375">
        <ele>173.399993896484375</ele>
        <time>2026-05-22T08:11:22.000Z</time>
        <extensions>
          <ns3:TrackPointExtension>
            <ns3:atemp>25.0</ns3:atemp>
          </ns3:TrackPointExtension>
        </extensions>
      </trkpt>
      <trkpt lat="45.76726407743990421295166015625" lon="4.85181234776973724365234375">
        <ele>173.399993896484375</ele>
        <time>2026-05-22T08:11:23.000Z</time>
        <extensions>
          <ns3:TrackPointExtension>
            <ns3:atemp>25.0</ns3:atemp>
          </ns3:TrackPointExtension>
        </extensions>
      </trkpt>
      <trkpt lat="45.7672262750566005706787109375" lon="4.851823747158050537109375">
        <ele>173.399993896484375</ele>
        <time>2026-05-22T08:11:24.000Z</time>
        <extensions>
          <ns3:TrackPointExtension>
            <ns3:atemp>25.0</ns3:atemp>
          </ns3:TrackPointExtension>
        </extensions>
      </trkpt>
      <trkpt lat="45.7671947591006755828857421875" lon="4.8518438637256622314453125">
        <ele>173.600006103515625</ele>
        <time>2026-05-22T08:11:25.000Z</time>
        <extensions>
          <ns3:TrackPointExtension>
            <ns3:atemp>25.0</ns3:atemp>
          </ns3:TrackPointExtension>
        </extensions>
      </trkpt>
      <trkpt lat="45.767160393297672271728515625" lon="4.85186062753200531005859375">
        <ele>173.600006103515625</ele>
        <time>2026-05-22T08:11:26.000Z</time>
        <extensions>
          <ns3:TrackPointExtension>
            <ns3:atemp>25.0</ns3:atemp>
          </ns3:TrackPointExtension>
        </extensions>
      </trkpt>
      <trkpt lat="45.76712644658982753753662109375" lon="4.85187537968158721923828125">
        <ele>173.600006103515625</ele>
        <time>2026-05-22T08:11:27.000Z</time>
        <extensions>
          <ns3:TrackPointExtension>
            <ns3:atemp>25.0</ns3:atemp>
          </ns3:TrackPointExtension>
        </extensions>
      </trkpt>
      <trkpt lat="45.76709233224391937255859375" lon="4.85188988037407398223876953125">
        <ele>173.8000030517578125</ele>
        <time>2026-05-22T08:11:28.000Z</time>
        <extensions>
          <ns3:TrackPointExtension>
            <ns3:atemp>25.0</ns3:atemp>
          </ns3:TrackPointExtension>
        </extensions>
      </trkpt>
      <trkpt lat="45.76705972664058208465576171875" lon="4.8519013635814189910888671875">
        <ele>173.8000030517578125</ele>
        <time>2026-05-22T08:11:29.000Z</time>
        <extensions>
          <ns3:TrackPointExtension>
            <ns3:atemp>25.0</ns3:atemp>
          </ns3:TrackPointExtension>
        </extensions>
      </trkpt>
      <trkpt lat="45.7670294679701328277587890625" lon="4.85190899111330509185791015625">
        <ele>173.8000030517578125</ele>
        <time>2026-05-22T08:11:30.000Z</time>
        <extensions>
          <ns3:TrackPointExtension>
            <ns3:atemp>25.0</ns3:atemp>
          </ns3:TrackPointExtension>
        </extensions>
      </trkpt>
      <trkpt lat="45.76700021512806415557861328125" lon="4.85191653482615947723388671875">
        <ele>174</ele>
        <time>2026-05-22T08:11:31.000Z</time>
        <extensions>
          <ns3:TrackPointExtension>
            <ns3:atemp>25.0</ns3:atemp>
          </ns3:TrackPointExtension>
        </extensions>
      </trkpt>
      <trkpt lat="45.7669661007821559906005859375" lon="4.8519295267760753631591796875">
        <ele>174</ele>
        <time>2026-05-22T08:11:32.000Z</time>
        <extensions>
          <ns3:TrackPointExtension>
            <ns3:atemp>25.0</ns3:atemp>
          </ns3:TrackPointExtension>
        </extensions>
      </trkpt>
      <trkpt lat="45.7669305615127086639404296875" lon="4.851934723556041717529296875">
        <ele>174</ele>
        <time>2026-05-22T08:11:33.000Z</time>
        <extensions>
          <ns3:TrackPointExtension>
            <ns3:atemp>25.0</ns3:atemp>
          </ns3:TrackPointExtension>
        </extensions>
      </trkpt>
      <trkpt lat="45.76689192093908786773681640625" lon="4.85193363390862941741943359375">
        <ele>174</ele>
        <time>2026-05-22T08:11:34.000Z</time>
        <extensions>
          <ns3:TrackPointExtension>
            <ns3:atemp>25.0</ns3:atemp>
          </ns3:TrackPointExtension>
        </extensions>
      </trkpt>
      <trkpt lat="45.76685336418449878692626953125" lon="4.85193380154669284820556640625">
        <ele>174</ele>
        <time>2026-05-22T08:11:35.000Z</time>
        <extensions>
          <ns3:TrackPointExtension>
            <ns3:atemp>25.0</ns3:atemp>
          </ns3:TrackPointExtension>
        </extensions>
      </trkpt>
      <trkpt lat="45.76681095175445079803466796875" lon="4.851934053003787994384765625">
        <ele>174</ele>
        <time>2026-05-22T08:11:36.000Z</time>
        <extensions>
          <ns3:TrackPointExtension>
            <ns3:atemp>25.0</ns3:atemp>
          </ns3:TrackPointExtension>
        </extensions>
      </trkpt>
      <trkpt lat="45.76677088625729084014892578125" lon="4.85193581320345401763916015625">
        <ele>174</ele>
        <time>2026-05-22T08:11:37.000Z</time>
        <extensions>
          <ns3:TrackPointExtension>
            <ns3:atemp>25.0</ns3:atemp>
          </ns3:TrackPointExtension>
        </extensions>
      </trkpt>
      <trkpt lat="45.7667371071875095367431640625" lon="4.85193883068859577178955078125">
        <ele>173.8000030517578125</ele>
        <time>2026-05-22T08:11:38.000Z</time>
        <extensions>
          <ns3:TrackPointExtension>
            <ns3:atemp>25.0</ns3:atemp>
          </ns3:TrackPointExtension>
        </extensions>
      </trkpt>
      <trkpt lat="45.76669930480420589447021484375" lon="4.85193170607089996337890625">
        <ele>173.8000030517578125</ele>
        <time>2026-05-22T08:11:39.000Z</time>
        <extensions>
          <ns3:TrackPointExtension>
            <ns3:atemp>25.0</ns3:atemp>
          </ns3:TrackPointExtension>
        </extensions>
      </trkpt>
      <trkpt lat="45.76666493900120258331298828125" lon="4.85192525200545787811279296875">
        <ele>173.8000030517578125</ele>
        <time>2026-05-22T08:11:40.000Z</time>
        <extensions>
          <ns3:TrackPointExtension>
            <ns3:atemp>25.0</ns3:atemp>
          </ns3:TrackPointExtension>
        </extensions>
      </trkpt>
      <trkpt lat="45.76662705279886722564697265625" lon="4.8519234918057918548583984375">
        <ele>173.600006103515625</ele>
        <time>2026-05-22T08:11:41.000Z</time>
        <extensions>
          <ns3:TrackPointExtension>
            <ns3:atemp>25.0</ns3:atemp>
          </ns3:TrackPointExtension>
        </extensions>
      </trkpt>
      <trkpt lat="45.76658665202558040618896484375" lon="4.851925335824489593505859375">
        <ele>173.8000030517578125</ele>
        <time>2026-05-22T08:11:42.000Z</time>
        <extensions>
          <ns3:TrackPointExtension>
            <ns3:atemp>25.0</ns3:atemp>
          </ns3:TrackPointExtension>
        </extensions>
      </trkpt>
      <trkpt lat="45.76654692180454730987548828125" lon="4.85192575491964817047119140625">
        <ele>173.8000030517578125</ele>
        <time>2026-05-22T08:11:43.000Z</time>
        <extensions>
          <ns3:TrackPointExtension>
            <ns3:atemp>25.0</ns3:atemp>
          </ns3:TrackPointExtension>
        </extensions>
      </trkpt>
      <trkpt lat="45.76650853268802165985107421875" lon="4.8519332148134708404541015625">
        <ele>174</ele>
        <time>2026-05-22T08:11:44.000Z</time>
        <extensions>
          <ns3:TrackPointExtension>
            <ns3:atemp>25.0</ns3:atemp>
          </ns3:TrackPointExtension>
        </extensions>
      </trkpt>
      <trkpt lat="45.7664685510098934173583984375" lon="4.85194251872599124908447265625">
        <ele>174</ele>
        <time>2026-05-22T08:11:45.000Z</time>
        <extensions>
          <ns3:TrackPointExtension>
            <ns3:atemp>25.0</ns3:atemp>
          </ns3:TrackPointExtension>
        </extensions>
      </trkpt>
      <trkpt lat="45.766430161893367767333984375" lon="4.85194779932498931884765625">
        <ele>174</ele>
        <time>2026-05-22T08:11:46.000Z</time>
        <extensions>
          <ns3:TrackPointExtension>
            <ns3:atemp>25.0</ns3:atemp>
          </ns3:TrackPointExtension>
        </extensions>
      </trkpt>
      <trkpt lat="45.766393281519412994384765625" lon="4.8519551753997802734375">
        <ele>174.1999969482421875</ele>
        <time>2026-05-22T08:11:47.000Z</time>
        <extensions>
          <ns3:TrackPointExtension>
            <ns3:atemp>25.0</ns3:atemp>
          </ns3:TrackPointExtension>
        </extensions>
      </trkpt>
      <trkpt lat="45.76634827069938182830810546875" lon="4.85196716152131557464599609375">
        <ele>174.1999969482421875</ele>
        <time>2026-05-22T08:11:48.000Z</time>
        <extensions>
          <ns3:TrackPointExtension>
            <ns3:atemp>25.0</ns3:atemp>
          </ns3:TrackPointExtension>
        </extensions>
      </trkpt>
      <trkpt lat="45.76630376279354095458984375" lon="4.85197789035737514495849609375">
        <ele>174.1999969482421875</ele>
        <time>2026-05-22T08:11:49.000Z</time>
        <extensions>
          <ns3:TrackPointExtension>
            <ns3:atemp>25.0</ns3:atemp>
          </ns3:TrackPointExtension>
        </extensions>
      </trkpt>
      <trkpt lat="45.76626109890639781951904296875" lon="4.85197789035737514495849609375">
        <ele>174.1999969482421875</ele>
        <time>2026-05-22T08:11:50.000Z</time>
        <extensions>
          <ns3:TrackPointExtension>
            <ns3:atemp>25.0</ns3:atemp>
          </ns3:TrackPointExtension>
        </extensions>
      </trkpt>
      <trkpt lat="45.76621935702860355377197265625" lon="4.8519806563854217529296875">
        <ele>174.1999969482421875</ele>
        <time>2026-05-22T08:11:51.000Z</time>
        <extensions>
          <ns3:TrackPointExtension>
            <ns3:atemp>25.0</ns3:atemp>
          </ns3:TrackPointExtension>
        </extensions>
      </trkpt>
      <trkpt lat="45.76617828570306301116943359375" lon="4.85198224894702434539794921875">
        <ele>174.399993896484375</ele>
        <time>2026-05-22T08:11:52.000Z</time>
        <extensions>
          <ns3:TrackPointExtension>
            <ns3:atemp>25.0</ns3:atemp>
          </ns3:TrackPointExtension>
        </extensions>
      </trkpt>
      <trkpt lat="45.766139812767505645751953125" lon="4.85198627226054668426513671875">
        <ele>174.399993896484375</ele>
        <time>2026-05-22T08:11:53.000Z</time>
        <extensions>
          <ns3:TrackPointExtension>
            <ns3:atemp>25.0</ns3:atemp>
          </ns3:TrackPointExtension>
        </extensions>
      </trkpt>
      <trkpt lat="45.766095556318759918212890625" lon="4.8519825004041194915771484375">
        <ele>174.399993896484375</ele>
        <time>2026-05-22T08:11:54.000Z</time>
        <extensions>
          <ns3:TrackPointExtension>
            <ns3:atemp>25.0</ns3:atemp>
          </ns3:TrackPointExtension>
        </extensions>
      </trkpt>
      <trkpt lat="45.766055323183536529541015625" lon="4.85198409296572208404541015625">
        <ele>174.399993896484375</ele>
        <time>2026-05-22T08:11:55.000Z</time>
        <extensions>
          <ns3:TrackPointExtension>
            <ns3:atemp>25.0</ns3:atemp>
          </ns3:TrackPointExtension>
        </extensions>
      </trkpt>
      <trkpt lat="45.76601207256317138671875" lon="4.85198803246021270751953125">
        <ele>174.399993896484375</ele>
        <time>2026-05-22T08:11:56.000Z</time>
        <extensions>
          <ns3:TrackPointExtension>
            <ns3:atemp>25.0</ns3:atemp>
          </ns3:TrackPointExtension>
        </extensions>
      </trkpt>
      <trkpt lat="45.76597074978053569793701171875" lon="4.851993061602115631103515625">
        <ele>174.399993896484375</ele>
        <time>2026-05-22T08:11:57.000Z</time>
        <extensions>
          <ns3:TrackPointExtension>
            <ns3:atemp>25.0</ns3:atemp>
          </ns3:TrackPointExtension>
        </extensions>
      </trkpt>
      <trkpt lat="45.7659274153411388397216796875" lon="4.85199272632598876953125">
        <ele>174.399993896484375</ele>
        <time>2026-05-22T08:11:58.000Z</time>
        <extensions>
          <ns3:TrackPointExtension>
            <ns3:atemp>25.0</ns3:atemp>
          </ns3:TrackPointExtension>
        </extensions>
      </trkpt>
      <trkpt lat="45.7658861763775348663330078125" lon="4.85198895446956157684326171875">
        <ele>174.399993896484375</ele>
        <time>2026-05-22T08:11:59.000Z</time>
        <extensions>
          <ns3:TrackPointExtension>
            <ns3:atemp>25.0</ns3:atemp>
          </ns3:TrackPointExtension>
        </extensions>
      </trkpt>
      <trkpt lat="45.7658399082720279693603515625" lon="4.85199599526822566986083984375">
        <ele>174.399993896484375</ele>
        <time>2026-05-22T08:12:00.000Z</time>
        <extensions>
          <ns3:TrackPointExtension>
            <ns3:atemp>25.0</ns3:atemp>
          </ns3:TrackPointExtension>
        </extensions>
      </trkpt>
      <trkpt lat="45.76579305343329906463623046875" lon="4.85201007686555385589599609375">
        <ele>174.1999969482421875</ele>
        <time>2026-05-22T08:12:01.000Z</time>
        <extensions>
          <ns3:TrackPointExtension>
            <ns3:atemp>25.0</ns3:atemp>
          </ns3:TrackPointExtension>
        </extensions>
      </trkpt>
      <trkpt lat="45.76575390994548797607421875" lon="4.852028600871562957763671875">
        <ele>174.1999969482421875</ele>
        <time>2026-05-22T08:12:02.000Z</time>
        <extensions>
          <ns3:TrackPointExtension>
            <ns3:atemp>25.0</ns3:atemp>
          </ns3:TrackPointExtension>
        </extensions>
      </trkpt>
      <trkpt lat="45.76572214253246784210205078125" lon="4.85204276628792285919189453125">
        <ele>174</ele>
        <time>2026-05-22T08:12:03.000Z</time>
        <extensions>
          <ns3:TrackPointExtension>
            <ns3:atemp>25.0</ns3:atemp>
          </ns3:TrackPointExtension>
        </extensions>
      </trkpt>
      <trkpt lat="45.76569146476686000823974609375" lon="4.8520465381443500518798828125">
        <ele>174</ele>
        <time>2026-05-22T08:12:04.000Z</time>
        <extensions>
          <ns3:TrackPointExtension>
            <ns3:atemp>25.0</ns3:atemp>
          </ns3:TrackPointExtension>
        </extensions>
      </trkpt>
      <trkpt lat="45.765669085085391998291015625" lon="4.85205450095236301422119140625">
        <ele>173.8000030517578125</ele>
        <time>2026-05-22T08:12:05.000Z</time>
        <extensions>
          <ns3:TrackPointExtension>
            <ns3:atemp>25.0</ns3:atemp>
          </ns3:TrackPointExtension>
        </extensions>
      </trkpt>
      <trkpt lat="45.76564083807170391082763671875" lon="4.85206388868391513824462890625">
        <ele>173.8000030517578125</ele>
        <time>2026-05-22T08:12:06.000Z</time>
        <extensions>
          <ns3:TrackPointExtension>
            <ns3:atemp>25.0</ns3:atemp>
          </ns3:TrackPointExtension>
        </extensions>
      </trkpt>
      <trkpt lat="45.76561233960092067718505859375" lon="4.85207076184451580047607421875">
        <ele>174</ele>
        <time>2026-05-22T08:12:07.000Z</time>
        <extensions>
          <ns3:TrackPointExtension>
            <ns3:atemp>25.0</ns3:atemp>
          </ns3:TrackPointExtension>
        </extensions>
      </trkpt>
      <trkpt lat="45.76558149419724941253662109375" lon="4.8520780541002750396728515625">
        <ele>174</ele>
        <time>2026-05-22T08:12:08.000Z</time>
        <extensions>
          <ns3:TrackPointExtension>
            <ns3:atemp>25.0</ns3:atemp>
          </ns3:TrackPointExtension>
        </extensions>
      </trkpt>
      <trkpt lat="45.76555073261260986328125" lon="4.8520867712795734405517578125">
        <ele>174</ele>
        <time>2026-05-22T08:12:09.000Z</time>
        <extensions>
          <ns3:TrackPointExtension>
            <ns3:atemp>25.0</ns3:atemp>
          </ns3:TrackPointExtension>
        </extensions>
      </trkpt>
      <trkpt lat="45.76551829464733600616455078125" lon="4.85209406353533267974853515625">
        <ele>174</ele>
        <time>2026-05-22T08:12:10.000Z</time>
        <extensions>
          <ns3:TrackPointExtension>
            <ns3:atemp>25.0</ns3:atemp>
          </ns3:TrackPointExtension>
        </extensions>
      </trkpt>
      <trkpt lat="45.7654818333685398101806640625" lon="4.85210345126688480377197265625">
        <ele>174</ele>
        <time>2026-05-22T08:12:11.000Z</time>
        <extensions>
          <ns3:TrackPointExtension>
            <ns3:atemp>25.0</ns3:atemp>
          </ns3:TrackPointExtension>
        </extensions>
      </trkpt>
      <trkpt lat="45.76543816365301609039306640625" lon="4.85211409628391265869140625">
        <ele>174</ele>
        <time>2026-05-22T08:12:12.000Z</time>
        <extensions>
          <ns3:TrackPointExtension>
            <ns3:atemp>25.0</ns3:atemp>
          </ns3:TrackPointExtension>
        </extensions>
      </trkpt>
      <trkpt lat="45.76539407484233379364013671875" lon="4.85212289728224277496337890625">
        <ele>174.1999969482421875</ele>
        <time>2026-05-22T08:12:13.000Z</time>
        <extensions>
          <ns3:TrackPointExtension>
            <ns3:atemp>25.0</ns3:atemp>
          </ns3:TrackPointExtension>
        </extensions>
      </trkpt>
      <trkpt lat="45.7653564400970935821533203125" lon="4.8521273396909236907958984375">
        <ele>174.1999969482421875</ele>
        <time>2026-05-22T08:12:14.000Z</time>
        <extensions>
          <ns3:TrackPointExtension>
            <ns3:atemp>25.0</ns3:atemp>
          </ns3:TrackPointExtension>
        </extensions>
      </trkpt>
      <trkpt lat="45.76531964354217052459716796875" lon="4.852133207023143768310546875">
        <ele>174.1999969482421875</ele>
        <time>2026-05-22T08:12:15.000Z</time>
        <extensions>
          <ns3:TrackPointExtension>
            <ns3:atemp>25.0</ns3:atemp>
          </ns3:TrackPointExtension>
        </extensions>
      </trkpt>
      <trkpt lat="45.76528427191078662872314453125" lon="4.8521370626986026763916015625">
        <ele>174.1999969482421875</ele>
        <time>2026-05-22T08:12:16.000Z</time>
        <extensions>
          <ns3:TrackPointExtension>
            <ns3:atemp>25.0</ns3:atemp>
          </ns3:TrackPointExtension>
        </extensions>
      </trkpt>
      <trkpt lat="45.765249989926815032958984375" lon="4.852142594754695892333984375">
        <ele>174.1999969482421875</ele>
        <time>2026-05-22T08:12:17.000Z</time>
        <extensions>
          <ns3:TrackPointExtension>
            <ns3:atemp>25.0</ns3:atemp>
          </ns3:TrackPointExtension>
        </extensions>
      </trkpt>
      <trkpt lat="45.7652126066386699676513671875" lon="4.852150641381740570068359375">
        <ele>174.1999969482421875</ele>
        <time>2026-05-22T08:12:18.000Z</time>
        <extensions>
          <ns3:TrackPointExtension>
            <ns3:atemp>25.0</ns3:atemp>
          </ns3:TrackPointExtension>
        </extensions>
      </trkpt>
      <trkpt lat="45.765170864760875701904296875" lon="4.85214804299175739288330078125">
        <ele>174.399993896484375</ele>
        <time>2026-05-22T08:12:19.000Z</time>
        <extensions>
          <ns3:TrackPointExtension>
            <ns3:atemp>25.0</ns3:atemp>
          </ns3:TrackPointExtension>
        </extensions>
      </trkpt>
      <trkpt lat="45.7651217468082904815673828125" lon="4.85215273685753345489501953125">
        <ele>174.399993896484375</ele>
        <time>2026-05-22T08:12:20.000Z</time>
        <extensions>
          <ns3:TrackPointExtension>
            <ns3:atemp>25.0</ns3:atemp>
          </ns3:TrackPointExtension>
        </extensions>
      </trkpt>
      <trkpt lat="45.76507807709276676177978515625" lon="4.85216564498841762542724609375">
        <ele>174.399993896484375</ele>
        <time>2026-05-22T08:12:21.000Z</time>
        <extensions>
          <ns3:TrackPointExtension>
            <ns3:atemp>25.0</ns3:atemp>
          </ns3:TrackPointExtension>
        </extensions>
      </trkpt>
      <trkpt lat="45.7650402747094631195068359375" lon="4.8521710932254791259765625">
        <ele>174.1999969482421875</ele>
        <time>2026-05-22T08:12:22.000Z</time>
        <extensions>
          <ns3:TrackPointExtension>
            <ns3:atemp>25.0</ns3:atemp>
          </ns3:TrackPointExtension>
        </extensions>
      </trkpt>
      <trkpt lat="45.765005238354206085205078125" lon="4.8521786369383335113525390625">
        <ele>174.1999969482421875</ele>
        <time>2026-05-22T08:12:23.000Z</time>
        <extensions>
          <ns3:TrackPointExtension>
            <ns3:atemp>25.0</ns3:atemp>
          </ns3:TrackPointExtension>
        </extensions>
      </trkpt>
      <trkpt lat="45.7649691961705684661865234375" lon="4.85218727029860019683837890625">
        <ele>174.1999969482421875</ele>
        <time>2026-05-22T08:12:24.000Z</time>
        <extensions>
          <ns3:TrackPointExtension>
            <ns3:atemp>25.0</ns3:atemp>
          </ns3:TrackPointExtension>
        </extensions>
      </trkpt>
      <trkpt lat="45.76493541710078716278076171875" lon="4.852196238934993743896484375">
        <ele>174.1999969482421875</ele>
        <time>2026-05-22T08:12:25.000Z</time>
        <extensions>
          <ns3:TrackPointExtension>
            <ns3:atemp>25.0</ns3:atemp>
          </ns3:TrackPointExtension>
        </extensions>
      </trkpt>
      <trkpt lat="45.764897279441356658935546875" lon="4.85220395028591156005859375">
        <ele>174.1999969482421875</ele>
        <time>2026-05-22T08:12:26.000Z</time>
        <extensions>
          <ns3:TrackPointExtension>
            <ns3:atemp>25.0</ns3:atemp>
          </ns3:TrackPointExtension>
        </extensions>
      </trkpt>
      <trkpt lat="45.76486098580062389373779296875" lon="4.8522113263607025146484375">
        <ele>174.399993896484375</ele>
        <time>2026-05-22T08:12:27.000Z</time>
        <extensions>
          <ns3:TrackPointExtension>
            <ns3:atemp>25.0</ns3:atemp>
          </ns3:TrackPointExtension>
        </extensions>
      </trkpt>
      <trkpt lat="45.7648186571896076202392578125" lon="4.85221643932163715362548828125">
        <ele>174.399993896484375</ele>
        <time>2026-05-22T08:12:28.000Z</time>
        <extensions>
          <ns3:TrackPointExtension>
            <ns3:atemp>25.0</ns3:atemp>
          </ns3:TrackPointExtension>
        </extensions>
      </trkpt>
      <trkpt lat="45.764777250587940216064453125" lon="4.85222096554934978485107421875">
        <ele>174.399993896484375</ele>
        <time>2026-05-22T08:12:29.000Z</time>
        <extensions>
          <ns3:TrackPointExtension>
            <ns3:atemp>25.0</ns3:atemp>
          </ns3:TrackPointExtension>
        </extensions>
      </trkpt>
      <trkpt lat="45.764735005795955657958984375" lon="4.85222943127155303955078125">
        <ele>174.399993896484375</ele>
        <time>2026-05-22T08:12:30.000Z</time>
        <extensions>
          <ns3:TrackPointExtension>
            <ns3:atemp>25.0</ns3:atemp>
          </ns3:TrackPointExtension>
        </extensions>
      </trkpt>
      <trkpt lat="45.76469318009912967681884765625" lon="4.8522349633276462554931640625">
        <ele>174.399993896484375</ele>
        <time>2026-05-22T08:12:31.000Z</time>
        <extensions>
          <ns3:TrackPointExtension>
            <ns3:atemp>25.0</ns3:atemp>
          </ns3:TrackPointExtension>
        </extensions>
      </trkpt>
      <trkpt lat="45.76465244404971599578857421875" lon="4.85224158503115177154541015625">
        <ele>174.399993896484375</ele>
        <time>2026-05-22T08:12:32.000Z</time>
        <extensions>
          <ns3:TrackPointExtension>
            <ns3:atemp>25.0</ns3:atemp>
          </ns3:TrackPointExtension>
        </extensions>
      </trkpt>
      <trkpt lat="45.76461321674287319183349609375" lon="4.85224292613565921783447265625">
        <ele>174.399993896484375</ele>
        <time>2026-05-22T08:12:33.000Z</time>
        <extensions>
          <ns3:TrackPointExtension>
            <ns3:atemp>25.0</ns3:atemp>
          </ns3:TrackPointExtension>
        </extensions>
      </trkpt>
      <trkpt lat="45.76456963084638118743896484375" lon="4.8522520624101161956787109375">
        <ele>174.399993896484375</ele>
        <time>2026-05-22T08:12:34.000Z</time>
        <extensions>
          <ns3:TrackPointExtension>
            <ns3:atemp>25.0</ns3:atemp>
          </ns3:TrackPointExtension>
        </extensions>
      </trkpt>
      <trkpt lat="45.764521770179271697998046875" lon="4.85226287506520748138427734375">
        <ele>174.399993896484375</ele>
        <time>2026-05-22T08:12:35.000Z</time>
        <extensions>
          <ns3:TrackPointExtension>
            <ns3:atemp>25.0</ns3:atemp>
          </ns3:TrackPointExtension>
        </extensions>
      </trkpt>
      <trkpt lat="45.76447986066341400146484375" lon="4.8522728495299816131591796875">
        <ele>174.399993896484375</ele>
        <time>2026-05-22T08:12:36.000Z</time>
        <extensions>
          <ns3:TrackPointExtension>
            <ns3:atemp>25.0</ns3:atemp>
          </ns3:TrackPointExtension>
        </extensions>
      </trkpt>
      <trkpt lat="45.76444775797426700592041015625" lon="4.85226974822580814361572265625">
        <ele>174.399993896484375</ele>
        <time>2026-05-22T08:12:37.000Z</time>
        <extensions>
          <ns3:TrackPointExtension>
            <ns3:atemp>25.0</ns3:atemp>
          </ns3:TrackPointExtension>
        </extensions>
      </trkpt>
      <trkpt lat="45.76442378573119640350341796875" lon="4.8522782139480113983154296875">
        <ele>174.1999969482421875</ele>
        <time>2026-05-22T08:12:38.000Z</time>
        <extensions>
          <ns3:TrackPointExtension>
            <ns3:atemp>25.0</ns3:atemp>
          </ns3:TrackPointExtension>
        </extensions>
      </trkpt>
      <trkpt lat="45.7644055970013141632080078125" lon="4.8522902838885784149169921875">
        <ele>174.1999969482421875</ele>
        <time>2026-05-22T08:12:39.000Z</time>
        <extensions>
          <ns3:TrackPointExtension>
            <ns3:atemp>25.0</ns3:atemp>
          </ns3:TrackPointExtension>
        </extensions>
      </trkpt>
      <trkpt lat="45.764380954205989837646484375" lon="4.852294139564037322998046875">
        <ele>174</ele>
        <time>2026-05-22T08:12:40.000Z</time>
        <extensions>
          <ns3:TrackPointExtension>
            <ns3:atemp>25.0</ns3:atemp>
          </ns3:TrackPointExtension>
        </extensions>
      </trkpt>
      <trkpt lat="45.7643663696944713592529296875" lon="4.85230696387588977813720703125">
        <ele>174</ele>
        <time>2026-05-22T08:12:41.000Z</time>
        <extensions>
          <ns3:TrackPointExtension>
            <ns3:atemp>25.0</ns3:atemp>
          </ns3:TrackPointExtension>
        </extensions>
      </trkpt>
      <trkpt lat="45.7643713988363742828369140625" lon="4.85233596526086330413818359375">
        <ele>173.8000030517578125</ele>
        <time>2026-05-22T08:12:42.000Z</time>
        <extensions>
          <ns3:TrackPointExtension>
            <ns3:atemp>25.0</ns3:atemp>
          </ns3:TrackPointExtension>
        </extensions>
      </trkpt>
      <trkpt lat="45.7643757574260234832763671875" lon="4.85237116925418376922607421875">
        <ele>173.8000030517578125</ele>
        <time>2026-05-22T08:12:43.000Z</time>
        <extensions>
          <ns3:TrackPointExtension>
            <ns3:atemp>25.0</ns3:atemp>
          </ns3:TrackPointExtension>
        </extensions>
      </trkpt>
      <trkpt lat="45.76438623480498790740966796875" lon="4.85241048038005828857421875">
        <ele>173.8000030517578125</ele>
        <time>2026-05-22T08:12:44.000Z</time>
        <extensions>
          <ns3:TrackPointExtension>
            <ns3:atemp>25.0</ns3:atemp>
          </ns3:TrackPointExtension>
        </extensions>
      </trkpt>
      <trkpt lat="45.76439679600298404693603515625" lon="4.8524542339146137237548828125">
        <ele>173.8000030517578125</ele>
        <time>2026-05-22T08:12:45.000Z</time>
        <extensions>
          <ns3:TrackPointExtension>
            <ns3:atemp>25.0</ns3:atemp>
          </ns3:TrackPointExtension>
        </extensions>
      </trkpt>
      <trkpt lat="45.7644069381058216094970703125" lon="4.852500669658184051513671875">
        <ele>174</ele>
        <time>2026-05-22T08:12:46.000Z</time>
        <extensions>
          <ns3:TrackPointExtension>
            <ns3:atemp>25.0</ns3:atemp>
          </ns3:TrackPointExtension>
        </extensions>
      </trkpt>
      <trkpt lat="45.76441758312284946441650390625" lon="4.8525544814765453338623046875">
        <ele>174</ele>
        <time>2026-05-22T08:12:47.000Z</time>
        <extensions>
          <ns3:TrackPointExtension>
            <ns3:atemp>25.0</ns3:atemp>
          </ns3:TrackPointExtension>
        </extensions>
      </trkpt>
      <trkpt lat="45.7644173316657543182373046875" lon="4.852607958018779754638671875">
        <ele>174</ele>
        <time>2026-05-22T08:12:48.000Z</time>
        <extensions>
          <ns3:TrackPointExtension>
            <ns3:atemp>25.0</ns3:atemp>
          </ns3:TrackPointExtension>
        </extensions>
      </trkpt>
      <trkpt lat="45.76441875658929347991943359375" lon="4.85266453586518764495849609375">
        <ele>174.1999969482421875</ele>
        <time>2026-05-22T08:12:49.000Z</time>
        <extensions>
          <ns3:TrackPointExtension>
            <ns3:atemp>25.0</ns3:atemp>
          </ns3:TrackPointExtension>
        </extensions>
      </trkpt>
      <trkpt lat="45.76442210935056209564208984375" lon="4.85272337682545185089111328125">
        <ele>174.1999969482421875</ele>
        <time>2026-05-22T08:12:50.000Z</time>
        <extensions>
          <ns3:TrackPointExtension>
            <ns3:atemp>25.0</ns3:atemp>
          </ns3:TrackPointExtension>
        </extensions>
      </trkpt>
      <trkpt lat="45.7644223608076572418212890625" lon="4.8527854867279529571533203125">
        <ele>174.1999969482421875</ele>
        <time>2026-05-22T08:12:51.000Z</time>
        <extensions>
          <ns3:TrackPointExtension>
            <ns3:atemp>25.0</ns3:atemp>
          </ns3:TrackPointExtension>
        </extensions>
      </trkpt>
      <trkpt lat="45.76442445628345012664794921875" lon="4.85284139402210712432861328125">
        <ele>174.1999969482421875</ele>
        <time>2026-05-22T08:12:52.000Z</time>
        <extensions>
          <ns3:TrackPointExtension>
            <ns3:atemp>25.0</ns3:atemp>
          </ns3:TrackPointExtension>
        </extensions>
      </trkpt>
      <trkpt lat="45.764424540102481842041015625" lon="4.852899648249149322509765625">
        <ele>174.1999969482421875</ele>
        <time>2026-05-22T08:12:53.000Z</time>
        <extensions>
          <ns3:TrackPointExtension>
            <ns3:atemp>25.0</ns3:atemp>
          </ns3:TrackPointExtension>
        </extensions>
      </trkpt>
      <trkpt lat="45.76442797668278217315673828125" lon="4.8529611714184284210205078125">
        <ele>174.1999969482421875</ele>
        <time>2026-05-22T08:12:54.000Z</time>
        <extensions>
          <ns3:TrackPointExtension>
            <ns3:atemp>25.0</ns3:atemp>
          </ns3:TrackPointExtension>
        </extensions>
      </trkpt>
      <trkpt lat="45.76442889869213104248046875" lon="4.85302831046283245086669921875">
        <ele>174.399993896484375</ele>
        <time>2026-05-22T08:12:55.000Z</time>
        <extensions>
          <ns3:TrackPointExtension>
            <ns3:atemp>25.0</ns3:atemp>
          </ns3:TrackPointExtension>
        </extensions>
      </trkpt>
      <trkpt lat="45.7644371129572391510009765625" lon="4.85308581031858921051025390625">
        <ele>174.399993896484375</ele>
        <time>2026-05-22T08:12:56.000Z</time>
        <extensions>
          <ns3:TrackPointExtension>
            <ns3:atemp>25.0</ns3:atemp>
          </ns3:TrackPointExtension>
        </extensions>
      </trkpt>
      <trkpt lat="45.7644418068230152130126953125" lon="4.853145070374011993408203125">
        <ele>174.1999969482421875</ele>
        <time>2026-05-22T08:12:57.000Z</time>
        <extensions>
          <ns3:TrackPointExtension>
            <ns3:atemp>25.0</ns3:atemp>
          </ns3:TrackPointExtension>
        </extensions>
      </trkpt>
      <trkpt lat="45.764441303908824920654296875" lon="4.8532012291252613067626953125">
        <ele>174.1999969482421875</ele>
        <time>2026-05-22T08:12:58.000Z</time>
        <extensions>
          <ns3:TrackPointExtension>
            <ns3:atemp>25.0</ns3:atemp>
          </ns3:TrackPointExtension>
        </extensions>
      </trkpt>
      <trkpt lat="45.76444256119430065155029296875" lon="4.85325244255363941192626953125">
        <ele>174.1999969482421875</ele>
        <time>2026-05-22T08:12:59.000Z</time>
        <extensions>
          <ns3:TrackPointExtension>
            <ns3:atemp>24.0</ns3:atemp>
          </ns3:TrackPointExtension>
        </extensions>
      </trkpt>
      <trkpt lat="45.76443954370915889739990234375" lon="4.85329250805079936981201171875">
        <ele>174.1999969482421875</ele>
        <time>2026-05-22T08:13:00.000Z</time>
        <extensions>
          <ns3:TrackPointExtension>
            <ns3:atemp>24.0</ns3:atemp>
          </ns3:TrackPointExtension>
        </extensions>
      </trkpt>
      <trkpt lat="45.76444189064204692840576171875" lon="4.8533319868147373199462890625">
        <ele>174.1999969482421875</ele>
        <time>2026-05-22T08:13:01.000Z</time>
        <extensions>
          <ns3:TrackPointExtension>
            <ns3:atemp>24.0</ns3:atemp>
          </ns3:TrackPointExtension>
        </extensions>
      </trkpt>
      <trkpt lat="45.76444490812718868255615234375" lon="4.85337339341640472412109375">
        <ele>174.1999969482421875</ele>
        <time>2026-05-22T08:13:02.000Z</time>
        <extensions>
          <ns3:TrackPointExtension>
            <ns3:atemp>24.0</ns3:atemp>
          </ns3:TrackPointExtension>
        </extensions>
      </trkpt>
      <trkpt lat="45.764445997774600982666015625" lon="4.8534040711820125579833984375">
        <ele>174.1999969482421875</ele>
        <time>2026-05-22T08:13:03.000Z</time>
        <extensions>
          <ns3:TrackPointExtension>
            <ns3:atemp>24.0</ns3:atemp>
          </ns3:TrackPointExtension>
        </extensions>
      </trkpt>
      <trkpt lat="45.76443870551884174346923828125" lon="4.8534285463392734527587890625">
        <ele>174.1999969482421875</ele>
        <time>2026-05-22T08:13:04.000Z</time>
        <extensions>
          <ns3:TrackPointExtension>
            <ns3:atemp>24.0</ns3:atemp>
          </ns3:TrackPointExtension>
        </extensions>
      </trkpt>
      <trkpt lat="45.76443552039563655853271484375" lon="4.85346903093159198760986328125">
        <ele>174.399993896484375</ele>
        <time>2026-05-22T08:13:05.000Z</time>
        <extensions>
          <ns3:TrackPointExtension>
            <ns3:atemp>24.0</ns3:atemp>
          </ns3:TrackPointExtension>
        </extensions>
      </trkpt>
      <trkpt lat="45.76443451456725597381591796875" lon="4.85351328738033771514892578125">
        <ele>174.399993896484375</ele>
        <time>2026-05-22T08:13:06.000Z</time>
        <extensions>
          <ns3:TrackPointExtension>
            <ns3:atemp>24.0</ns3:atemp>
          </ns3:TrackPointExtension>
        </extensions>
      </trkpt>
      <trkpt lat="45.76443837024271488189697265625" lon="4.85357078723609447479248046875">
        <ele>174.399993896484375</ele>
        <time>2026-05-22T08:13:07.000Z</time>
        <extensions>
          <ns3:TrackPointExtension>
            <ns3:atemp>24.0</ns3:atemp>
          </ns3:TrackPointExtension>
        </extensions>
      </trkpt>
      <trkpt lat="45.76444155536592006683349609375" lon="4.85362124629318714141845703125">
        <ele>174.399993896484375</ele>
        <time>2026-05-22T08:13:08.000Z</time>
        <extensions>
          <ns3:TrackPointExtension>
            <ns3:atemp>24.0</ns3:atemp>
          </ns3:TrackPointExtension>
        </extensions>
      </trkpt>
      <trkpt lat="45.76444457285106182098388671875" lon="4.85365862958133220672607421875">
        <ele>174.399993896484375</ele>
        <time>2026-05-22T08:13:09.000Z</time>
        <extensions>
          <ns3:TrackPointExtension>
            <ns3:atemp>24.0</ns3:atemp>
          </ns3:TrackPointExtension>
        </extensions>
      </trkpt>
      <trkpt lat="45.76444624923169612884521484375" lon="4.85368863679468631744384765625">
        <ele>174.399993896484375</ele>
        <time>2026-05-22T08:13:10.000Z</time>
        <extensions>
          <ns3:TrackPointExtension>
            <ns3:atemp>24.0</ns3:atemp>
          </ns3:TrackPointExtension>
        </extensions>
      </trkpt>
      <trkpt lat="45.76443971134722232818603515625" lon="4.85370791517198085784912109375">
        <ele>174.399993896484375</ele>
        <time>2026-05-22T08:13:11.000Z</time>
        <extensions>
          <ns3:TrackPointExtension>
            <ns3:atemp>24.0</ns3:atemp>
          </ns3:TrackPointExtension>
        </extensions>
      </trkpt>
      <trkpt lat="45.764443315565586090087890625" lon="4.853733144700527191162109375">
        <ele>174.1999969482421875</ele>
        <time>2026-05-22T08:13:12.000Z</time>
        <extensions>
          <ns3:TrackPointExtension>
            <ns3:atemp>24.0</ns3:atemp>
          </ns3:TrackPointExtension>
        </extensions>
      </trkpt>
      <trkpt lat="45.76445312239229679107666015625" lon="4.85375669784843921661376953125">
        <ele>174.1999969482421875</ele>
        <time>2026-05-22T08:13:13.000Z</time>
        <extensions>
          <ns3:TrackPointExtension>
            <ns3:atemp>24.0</ns3:atemp>
          </ns3:TrackPointExtension>
        </extensions>
      </trkpt>
      <trkpt lat="45.7644568942487239837646484375" lon="4.85379056073725223541259765625">
        <ele>174.1999969482421875</ele>
        <time>2026-05-22T08:13:14.000Z</time>
        <extensions>
          <ns3:TrackPointExtension>
            <ns3:atemp>24.0</ns3:atemp>
          </ns3:TrackPointExtension>
        </extensions>
      </trkpt>
      <trkpt lat="45.76445949263870716094970703125" lon="4.85383339226245880126953125">
        <ele>174.1999969482421875</ele>
        <time>2026-05-22T08:13:15.000Z</time>
        <extensions>
          <ns3:TrackPointExtension>
            <ns3:atemp>24.0</ns3:atemp>
          </ns3:TrackPointExtension>
        </extensions>
      </trkpt>
      <trkpt lat="45.764459408819675445556640625" lon="4.85387555323541164398193359375">
        <ele>174</ele>
        <time>2026-05-22T08:13:16.000Z</time>
        <extensions>
          <ns3:TrackPointExtension>
            <ns3:atemp>24.0</ns3:atemp>
          </ns3:TrackPointExtension>
        </extensions>
      </trkpt>
      <trkpt lat="45.7644582353532314300537109375" lon="4.853921234607696533203125">
        <ele>174</ele>
        <time>2026-05-22T08:13:17.000Z</time>
        <extensions>
          <ns3:TrackPointExtension>
            <ns3:atemp>24.0</ns3:atemp>
          </ns3:TrackPointExtension>
        </extensions>
      </trkpt>
      <trkpt lat="45.764463432133197784423828125" lon="4.85397018492221832275390625">
        <ele>174</ele>
        <time>2026-05-22T08:13:18.000Z</time>
        <extensions>
          <ns3:TrackPointExtension>
            <ns3:atemp>24.0</ns3:atemp>
          </ns3:TrackPointExtension>
        </extensions>
      </trkpt>
      <trkpt lat="45.76446435414254665374755859375" lon="4.8540182970464229583740234375">
        <ele>174</ele>
        <time>2026-05-22T08:13:19.000Z</time>
        <extensions>
          <ns3:TrackPointExtension>
            <ns3:atemp>24.0</ns3:atemp>
          </ns3:TrackPointExtension>
        </extensions>
      </trkpt>
      <trkpt lat="45.76446183957159519195556640625" lon="4.8540581949055194854736328125">
        <ele>174</ele>
        <time>2026-05-22T08:13:20.000Z</time>
        <extensions>
          <ns3:TrackPointExtension>
            <ns3:atemp>24.0</ns3:atemp>
          </ns3:TrackPointExtension>
        </extensions>
      </trkpt>
      <trkpt lat="45.7644635997712612152099609375" lon="4.85410831868648529052734375">
        <ele>174.1999969482421875</ele>
        <time>2026-05-22T08:13:21.000Z</time>
        <extensions>
          <ns3:TrackPointExtension>
            <ns3:atemp>24.0</ns3:atemp>
          </ns3:TrackPointExtension>
        </extensions>
      </trkpt>
      <trkpt lat="45.76446988619863986968994140625" lon="4.85415316186845302581787109375">
        <ele>174.1999969482421875</ele>
        <time>2026-05-22T08:13:22.000Z</time>
        <extensions>
          <ns3:TrackPointExtension>
            <ns3:atemp>24.0</ns3:atemp>
          </ns3:TrackPointExtension>
        </extensions>
      </trkpt>
      <trkpt lat="45.76447407715022563934326171875" lon="4.85420177690684795379638671875">
        <ele>174.1999969482421875</ele>
        <time>2026-05-22T08:13:23.000Z</time>
        <extensions>
          <ns3:TrackPointExtension>
            <ns3:atemp>24.0</ns3:atemp>
          </ns3:TrackPointExtension>
        </extensions>
      </trkpt>
      <trkpt lat="45.7644766755402088165283203125" lon="4.85425055958330631256103515625">
        <ele>174.399993896484375</ele>
        <time>2026-05-22T08:13:24.000Z</time>
        <extensions>
          <ns3:TrackPointExtension>
            <ns3:atemp>24.0</ns3:atemp>
          </ns3:TrackPointExtension>
        </extensions>
      </trkpt>
      <trkpt lat="45.76448312960565090179443359375" lon="4.854296743869781494140625">
        <ele>174.399993896484375</ele>
        <time>2026-05-22T08:13:25.000Z</time>
        <extensions>
          <ns3:TrackPointExtension>
            <ns3:atemp>24.0</ns3:atemp>
          </ns3:TrackPointExtension>
        </extensions>
      </trkpt>
      <trkpt lat="45.7644845545291900634765625" lon="4.85433974303305149078369140625">
        <ele>174.399993896484375</ele>
        <time>2026-05-22T08:13:26.000Z</time>
        <extensions>
          <ns3:TrackPointExtension>
            <ns3:atemp>24.0</ns3:atemp>
          </ns3:TrackPointExtension>
        </extensions>
      </trkpt>
      <trkpt lat="45.76448631472885608673095703125" lon="4.85438399948179721832275390625">
        <ele>174.600006103515625</ele>
        <time>2026-05-22T08:13:27.000Z</time>
        <extensions>
          <ns3:TrackPointExtension>
            <ns3:atemp>24.0</ns3:atemp>
          </ns3:TrackPointExtension>
        </extensions>
      </trkpt>
      <trkpt lat="45.7644867338240146636962890625" lon="4.85442842356860637664794921875">
        <ele>174.600006103515625</ele>
        <time>2026-05-22T08:13:28.000Z</time>
        <extensions>
          <ns3:TrackPointExtension>
            <ns3:atemp>24.0</ns3:atemp>
          </ns3:TrackPointExtension>
        </extensions>
      </trkpt>
      <trkpt lat="45.76448279432952404022216796875" lon="4.85447804443538188934326171875">
        <ele>174.600006103515625</ele>
        <time>2026-05-22T08:13:29.000Z</time>
        <extensions>
          <ns3:TrackPointExtension>
            <ns3:atemp>24.0</ns3:atemp>
          </ns3:TrackPointExtension>
        </extensions>
      </trkpt>
      <trkpt lat="45.764484219253063201904296875" lon="4.85453613102436065673828125">
        <ele>174.600006103515625</ele>
        <time>2026-05-22T08:13:30.000Z</time>
        <extensions>
          <ns3:TrackPointExtension>
            <ns3:atemp>24.0</ns3:atemp>
          </ns3:TrackPointExtension>
        </extensions>
      </trkpt>
      <trkpt lat="45.7644863985478878021240234375" lon="4.85459924675524234771728515625">
        <ele>174.8000030517578125</ele>
        <time>2026-05-22T08:13:31.000Z</time>
        <extensions>
          <ns3:TrackPointExtension>
            <ns3:atemp>24.0</ns3:atemp>
          </ns3:TrackPointExtension>
        </extensions>
      </trkpt>
      <trkpt lat="45.7644894160330295562744140625" lon="4.85464937053620815277099609375">
        <ele>174.8000030517578125</ele>
        <time>2026-05-22T08:13:32.000Z</time>
        <extensions>
          <ns3:TrackPointExtension>
            <ns3:atemp>24.0</ns3:atemp>
          </ns3:TrackPointExtension>
        </extensions>
      </trkpt>
      <trkpt lat="45.76448983512818813323974609375" lon="4.85469999723136425018310546875">
        <ele>174.8000030517578125</ele>
        <time>2026-05-22T08:13:33.000Z</time>
        <extensions>
          <ns3:TrackPointExtension>
            <ns3:atemp>24.0</ns3:atemp>
          </ns3:TrackPointExtension>
        </extensions>
      </trkpt>
      <trkpt lat="45.76449084095656871795654296875" lon="4.85475632362067699432373046875">
        <ele>174.8000030517578125</ele>
        <time>2026-05-22T08:13:34.000Z</time>
        <extensions>
          <ns3:TrackPointExtension>
            <ns3:atemp>24.0</ns3:atemp>
          </ns3:TrackPointExtension>
        </extensions>
      </trkpt>
      <trkpt lat="45.76449385844171047210693359375" lon="4.85481365583837032318115234375">
        <ele>174.8000030517578125</ele>
        <time>2026-05-22T08:13:35.000Z</time>
        <extensions>
          <ns3:TrackPointExtension>
            <ns3:atemp>24.0</ns3:atemp>
          </ns3:TrackPointExtension>
        </extensions>
      </trkpt>
      <trkpt lat="45.76449519954621791839599609375" lon="4.85486847348511219024658203125">
        <ele>174.8000030517578125</ele>
        <time>2026-05-22T08:13:36.000Z</time>
        <extensions>
          <ns3:TrackPointExtension>
            <ns3:atemp>24.0</ns3:atemp>
          </ns3:TrackPointExtension>
        </extensions>
      </trkpt>
      <trkpt lat="45.764498971402645111083984375" lon="4.8549275659024715423583984375">
        <ele>174.8000030517578125</ele>
        <time>2026-05-22T08:13:37.000Z</time>
        <extensions>
          <ns3:TrackPointExtension>
            <ns3:atemp>24.0</ns3:atemp>
          </ns3:TrackPointExtension>
        </extensions>
      </trkpt>
      <trkpt lat="45.76449788175523281097412109375" lon="4.85497442074120044708251953125">
        <ele>174.600006103515625</ele>
        <time>2026-05-22T08:13:38.000Z</time>
        <extensions>
          <ns3:TrackPointExtension>
            <ns3:atemp>24.0</ns3:atemp>
          </ns3:TrackPointExtension>
        </extensions>
      </trkpt>
      <trkpt lat="45.76450156979262828826904296875" lon="4.85501088201999664306640625">
        <ele>174.600006103515625</ele>
        <time>2026-05-22T08:13:39.000Z</time>
        <extensions>
          <ns3:TrackPointExtension>
            <ns3:atemp>24.0</ns3:atemp>
          </ns3:TrackPointExtension>
        </extensions>
      </trkpt>
      <trkpt lat="45.76450609602034091949462890625" lon="4.85504264943301677703857421875">
        <ele>174.600006103515625</ele>
        <time>2026-05-22T08:13:40.000Z</time>
        <extensions>
          <ns3:TrackPointExtension>
            <ns3:atemp>24.0</ns3:atemp>
          </ns3:TrackPointExtension>
        </extensions>
      </trkpt>
      <trkpt lat="45.76450794003903865814208984375" lon="4.85506645403802394866943359375">
        <ele>174.600006103515625</ele>
        <time>2026-05-22T08:13:41.000Z</time>
        <extensions>
          <ns3:TrackPointExtension>
            <ns3:atemp>24.0</ns3:atemp>
          </ns3:TrackPointExtension>
        </extensions>
      </trkpt>
      <trkpt lat="45.76451296918094158172607421875" lon="4.8550797812640666961669921875">
        <ele>174.600006103515625</ele>
        <time>2026-05-22T08:13:42.000Z</time>
        <extensions>
          <ns3:TrackPointExtension>
            <ns3:atemp>24.0</ns3:atemp>
          </ns3:TrackPointExtension>
        </extensions>
      </trkpt>
      <trkpt lat="45.76452076435089111328125" lon="4.85509361140429973602294921875">
        <ele>174.600006103515625</ele>
        <time>2026-05-22T08:13:43.000Z</time>
        <extensions>
          <ns3:TrackPointExtension>
            <ns3:atemp>24.0</ns3:atemp>
          </ns3:TrackPointExtension>
        </extensions>
      </trkpt>
      <trkpt lat="45.7645138911902904510498046875" lon="4.8551161587238311767578125">
        <ele>174.600006103515625</ele>
        <time>2026-05-22T08:13:44.000Z</time>
        <extensions>
          <ns3:TrackPointExtension>
            <ns3:atemp>24.0</ns3:atemp>
          </ns3:TrackPointExtension>
        </extensions>
      </trkpt>
      <trkpt lat="45.76451380737125873565673828125" lon="4.8551552183926105499267578125">
        <ele>174.600006103515625</ele>
        <time>2026-05-22T08:13:45.000Z</time>
        <extensions>
          <ns3:TrackPointExtension>
            <ns3:atemp>24.0</ns3:atemp>
          </ns3:TrackPointExtension>
        </extensions>
      </trkpt>
      <trkpt lat="45.76452151872217655181884765625" lon="4.855205006897449493408203125">
        <ele>174.600006103515625</ele>
        <time>2026-05-22T08:13:46.000Z</time>
        <extensions>
          <ns3:TrackPointExtension>
            <ns3:atemp>24.0</ns3:atemp>
          </ns3:TrackPointExtension>
        </extensions>
      </trkpt>
      <trkpt lat="45.764528810977935791015625" lon="4.85525890253484249114990234375">
        <ele>174.600006103515625</ele>
        <time>2026-05-22T08:13:47.000Z</time>
        <extensions>
          <ns3:TrackPointExtension>
            <ns3:atemp>24.0</ns3:atemp>
          </ns3:TrackPointExtension>
        </extensions>
      </trkpt>
      <trkpt lat="45.7645376957952976226806640625" lon="4.85530718229711055755615234375">
        <ele>174.8000030517578125</ele>
        <time>2026-05-22T08:13:48.000Z</time>
        <extensions>
          <ns3:TrackPointExtension>
            <ns3:atemp>24.0</ns3:atemp>
          </ns3:TrackPointExtension>
        </extensions>
      </trkpt>
      <trkpt lat="45.76454180292785167694091796875" lon="4.855367280542850494384765625">
        <ele>174.8000030517578125</ele>
        <time>2026-05-22T08:13:49.000Z</time>
        <extensions>
          <ns3:TrackPointExtension>
            <ns3:atemp>24.0</ns3:atemp>
          </ns3:TrackPointExtension>
        </extensions>
      </trkpt>
      <trkpt lat="45.76454968191683292388916015625" lon="4.85541899688541889190673828125">
        <ele>174.8000030517578125</ele>
        <time>2026-05-22T08:13:50.000Z</time>
        <extensions>
          <ns3:TrackPointExtension>
            <ns3:atemp>24.0</ns3:atemp>
          </ns3:TrackPointExtension>
        </extensions>
      </trkpt>
      <trkpt lat="45.7645596563816070556640625" lon="4.85548286698758602142333984375">
        <ele>174.8000030517578125</ele>
        <time>2026-05-22T08:13:51.000Z</time>
        <extensions>
          <ns3:TrackPointExtension>
            <ns3:atemp>24.0</ns3:atemp>
          </ns3:TrackPointExtension>
        </extensions>
      </trkpt>
      <trkpt lat="45.7645675353705883026123046875" lon="4.8555506765842437744140625">
        <ele>174.8000030517578125</ele>
        <time>2026-05-22T08:13:52.000Z</time>
        <extensions>
          <ns3:TrackPointExtension>
            <ns3:atemp>24.0</ns3:atemp>
          </ns3:TrackPointExtension>
        </extensions>
      </trkpt>
      <trkpt lat="45.764576755464076995849609375" lon="4.8556155525147914886474609375">
        <ele>174.8000030517578125</ele>
        <time>2026-05-22T08:13:53.000Z</time>
        <extensions>
          <ns3:TrackPointExtension>
            <ns3:atemp>24.0</ns3:atemp>
          </ns3:TrackPointExtension>
        </extensions>
      </trkpt>
      <trkpt lat="45.76458035968244075775146484375" lon="4.85567682422697544097900390625">
        <ele>174.8000030517578125</ele>
        <time>2026-05-22T08:13:54.000Z</time>
        <extensions>
          <ns3:TrackPointExtension>
            <ns3:atemp>24.0</ns3:atemp>
          </ns3:TrackPointExtension>
        </extensions>
      </trkpt>
      <trkpt lat="45.76458337716758251190185546875" lon="4.85573315061628818511962890625">
        <ele>174.8000030517578125</ele>
        <time>2026-05-22T08:13:55.000Z</time>
        <extensions>
          <ns3:TrackPointExtension>
            <ns3:atemp>24.0</ns3:atemp>
          </ns3:TrackPointExtension>
        </extensions>
      </trkpt>
      <trkpt lat="45.76458555646240711212158203125" lon="4.8557922430336475372314453125">
        <ele>174.8000030517578125</ele>
        <time>2026-05-22T08:13:56.000Z</time>
        <extensions>
          <ns3:TrackPointExtension>
            <ns3:atemp>24.0</ns3:atemp>
          </ns3:TrackPointExtension>
        </extensions>
      </trkpt>
      <trkpt lat="45.76458589173853397369384765625" lon="4.85584530048072338104248046875">
        <ele>174.8000030517578125</ele>
        <time>2026-05-22T08:13:57.000Z</time>
        <extensions>
          <ns3:TrackPointExtension>
            <ns3:atemp>24.0</ns3:atemp>
          </ns3:TrackPointExtension>
        </extensions>
      </trkpt>
      <trkpt lat="45.7645883224904537200927734375" lon="4.85589659772813320159912109375">
        <ele>174.8000030517578125</ele>
        <time>2026-05-22T08:13:58.000Z</time>
        <extensions>
          <ns3:TrackPointExtension>
            <ns3:atemp>24.0</ns3:atemp>
          </ns3:TrackPointExtension>
        </extensions>
      </trkpt>
      <trkpt lat="45.7645910046994686126708984375" lon="4.855943284928798675537109375">
        <ele>174.8000030517578125</ele>
        <time>2026-05-22T08:13:59.000Z</time>
        <extensions>
          <ns3:TrackPointExtension>
            <ns3:atemp>24.0</ns3:atemp>
          </ns3:TrackPointExtension>
        </extensions>
      </trkpt>
      <trkpt lat="45.7645943574607372283935546875" lon="4.85598913393914699554443359375">
        <ele>175</ele>
        <time>2026-05-22T08:14:00.000Z</time>
        <extensions>
          <ns3:TrackPointExtension>
            <ns3:atemp>24.0</ns3:atemp>
          </ns3:TrackPointExtension>
        </extensions>
      </trkpt>
      <trkpt lat="45.76459578238427639007568359375" lon="4.85603607259690761566162109375">
        <ele>175</ele>
        <time>2026-05-22T08:14:01.000Z</time>
        <extensions>
          <ns3:TrackPointExtension>
            <ns3:atemp>24.0</ns3:atemp>
          </ns3:TrackPointExtension>
        </extensions>
      </trkpt>
      <trkpt lat="45.76459410600364208221435546875" lon="4.85608301125466823577880859375">
        <ele>175</ele>
        <time>2026-05-22T08:14:02.000Z</time>
        <extensions>
          <ns3:TrackPointExtension>
            <ns3:atemp>24.0</ns3:atemp>
          </ns3:TrackPointExtension>
        </extensions>
      </trkpt>
      <trkpt lat="45.76459494419395923614501953125" lon="4.8561348952353000640869140625">
        <ele>175</ele>
        <time>2026-05-22T08:14:03.000Z</time>
        <extensions>
          <ns3:TrackPointExtension>
            <ns3:atemp>24.0</ns3:atemp>
          </ns3:TrackPointExtension>
        </extensions>
      </trkpt>
      <trkpt lat="45.76459477655589580535888671875" lon="4.85618376173079013824462890625">
        <ele>175.1999969482421875</ele>
        <time>2026-05-22T08:14:04.000Z</time>
        <extensions>
          <ns3:TrackPointExtension>
            <ns3:atemp>24.0</ns3:atemp>
          </ns3:TrackPointExtension>
        </extensions>
      </trkpt>
      <trkpt lat="45.764596201479434967041015625" lon="4.85623438842594623565673828125">
        <ele>175.1999969482421875</ele>
        <time>2026-05-22T08:14:05.000Z</time>
        <extensions>
          <ns3:TrackPointExtension>
            <ns3:atemp>24.0</ns3:atemp>
          </ns3:TrackPointExtension>
        </extensions>
      </trkpt>
      <trkpt lat="45.76459829695522785186767578125" lon="4.85628618858754634857177734375">
        <ele>175.1999969482421875</ele>
        <time>2026-05-22T08:14:06.000Z</time>
        <extensions>
          <ns3:TrackPointExtension>
            <ns3:atemp>24.0</ns3:atemp>
          </ns3:TrackPointExtension>
        </extensions>
      </trkpt>
      <trkpt lat="45.76460081152617931365966796875" lon="4.85633723437786102294921875">
        <ele>175.1999969482421875</ele>
        <time>2026-05-22T08:14:07.000Z</time>
        <extensions>
          <ns3:TrackPointExtension>
            <ns3:atemp>24.0</ns3:atemp>
          </ns3:TrackPointExtension>
        </extensions>
      </trkpt>
      <trkpt lat="45.764601230621337890625" lon="4.85639347694814205169677734375">
        <ele>175.1999969482421875</ele>
        <time>2026-05-22T08:14:08.000Z</time>
        <extensions>
          <ns3:TrackPointExtension>
            <ns3:atemp>24.0</ns3:atemp>
          </ns3:TrackPointExtension>
        </extensions>
      </trkpt>
      <trkpt lat="45.764604248106479644775390625" lon="4.85645483247935771942138671875">
        <ele>175.1999969482421875</ele>
        <time>2026-05-22T08:14:09.000Z</time>
        <extensions>
          <ns3:TrackPointExtension>
            <ns3:atemp>24.0</ns3:atemp>
          </ns3:TrackPointExtension>
        </extensions>
      </trkpt>
      <trkpt lat="45.7646052539348602294921875" lon="4.8565104044973850250244140625">
        <ele>175.399993896484375</ele>
        <time>2026-05-22T08:14:10.000Z</time>
        <extensions>
          <ns3:TrackPointExtension>
            <ns3:atemp>24.0</ns3:atemp>
          </ns3:TrackPointExtension>
        </extensions>
      </trkpt>
      <trkpt lat="45.7646079361438751220703125" lon="4.8565714247524738311767578125">
        <ele>175.399993896484375</ele>
        <time>2026-05-22T08:14:11.000Z</time>
        <extensions>
          <ns3:TrackPointExtension>
            <ns3:atemp>24.0</ns3:atemp>
          </ns3:TrackPointExtension>
        </extensions>
      </trkpt>
      <trkpt lat="45.7646079361438751220703125" lon="4.85663487575948238372802734375">
        <ele>175.399993896484375</ele>
        <time>2026-05-22T08:14:12.000Z</time>
        <extensions>
          <ns3:TrackPointExtension>
            <ns3:atemp>24.0</ns3:atemp>
          </ns3:TrackPointExtension>
        </extensions>
      </trkpt>
      <trkpt lat="45.7646094448864459991455078125" lon="4.8566879332065582275390625">
        <ele>175.399993896484375</ele>
        <time>2026-05-22T08:14:13.000Z</time>
        <extensions>
          <ns3:TrackPointExtension>
            <ns3:atemp>24.0</ns3:atemp>
          </ns3:TrackPointExtension>
        </extensions>
      </trkpt>
      <trkpt lat="45.7646077685058116912841796875" lon="4.8567454330623149871826171875">
        <ele>175.399993896484375</ele>
        <time>2026-05-22T08:14:14.000Z</time>
        <extensions>
          <ns3:TrackPointExtension>
            <ns3:atemp>24.0</ns3:atemp>
          </ns3:TrackPointExtension>
        </extensions>
      </trkpt>
      <trkpt lat="45.76460458338260650634765625" lon="4.85679798759520053863525390625">
        <ele>175.399993896484375</ele>
        <time>2026-05-22T08:14:15.000Z</time>
        <extensions>
          <ns3:TrackPointExtension>
            <ns3:atemp>24.0</ns3:atemp>
          </ns3:TrackPointExtension>
        </extensions>
      </trkpt>
      <trkpt lat="45.76460768468677997589111328125" lon="4.8568533919751644134521484375">
        <ele>175.399993896484375</ele>
        <time>2026-05-22T08:14:16.000Z</time>
        <extensions>
          <ns3:TrackPointExtension>
            <ns3:atemp>24.0</ns3:atemp>
          </ns3:TrackPointExtension>
        </extensions>
      </trkpt>
      <trkpt lat="45.764609612524509429931640625" lon="4.8569073714315891265869140625">
        <ele>175.399993896484375</ele>
        <time>2026-05-22T08:14:17.000Z</time>
        <extensions>
          <ns3:TrackPointExtension>
            <ns3:atemp>24.0</ns3:atemp>
          </ns3:TrackPointExtension>
        </extensions>
      </trkpt>
      <trkpt lat="45.7646174915134906768798828125" lon="4.856974594295024871826171875">
        <ele>175.600006103515625</ele>
        <time>2026-05-22T08:14:18.000Z</time>
        <extensions>
          <ns3:TrackPointExtension>
            <ns3:atemp>24.0</ns3:atemp>
          </ns3:TrackPointExtension>
        </extensions>
      </trkpt>
      <trkpt lat="45.76462092809379100799560546875" lon="4.85703192651271820068359375">
        <ele>175.600006103515625</ele>
        <time>2026-05-22T08:14:19.000Z</time>
        <extensions>
          <ns3:TrackPointExtension>
            <ns3:atemp>24.0</ns3:atemp>
          </ns3:TrackPointExtension>
        </extensions>
      </trkpt>
      <trkpt lat="45.76462193392217159271240234375" lon="4.8570931144058704376220703125">
        <ele>175.600006103515625</ele>
        <time>2026-05-22T08:14:20.000Z</time>
        <extensions>
          <ns3:TrackPointExtension>
            <ns3:atemp>24.0</ns3:atemp>
          </ns3:TrackPointExtension>
        </extensions>
      </trkpt>
      <trkpt lat="45.764608271420001983642578125" lon="4.85714181326329708099365234375">
        <ele>175.600006103515625</ele>
        <time>2026-05-22T08:14:21.000Z</time>
        <extensions>
          <ns3:TrackPointExtension>
            <ns3:atemp>24.0</ns3:atemp>
          </ns3:TrackPointExtension>
        </extensions>
      </trkpt>
      <trkpt lat="45.76458505354821681976318359375" lon="4.85717282630503177642822265625">
        <ele>175.600006103515625</ele>
        <time>2026-05-22T08:14:22.000Z</time>
        <extensions>
          <ns3:TrackPointExtension>
            <ns3:atemp>24.0</ns3:atemp>
          </ns3:TrackPointExtension>
        </extensions>
      </trkpt>
      <trkpt lat="45.76454716734588146209716796875" lon="4.85719797201454639434814453125">
        <ele>175.600006103515625</ele>
        <time>2026-05-22T08:14:23.000Z</time>
        <extensions>
          <ns3:TrackPointExtension>
            <ns3:atemp>24.0</ns3:atemp>
          </ns3:TrackPointExtension>
        </extensions>
      </trkpt>
      <trkpt lat="45.76450726948678493499755859375" lon="4.85721188597381114959716796875">
        <ele>175.600006103515625</ele>
        <time>2026-05-22T08:14:24.000Z</time>
        <extensions>
          <ns3:TrackPointExtension>
            <ns3:atemp>24.0</ns3:atemp>
          </ns3:TrackPointExtension>
        </extensions>
      </trkpt>
      <trkpt lat="45.7644659467041492462158203125" lon="4.8572232015430927276611328125">
        <ele>175.600006103515625</ele>
        <time>2026-05-22T08:14:25.000Z</time>
        <extensions>
          <ns3:TrackPointExtension>
            <ns3:atemp>24.0</ns3:atemp>
          </ns3:TrackPointExtension>
        </extensions>
      </trkpt>
      <trkpt lat="45.76442512683570384979248046875" lon="4.8572302423417568206787109375">
        <ele>175.600006103515625</ele>
        <time>2026-05-22T08:14:26.000Z</time>
        <extensions>
          <ns3:TrackPointExtension>
            <ns3:atemp>24.0</ns3:atemp>
          </ns3:TrackPointExtension>
        </extensions>
      </trkpt>
      <trkpt lat="45.764378271996974945068359375" lon="4.85724910162389278411865234375">
        <ele>175.600006103515625</ele>
        <time>2026-05-22T08:14:27.000Z</time>
        <extensions>
          <ns3:TrackPointExtension>
            <ns3:atemp>24.0</ns3:atemp>
          </ns3:TrackPointExtension>
        </extensions>
      </trkpt>
      <trkpt lat="45.76433275826275348663330078125" lon="4.85726167447865009307861328125">
        <ele>175.8000030517578125</ele>
        <time>2026-05-22T08:14:28.000Z</time>
        <extensions>
          <ns3:TrackPointExtension>
            <ns3:atemp>24.0</ns3:atemp>
          </ns3:TrackPointExtension>
        </extensions>
      </trkpt>
      <trkpt lat="45.7642835564911365509033203125" lon="4.85727542079985141754150390625">
        <ele>175.8000030517578125</ele>
        <time>2026-05-22T08:14:29.000Z</time>
        <extensions>
          <ns3:TrackPointExtension>
            <ns3:atemp>24.0</ns3:atemp>
          </ns3:TrackPointExtension>
        </extensions>
      </trkpt>
      <trkpt lat="45.76423175632953643798828125" lon="4.857290089130401611328125">
        <ele>175.8000030517578125</ele>
        <time>2026-05-22T08:14:30.000Z</time>
        <extensions>
          <ns3:TrackPointExtension>
            <ns3:atemp>24.0</ns3:atemp>
          </ns3:TrackPointExtension>
        </extensions>
      </trkpt>
      <trkpt lat="45.764180123805999755859375" lon="4.857309870421886444091796875">
        <ele>175.8000030517578125</ele>
        <time>2026-05-22T08:14:31.000Z</time>
        <extensions>
          <ns3:TrackPointExtension>
            <ns3:atemp>24.0</ns3:atemp>
          </ns3:TrackPointExtension>
        </extensions>
      </trkpt>
      <trkpt lat="45.7641320116817951202392578125" lon="4.8573224432766437530517578125">
        <ele>175.8000030517578125</ele>
        <time>2026-05-22T08:14:32.000Z</time>
        <extensions>
          <ns3:TrackPointExtension>
            <ns3:atemp>24.0</ns3:atemp>
          </ns3:TrackPointExtension>
        </extensions>
      </trkpt>
      <trkpt lat="45.76408700086176395416259765625" lon="4.8573423922061920166015625">
        <ele>175.8000030517578125</ele>
        <time>2026-05-22T08:14:33.000Z</time>
        <extensions>
          <ns3:TrackPointExtension>
            <ns3:atemp>24.0</ns3:atemp>
          </ns3:TrackPointExtension>
        </extensions>
      </trkpt>
      <trkpt lat="45.76404358260333538055419921875" lon="4.85735513269901275634765625">
        <ele>175.8000030517578125</ele>
        <time>2026-05-22T08:14:34.000Z</time>
        <extensions>
          <ns3:TrackPointExtension>
            <ns3:atemp>24.0</ns3:atemp>
          </ns3:TrackPointExtension>
        </extensions>
      </trkpt>
      <trkpt lat="45.76400334946811199188232421875" lon="4.85737214796245098114013671875">
        <ele>175.8000030517578125</ele>
        <time>2026-05-22T08:14:35.000Z</time>
        <extensions>
          <ns3:TrackPointExtension>
            <ns3:atemp>24.0</ns3:atemp>
          </ns3:TrackPointExtension>
        </extensions>
      </trkpt>
      <trkpt lat="45.7639596797525882720947265625" lon="4.85738622955977916717529296875">
        <ele>175.8000030517578125</ele>
        <time>2026-05-22T08:14:36.000Z</time>
        <extensions>
          <ns3:TrackPointExtension>
            <ns3:atemp>24.0</ns3:atemp>
          </ns3:TrackPointExtension>
        </extensions>
      </trkpt>
      <trkpt lat="45.76392170973122119903564453125" lon="4.857399724423885345458984375">
        <ele>175.8000030517578125</ele>
        <time>2026-05-22T08:14:37.000Z</time>
        <extensions>
          <ns3:TrackPointExtension>
            <ns3:atemp>24.0</ns3:atemp>
          </ns3:TrackPointExtension>
        </extensions>
      </trkpt>
      <trkpt lat="45.76388298533856868743896484375" lon="4.8574116267263889312744140625">
        <ele>175.8000030517578125</ele>
        <time>2026-05-22T08:14:38.000Z</time>
        <extensions>
          <ns3:TrackPointExtension>
            <ns3:atemp>24.0</ns3:atemp>
          </ns3:TrackPointExtension>
        </extensions>
      </trkpt>
      <trkpt lat="45.763845853507518768310546875" lon="4.8574220202863216400146484375">
        <ele>176</ele>
        <time>2026-05-22T08:14:39.000Z</time>
        <extensions>
          <ns3:TrackPointExtension>
            <ns3:atemp>24.0</ns3:atemp>
          </ns3:TrackPointExtension>
        </extensions>
      </trkpt>
      <trkpt lat="45.76381090097129344940185546875" lon="4.857431910932064056396484375">
        <ele>176</ele>
        <time>2026-05-22T08:14:40.000Z</time>
        <extensions>
          <ns3:TrackPointExtension>
            <ns3:atemp>24.0</ns3:atemp>
          </ns3:TrackPointExtension>
        </extensions>
      </trkpt>
      <trkpt lat="45.7637850008904933929443359375" lon="4.85743534751236438751220703125">
        <ele>175.8000030517578125</ele>
        <time>2026-05-22T08:14:41.000Z</time>
        <extensions>
          <ns3:TrackPointExtension>
            <ns3:atemp>24.0</ns3:atemp>
          </ns3:TrackPointExtension>
        </extensions>
      </trkpt>
      <trkpt lat="45.76376748271286487579345703125" lon="4.8574381135404109954833984375">
        <ele>175.8000030517578125</ele>
        <time>2026-05-22T08:14:42.000Z</time>
        <extensions>
          <ns3:TrackPointExtension>
            <ns3:atemp>24.0</ns3:atemp>
          </ns3:TrackPointExtension>
        </extensions>
      </trkpt>
      <trkpt lat="45.76375356875360012054443359375" lon="4.85743853263556957244873046875">
        <ele>175.8000030517578125</ele>
        <time>2026-05-22T08:14:43.000Z</time>
        <extensions>
          <ns3:TrackPointExtension>
            <ns3:atemp>24.0</ns3:atemp>
          </ns3:TrackPointExtension>
        </extensions>
      </trkpt>
      <trkpt lat="45.76374116353690624237060546875" lon="4.85744155012071132659912109375">
        <ele>175.600006103515625</ele>
        <time>2026-05-22T08:14:44.000Z</time>
        <extensions>
          <ns3:TrackPointExtension>
            <ns3:atemp>24.0</ns3:atemp>
          </ns3:TrackPointExtension>
        </extensions>
      </trkpt>
      <trkpt lat="45.76373563148081302642822265625" lon="4.85743786208331584930419921875">
        <ele>175.600006103515625</ele>
        <time>2026-05-22T08:14:45.000Z</time>
        <extensions>
          <ns3:TrackPointExtension>
            <ns3:atemp>24.0</ns3:atemp>
          </ns3:TrackPointExtension>
        </extensions>
      </trkpt>
      <trkpt lat="45.76373931951820850372314453125" lon="4.85744523815810680389404296875">
        <ele>175.399993896484375</ele>
        <time>2026-05-22T08:14:46.000Z</time>
        <extensions>
          <ns3:TrackPointExtension>
            <ns3:atemp>24.0</ns3:atemp>
          </ns3:TrackPointExtension>
        </extensions>
      </trkpt>
      <trkpt lat="45.763711743056774139404296875" lon="4.8574226908385753631591796875">
        <ele>175</ele>
        <time>2026-05-22T08:14:55.000Z</time>
        <extensions>
          <ns3:TrackPointExtension>
            <ns3:atemp>24.0</ns3:atemp>
          </ns3:TrackPointExtension>
        </extensions>
      </trkpt>
      <trkpt lat="45.763695649802684783935546875" lon="4.8574257083237171173095703125">
        <ele>175</ele>
        <time>2026-05-22T08:14:56.000Z</time>
        <extensions>
          <ns3:TrackPointExtension>
            <ns3:atemp>24.0</ns3:atemp>
          </ns3:TrackPointExtension>
        </extensions>
      </trkpt>
      <trkpt lat="45.76367695815861225128173828125" lon="4.85742327757179737091064453125">
        <ele>174.8000030517578125</ele>
        <time>2026-05-22T08:14:57.000Z</time>
        <extensions>
          <ns3:TrackPointExtension>
            <ns3:atemp>24.0</ns3:atemp>
          </ns3:TrackPointExtension>
        </extensions>
      </trkpt>
      <trkpt lat="45.7636565901339054107666015625" lon="4.8574230261147022247314453125">
        <ele>174.8000030517578125</ele>
        <time>2026-05-22T08:14:58.000Z</time>
        <extensions>
          <ns3:TrackPointExtension>
            <ns3:atemp>24.0</ns3:atemp>
          </ns3:TrackPointExtension>
        </extensions>
      </trkpt>
      <trkpt lat="45.76364099979400634765625" lon="4.85742344520986080169677734375">
        <ele>175</ele>
        <time>2026-05-22T08:14:59.000Z</time>
        <extensions>
          <ns3:TrackPointExtension>
            <ns3:atemp>24.0</ns3:atemp>
          </ns3:TrackPointExtension>
        </extensions>
      </trkpt>
      <trkpt lat="45.76362465508282184600830078125" lon="4.85742579214274883270263671875">
        <ele>175</ele>
        <time>2026-05-22T08:15:00.000Z</time>
        <extensions>
          <ns3:TrackPointExtension>
            <ns3:atemp>24.0</ns3:atemp>
          </ns3:TrackPointExtension>
        </extensions>
      </trkpt>
      <trkpt lat="45.7636056281626224517822265625" lon="4.8574327491223812103271484375">
        <ele>175</ele>
        <time>2026-05-22T08:15:01.000Z</time>
        <extensions>
          <ns3:TrackPointExtension>
            <ns3:atemp>24.0</ns3:atemp>
          </ns3:TrackPointExtension>
        </extensions>
      </trkpt>
      <trkpt lat="45.76358559541404247283935546875" lon="4.85743635334074497222900390625">
        <ele>175</ele>
        <time>2026-05-22T08:15:02.000Z</time>
        <extensions>
          <ns3:TrackPointExtension>
            <ns3:atemp>24.0</ns3:atemp>
          </ns3:TrackPointExtension>
        </extensions>
      </trkpt>
      <trkpt lat="45.76356648467481136322021484375" lon="4.85743400640785694122314453125">
        <ele>175.1999969482421875</ele>
        <time>2026-05-22T08:15:03.000Z</time>
        <extensions>
          <ns3:TrackPointExtension>
            <ns3:atemp>24.0</ns3:atemp>
          </ns3:TrackPointExtension>
        </extensions>
      </trkpt>
      <trkpt lat="45.76354536227881908416748046875" lon="4.8574361018836498260498046875">
        <ele>175.1999969482421875</ele>
        <time>2026-05-22T08:15:04.000Z</time>
        <extensions>
          <ns3:TrackPointExtension>
            <ns3:atemp>24.0</ns3:atemp>
          </ns3:TrackPointExtension>
        </extensions>
      </trkpt>
      <trkpt lat="45.76352038420736789703369140625" lon="4.85744155012071132659912109375">
        <ele>175.1999969482421875</ele>
        <time>2026-05-22T08:15:05.000Z</time>
        <extensions>
          <ns3:TrackPointExtension>
            <ns3:atemp>24.0</ns3:atemp>
          </ns3:TrackPointExtension>
        </extensions>
      </trkpt>
      <trkpt lat="45.763494484126567840576171875" lon="4.8574448190629482269287109375">
        <ele>175.1999969482421875</ele>
        <time>2026-05-22T08:15:06.000Z</time>
        <extensions>
          <ns3:TrackPointExtension>
            <ns3:atemp>24.0</ns3:atemp>
          </ns3:TrackPointExtension>
        </extensions>
      </trkpt>
      <trkpt lat="45.76346606947481632232666015625" lon="4.8574508540332317352294921875">
        <ele>175.1999969482421875</ele>
        <time>2026-05-22T08:15:07.000Z</time>
        <extensions>
          <ns3:TrackPointExtension>
            <ns3:atemp>24.0</ns3:atemp>
          </ns3:TrackPointExtension>
        </extensions>
      </trkpt>
      <trkpt lat="45.76343991793692111968994140625" lon="4.85745881684124469757080078125">
        <ele>175.399993896484375</ele>
        <time>2026-05-22T08:15:08.000Z</time>
        <extensions>
          <ns3:TrackPointExtension>
            <ns3:atemp>24.0</ns3:atemp>
          </ns3:TrackPointExtension>
        </extensions>
      </trkpt>
      <trkpt lat="45.76341100037097930908203125" lon="4.85746820457279682159423828125">
        <ele>175.399993896484375</ele>
        <time>2026-05-22T08:15:09.000Z</time>
        <extensions>
          <ns3:TrackPointExtension>
            <ns3:atemp>24.0</ns3:atemp>
          </ns3:TrackPointExtension>
        </extensions>
      </trkpt>
      <trkpt lat="45.763378478586673736572265625" lon="4.8574743233621120452880859375">
        <ele>175.399993896484375</ele>
        <time>2026-05-22T08:15:10.000Z</time>
        <extensions>
          <ns3:TrackPointExtension>
            <ns3:atemp>24.0</ns3:atemp>
          </ns3:TrackPointExtension>
        </extensions>
      </trkpt>
      <trkpt lat="45.76334218494594097137451171875" lon="4.8574823699891567230224609375">
        <ele>175.399993896484375</ele>
        <time>2026-05-22T08:15:11.000Z</time>
        <extensions>
          <ns3:TrackPointExtension>
            <ns3:atemp>24.0</ns3:atemp>
          </ns3:TrackPointExtension>
        </extensions>
      </trkpt>
      <trkpt lat="45.76330413110554218292236328125" lon="4.8574860580265522003173828125">
        <ele>175.399993896484375</ele>
        <time>2026-05-22T08:15:12.000Z</time>
        <extensions>
          <ns3:TrackPointExtension>
            <ns3:atemp>24.0</ns3:atemp>
          </ns3:TrackPointExtension>
        </extensions>
      </trkpt>
      <trkpt lat="45.76326725073158740997314453125" lon="4.8574887402355670928955078125">
        <ele>175.399993896484375</ele>
        <time>2026-05-22T08:15:13.000Z</time>
        <extensions>
          <ns3:TrackPointExtension>
            <ns3:atemp>24.0</ns3:atemp>
          </ns3:TrackPointExtension>
        </extensions>
      </trkpt>
      <trkpt lat="45.763231627643108367919921875" lon="4.85749661922454833984375">
        <ele>175.399993896484375</ele>
        <time>2026-05-22T08:15:14.000Z</time>
        <extensions>
          <ns3:TrackPointExtension>
            <ns3:atemp>24.0</ns3:atemp>
          </ns3:TrackPointExtension>
        </extensions>
      </trkpt>
      <trkpt lat="45.763198770582675933837890625" lon="4.85750399529933929443359375">
        <ele>175.600006103515625</ele>
        <time>2026-05-22T08:15:15.000Z</time>
        <extensions>
          <ns3:TrackPointExtension>
            <ns3:atemp>24.0</ns3:atemp>
          </ns3:TrackPointExtension>
        </extensions>
      </trkpt>
      <trkpt lat="45.76316532678902149200439453125" lon="4.857507683336734771728515625">
        <ele>175.600006103515625</ele>
        <time>2026-05-22T08:15:16.000Z</time>
        <extensions>
          <ns3:TrackPointExtension>
            <ns3:atemp>24.0</ns3:atemp>
          </ns3:TrackPointExtension>
        </extensions>
      </trkpt>
      <trkpt lat="45.76312878169119358062744140625" lon="4.85751262865960597991943359375">
        <ele>175.600006103515625</ele>
        <time>2026-05-22T08:15:17.000Z</time>
        <extensions>
          <ns3:TrackPointExtension>
            <ns3:atemp>24.0</ns3:atemp>
          </ns3:TrackPointExtension>
        </extensions>
      </trkpt>
      <trkpt lat="45.76309139840304851531982421875" lon="4.85752335749566555023193359375">
        <ele>175.8000030517578125</ele>
        <time>2026-05-22T08:15:18.000Z</time>
        <extensions>
          <ns3:TrackPointExtension>
            <ns3:atemp>24.0</ns3:atemp>
          </ns3:TrackPointExtension>
        </extensions>
      </trkpt>
      <trkpt lat="45.76305426657199859619140625" lon="4.85753081738948822021484375">
        <ele>175.8000030517578125</ele>
        <time>2026-05-22T08:15:19.000Z</time>
        <extensions>
          <ns3:TrackPointExtension>
            <ns3:atemp>25.0</ns3:atemp>
          </ns3:TrackPointExtension>
        </extensions>
      </trkpt>
      <trkpt lat="45.7630148716270923614501953125" lon="4.85753492452204227447509765625">
        <ele>175.8000030517578125</ele>
        <time>2026-05-22T08:15:20.000Z</time>
        <extensions>
          <ns3:TrackPointExtension>
            <ns3:atemp>24.0</ns3:atemp>
          </ns3:TrackPointExtension>
        </extensions>
      </trkpt>
      <trkpt lat="45.76297581195831298828125" lon="4.85753961838781833648681640625">
        <ele>175.8000030517578125</ele>
        <time>2026-05-22T08:15:21.000Z</time>
        <extensions>
          <ns3:TrackPointExtension>
            <ns3:atemp>25.0</ns3:atemp>
          </ns3:TrackPointExtension>
        </extensions>
      </trkpt>
      <trkpt lat="45.76293583028018474578857421875" lon="4.85754297114908695220947265625">
        <ele>175.8000030517578125</ele>
        <time>2026-05-22T08:15:22.000Z</time>
        <extensions>
          <ns3:TrackPointExtension>
            <ns3:atemp>25.0</ns3:atemp>
          </ns3:TrackPointExtension>
        </extensions>
      </trkpt>
      <trkpt lat="45.7629020512104034423828125" lon="4.85754699446260929107666015625">
        <ele>175.600006103515625</ele>
        <time>2026-05-22T08:15:23.000Z</time>
        <extensions>
          <ns3:TrackPointExtension>
            <ns3:atemp>25.0</ns3:atemp>
          </ns3:TrackPointExtension>
        </extensions>
      </trkpt>
      <trkpt lat="45.7628713734447956085205078125" lon="4.8575494252145290374755859375">
        <ele>175.600006103515625</ele>
        <time>2026-05-22T08:15:24.000Z</time>
        <extensions>
          <ns3:TrackPointExtension>
            <ns3:atemp>25.0</ns3:atemp>
          </ns3:TrackPointExtension>
        </extensions>
      </trkpt>
      <trkpt lat="45.76284731738269329071044921875" lon="4.8575517721474170684814453125">
        <ele>175.399993896484375</ele>
        <time>2026-05-22T08:15:25.000Z</time>
        <extensions>
          <ns3:TrackPointExtension>
            <ns3:atemp>25.0</ns3:atemp>
          </ns3:TrackPointExtension>
        </extensions>
      </trkpt>
      <trkpt lat="45.76282267458736896514892578125" lon="4.85755520872771739959716796875">
        <ele>175.399993896484375</ele>
        <time>2026-05-22T08:15:26.000Z</time>
        <extensions>
          <ns3:TrackPointExtension>
            <ns3:atemp>25.0</ns3:atemp>
          </ns3:TrackPointExtension>
        </extensions>
      </trkpt>
      <trkpt lat="45.7628001272678375244140625" lon="4.85755520872771739959716796875">
        <ele>175.399993896484375</ele>
        <time>2026-05-22T08:15:27.000Z</time>
        <extensions>
          <ns3:TrackPointExtension>
            <ns3:atemp>25.0</ns3:atemp>
          </ns3:TrackPointExtension>
        </extensions>
      </trkpt>
      <trkpt lat="45.76278797350823879241943359375" lon="4.85756007023155689239501953125">
        <ele>175.399993896484375</ele>
        <time>2026-05-22T08:15:28.000Z</time>
        <extensions>
          <ns3:TrackPointExtension>
            <ns3:atemp>25.0</ns3:atemp>
          </ns3:TrackPointExtension>
        </extensions>
      </trkpt>
      <trkpt lat="45.76277942396700382232666015625" lon="4.857564680278301239013671875">
        <ele>175.399993896484375</ele>
        <time>2026-05-22T08:15:29.000Z</time>
        <extensions>
          <ns3:TrackPointExtension>
            <ns3:atemp>25.0</ns3:atemp>
          </ns3:TrackPointExtension>
        </extensions>
      </trkpt>
      <trkpt lat="45.76277489773929119110107421875" lon="4.857566356658935546875">
        <ele>175.399993896484375</ele>
        <time>2026-05-22T08:15:30.000Z</time>
        <extensions>
          <ns3:TrackPointExtension>
            <ns3:atemp>25.0</ns3:atemp>
          </ns3:TrackPointExtension>
        </extensions>
      </trkpt>
      <trkpt lat="45.7627774961292743682861328125" lon="4.8575671948492527008056640625">
        <ele>175.399993896484375</ele>
        <time>2026-05-22T08:15:31.000Z</time>
        <extensions>
          <ns3:TrackPointExtension>
            <ns3:atemp>25.0</ns3:atemp>
          </ns3:TrackPointExtension>
        </extensions>
      </trkpt>
      <trkpt lat="45.76277774758636951446533203125" lon="4.85756040550768375396728515625">
        <ele>175.399993896484375</ele>
        <time>2026-05-22T08:15:32.000Z</time>
        <extensions>
          <ns3:TrackPointExtension>
            <ns3:atemp>24.0</ns3:atemp>
          </ns3:TrackPointExtension>
        </extensions>
      </trkpt>
      <trkpt lat="45.762717314064502716064453125" lon="4.85758043825626373291015625">
        <ele>175.1999969482421875</ele>
        <time>2026-05-22T08:16:00.000Z</time>
        <extensions>
          <ns3:TrackPointExtension>
            <ns3:atemp>25.0</ns3:atemp>
          </ns3:TrackPointExtension>
        </extensions>
      </trkpt>
      <trkpt lat="45.76268806122243404388427734375" lon="4.85758974216878414154052734375">
        <ele>175</ele>
        <time>2026-05-22T08:16:01.000Z</time>
        <extensions>
          <ns3:TrackPointExtension>
            <ns3:atemp>25.0</ns3:atemp>
          </ns3:TrackPointExtension>
        </extensions>
      </trkpt>
      <trkpt lat="45.76266509480774402618408203125" lon="4.8575997166335582733154296875">
        <ele>175</ele>
        <time>2026-05-22T08:16:02.000Z</time>
        <extensions>
          <ns3:TrackPointExtension>
            <ns3:atemp>25.0</ns3:atemp>
          </ns3:TrackPointExtension>
        </extensions>
      </trkpt>
      <trkpt lat="45.762643553316593170166015625" lon="4.8576025664806365966796875">
        <ele>175</ele>
        <time>2026-05-22T08:16:03.000Z</time>
        <extensions>
          <ns3:TrackPointExtension>
            <ns3:atemp>25.0</ns3:atemp>
          </ns3:TrackPointExtension>
        </extensions>
      </trkpt>
      <trkpt lat="45.76262217946350574493408203125" lon="4.857610948383808135986328125">
        <ele>175</ele>
        <time>2026-05-22T08:16:04.000Z</time>
        <extensions>
          <ns3:TrackPointExtension>
            <ns3:atemp>25.0</ns3:atemp>
          </ns3:TrackPointExtension>
        </extensions>
      </trkpt>
      <trkpt lat="45.76260290108621120452880859375" lon="4.8576205037534236907958984375">
        <ele>175.1999969482421875</ele>
        <time>2026-05-22T08:16:05.000Z</time>
        <extensions>
          <ns3:TrackPointExtension>
            <ns3:atemp>25.0</ns3:atemp>
          </ns3:TrackPointExtension>
        </extensions>
      </trkpt>
      <trkpt lat="45.7625820301473140716552734375" lon="4.857632406055927276611328125">
        <ele>175.1999969482421875</ele>
        <time>2026-05-22T08:16:06.000Z</time>
        <extensions>
          <ns3:TrackPointExtension>
            <ns3:atemp>25.0</ns3:atemp>
          </ns3:TrackPointExtension>
        </extensions>
      </trkpt>
      <trkpt lat="45.76255629770457744598388671875" lon="4.8576392792165279388427734375">
        <ele>175</ele>
        <time>2026-05-22T08:16:07.000Z</time>
        <extensions>
          <ns3:TrackPointExtension>
            <ns3:atemp>25.0</ns3:atemp>
          </ns3:TrackPointExtension>
        </extensions>
      </trkpt>
      <trkpt lat="45.76253014616668224334716796875" lon="4.8576463200151920318603515625">
        <ele>175</ele>
        <time>2026-05-22T08:16:08.000Z</time>
        <extensions>
          <ns3:TrackPointExtension>
            <ns3:atemp>25.0</ns3:atemp>
          </ns3:TrackPointExtension>
        </extensions>
      </trkpt>
      <trkpt lat="45.76250298880040645599365234375" lon="4.857647828757762908935546875">
        <ele>175</ele>
        <time>2026-05-22T08:16:09.000Z</time>
        <extensions>
          <ns3:TrackPointExtension>
            <ns3:atemp>25.0</ns3:atemp>
          </ns3:TrackPointExtension>
        </extensions>
      </trkpt>
      <trkpt lat="45.762471891939640045166015625" lon="4.85764439217746257781982421875">
        <ele>175</ele>
        <time>2026-05-22T08:16:10.000Z</time>
        <extensions>
          <ns3:TrackPointExtension>
            <ns3:atemp>25.0</ns3:atemp>
          </ns3:TrackPointExtension>
        </extensions>
      </trkpt>
      <trkpt lat="45.76243937015533447265625" lon="4.857644475996494293212890625">
        <ele>175</ele>
        <time>2026-05-22T08:16:11.000Z</time>
        <extensions>
          <ns3:TrackPointExtension>
            <ns3:atemp>25.0</ns3:atemp>
          </ns3:TrackPointExtension>
        </extensions>
      </trkpt>
      <trkpt lat="45.76239687390625476837158203125" lon="4.85764824785292148590087890625">
        <ele>175</ele>
        <time>2026-05-22T08:16:12.000Z</time>
        <extensions>
          <ns3:TrackPointExtension>
            <ns3:atemp>25.0</ns3:atemp>
          </ns3:TrackPointExtension>
        </extensions>
      </trkpt>
      <trkpt lat="45.76234859414398670196533203125" lon="4.8576540313661098480224609375">
        <ele>175.1999969482421875</ele>
        <time>2026-05-22T08:16:13.000Z</time>
        <extensions>
          <ns3:TrackPointExtension>
            <ns3:atemp>25.0</ns3:atemp>
          </ns3:TrackPointExtension>
        </extensions>
      </trkpt>
      <trkpt lat="45.7622997276484966278076171875" lon="4.85766685567796230316162109375">
        <ele>175.1999969482421875</ele>
        <time>2026-05-22T08:16:14.000Z</time>
        <extensions>
          <ns3:TrackPointExtension>
            <ns3:atemp>25.0</ns3:atemp>
          </ns3:TrackPointExtension>
        </extensions>
      </trkpt>
      <trkpt lat="45.7622511126101016998291015625" lon="4.8576875589787960052490234375">
        <ele>175.1999969482421875</ele>
        <time>2026-05-22T08:16:15.000Z</time>
        <extensions>
          <ns3:TrackPointExtension>
            <ns3:atemp>25.0</ns3:atemp>
          </ns3:TrackPointExtension>
        </extensions>
      </trkpt>
      <trkpt lat="45.7622024975717067718505859375" lon="4.8577083460986614227294921875">
        <ele>175.1999969482421875</ele>
        <time>2026-05-22T08:16:16.000Z</time>
        <extensions>
          <ns3:TrackPointExtension>
            <ns3:atemp>25.0</ns3:atemp>
          </ns3:TrackPointExtension>
        </extensions>
      </trkpt>
      <trkpt lat="45.76215145178139209747314453125" lon="4.8577184043824672698974609375">
        <ele>175.399993896484375</ele>
        <time>2026-05-22T08:16:17.000Z</time>
        <extensions>
          <ns3:TrackPointExtension>
            <ns3:atemp>25.0</ns3:atemp>
          </ns3:TrackPointExtension>
        </extensions>
      </trkpt>
      <trkpt lat="45.76210208237171173095703125" lon="4.85772636719048023223876953125">
        <ele>175.399993896484375</ele>
        <time>2026-05-22T08:16:18.000Z</time>
        <extensions>
          <ns3:TrackPointExtension>
            <ns3:atemp>25.0</ns3:atemp>
          </ns3:TrackPointExtension>
        </extensions>
      </trkpt>
      <trkpt lat="45.762056149542331695556640625" lon="4.857733659446239471435546875">
        <ele>175.399993896484375</ele>
        <time>2026-05-22T08:16:19.000Z</time>
        <extensions>
          <ns3:TrackPointExtension>
            <ns3:atemp>25.0</ns3:atemp>
          </ns3:TrackPointExtension>
        </extensions>
      </trkpt>
      <trkpt lat="45.76201398856937885284423828125" lon="4.85773977823555469512939453125">
        <ele>175.600006103515625</ele>
        <time>2026-05-22T08:16:20.000Z</time>
        <extensions>
          <ns3:TrackPointExtension>
            <ns3:atemp>25.0</ns3:atemp>
          </ns3:TrackPointExtension>
        </extensions>
      </trkpt>
      <trkpt lat="45.7619704864919185638427734375" lon="4.857735335826873779296875">
        <ele>175.600006103515625</ele>
        <time>2026-05-22T08:16:21.000Z</time>
        <extensions>
          <ns3:TrackPointExtension>
            <ns3:atemp>25.0</ns3:atemp>
          </ns3:TrackPointExtension>
        </extensions>
      </trkpt>
      <trkpt lat="45.76192430220544338226318359375" lon="4.8577286303043365478515625">
        <ele>175.600006103515625</ele>
        <time>2026-05-22T08:16:22.000Z</time>
        <extensions>
          <ns3:TrackPointExtension>
            <ns3:atemp>25.0</ns3:atemp>
          </ns3:TrackPointExtension>
        </extensions>
      </trkpt>
      <trkpt lat="45.76187669299542903900146484375" lon="4.85772301442921161651611328125">
        <ele>175.600006103515625</ele>
        <time>2026-05-22T08:16:23.000Z</time>
        <extensions>
          <ns3:TrackPointExtension>
            <ns3:atemp>25.0</ns3:atemp>
          </ns3:TrackPointExtension>
        </extensions>
      </trkpt>
      <trkpt lat="45.76183126308023929595947265625" lon="4.857720248401165008544921875">
        <ele>175.600006103515625</ele>
        <time>2026-05-22T08:16:24.000Z</time>
        <extensions>
          <ns3:TrackPointExtension>
            <ns3:atemp>25.0</ns3:atemp>
          </ns3:TrackPointExtension>
        </extensions>
      </trkpt>
      <trkpt lat="45.761791281402111053466796875" lon="4.8577234335243701934814453125">
        <ele>175.600006103515625</ele>
        <time>2026-05-22T08:16:25.000Z</time>
        <extensions>
          <ns3:TrackPointExtension>
            <ns3:atemp>25.0</ns3:atemp>
          </ns3:TrackPointExtension>
        </extensions>
      </trkpt>
      <trkpt lat="45.7617525570094585418701171875" lon="4.8577234335243701934814453125">
        <ele>175.600006103515625</ele>
        <time>2026-05-22T08:16:26.000Z</time>
        <extensions>
          <ns3:TrackPointExtension>
            <ns3:atemp>25.0</ns3:atemp>
          </ns3:TrackPointExtension>
        </extensions>
      </trkpt>
      <trkpt lat="45.761718861758708953857421875" lon="4.85773508436977863311767578125">
        <ele>175.8000030517578125</ele>
        <time>2026-05-22T08:16:27.000Z</time>
        <extensions>
          <ns3:TrackPointExtension>
            <ns3:atemp>25.0</ns3:atemp>
          </ns3:TrackPointExtension>
        </extensions>
      </trkpt>
      <trkpt lat="45.76169396750628948211669921875" lon="4.857756793498992919921875">
        <ele>175.600006103515625</ele>
        <time>2026-05-22T08:16:28.000Z</time>
        <extensions>
          <ns3:TrackPointExtension>
            <ns3:atemp>25.0</ns3:atemp>
          </ns3:TrackPointExtension>
        </extensions>
      </trkpt>
      <trkpt lat="45.7616814784705638885498046875" lon="4.85777682624757289886474609375">
        <ele>175.600006103515625</ele>
        <time>2026-05-22T08:16:29.000Z</time>
        <extensions>
          <ns3:TrackPointExtension>
            <ns3:atemp>25.0</ns3:atemp>
          </ns3:TrackPointExtension>
        </extensions>
      </trkpt>
      <trkpt lat="45.761660523712635040283203125" lon="4.85778721980750560760498046875">
        <ele>175.600006103515625</ele>
        <time>2026-05-22T08:16:30.000Z</time>
        <extensions>
          <ns3:TrackPointExtension>
            <ns3:atemp>25.0</ns3:atemp>
          </ns3:TrackPointExtension>
        </extensions>
      </trkpt>
      <trkpt lat="45.7616352103650569915771484375" lon="4.85779023729264736175537109375">
        <ele>175.600006103515625</ele>
        <time>2026-05-22T08:16:31.000Z</time>
        <extensions>
          <ns3:TrackPointExtension>
            <ns3:atemp>25.0</ns3:atemp>
          </ns3:TrackPointExtension>
        </extensions>
      </trkpt>
      <trkpt lat="45.76160863973200321197509765625" lon="4.85779040493071079254150390625">
        <ele>175.399993896484375</ele>
        <time>2026-05-22T08:16:32.000Z</time>
        <extensions>
          <ns3:TrackPointExtension>
            <ns3:atemp>25.0</ns3:atemp>
          </ns3:TrackPointExtension>
        </extensions>
      </trkpt>
      <trkpt lat="45.7615788839757442474365234375" lon="4.85779107548296451568603515625">
        <ele>175.399993896484375</ele>
        <time>2026-05-22T08:16:33.000Z</time>
        <extensions>
          <ns3:TrackPointExtension>
            <ns3:atemp>25.0</ns3:atemp>
          </ns3:TrackPointExtension>
        </extensions>
      </trkpt>
      <trkpt lat="45.7615557499229907989501953125" lon="4.85780549235641956329345703125">
        <ele>175.399993896484375</ele>
        <time>2026-05-22T08:16:34.000Z</time>
        <extensions>
          <ns3:TrackPointExtension>
            <ns3:atemp>25.0</ns3:atemp>
          </ns3:TrackPointExtension>
        </extensions>
      </trkpt>
      <trkpt lat="45.761533789336681365966796875" lon="4.8578163050115108489990234375">
        <ele>175.399993896484375</ele>
        <time>2026-05-22T08:16:35.000Z</time>
        <extensions>
          <ns3:TrackPointExtension>
            <ns3:atemp>25.0</ns3:atemp>
          </ns3:TrackPointExtension>
        </extensions>
      </trkpt>
      <trkpt lat="45.76150797307491302490234375" lon="4.8578183166682720184326171875">
        <ele>175.1999969482421875</ele>
        <time>2026-05-22T08:16:36.000Z</time>
        <extensions>
          <ns3:TrackPointExtension>
            <ns3:atemp>25.0</ns3:atemp>
          </ns3:TrackPointExtension>
        </extensions>
      </trkpt>
      <trkpt lat="45.76147687621414661407470703125" lon="4.85781672410666942596435546875">
        <ele>175.1999969482421875</ele>
        <time>2026-05-22T08:16:37.000Z</time>
        <extensions>
          <ns3:TrackPointExtension>
            <ns3:atemp>25.0</ns3:atemp>
          </ns3:TrackPointExtension>
        </extensions>
      </trkpt>
      <trkpt lat="45.76144418679177761077880859375" lon="4.85782611183822154998779296875">
        <ele>175.1999969482421875</ele>
        <time>2026-05-22T08:16:38.000Z</time>
        <extensions>
          <ns3:TrackPointExtension>
            <ns3:atemp>25.0</ns3:atemp>
          </ns3:TrackPointExtension>
        </extensions>
      </trkpt>
      <trkpt lat="45.76143463142216205596923828125" lon="4.85786198638379573822021484375">
        <ele>175</ele>
        <time>2026-05-22T08:16:39.000Z</time>
        <extensions>
          <ns3:TrackPointExtension>
            <ns3:atemp>25.0</ns3:atemp>
          </ns3:TrackPointExtension>
        </extensions>
      </trkpt>
      <trkpt lat="45.7614375650882720947265625" lon="4.85790356062352657318115234375">
        <ele>175</ele>
        <time>2026-05-22T08:16:40.000Z</time>
        <extensions>
          <ns3:TrackPointExtension>
            <ns3:atemp>25.0</ns3:atemp>
          </ns3:TrackPointExtension>
        </extensions>
      </trkpt>
      <trkpt lat="45.76144619844853878021240234375" lon="4.8579383455216884613037109375">
        <ele>175</ele>
        <time>2026-05-22T08:16:41.000Z</time>
        <extensions>
          <ns3:TrackPointExtension>
            <ns3:atemp>25.0</ns3:atemp>
          </ns3:TrackPointExtension>
        </extensions>
      </trkpt>
      <trkpt lat="45.76144770719110965728759765625" lon="4.85797329805791378021240234375">
        <ele>175</ele>
        <time>2026-05-22T08:16:42.000Z</time>
        <extensions>
          <ns3:TrackPointExtension>
            <ns3:atemp>25.0</ns3:atemp>
          </ns3:TrackPointExtension>
        </extensions>
      </trkpt>
      <trkpt lat="45.76144485734403133392333984375" lon="4.85800514928996562957763671875">
        <ele>175</ele>
        <time>2026-05-22T08:16:43.000Z</time>
        <extensions>
          <ns3:TrackPointExtension>
            <ns3:atemp>25.0</ns3:atemp>
          </ns3:TrackPointExtension>
        </extensions>
      </trkpt>
      <trkpt lat="45.7614407502114772796630859375" lon="4.85803850926458835601806640625">
        <ele>175.1999969482421875</ele>
        <time>2026-05-22T08:16:44.000Z</time>
        <extensions>
          <ns3:TrackPointExtension>
            <ns3:atemp>25.0</ns3:atemp>
          </ns3:TrackPointExtension>
        </extensions>
      </trkpt>
      <trkpt lat="45.76143781654536724090576171875" lon="4.85807505436241626739501953125">
        <ele>175.1999969482421875</ele>
        <time>2026-05-22T08:16:45.000Z</time>
        <extensions>
          <ns3:TrackPointExtension>
            <ns3:atemp>25.0</ns3:atemp>
          </ns3:TrackPointExtension>
        </extensions>
      </trkpt>
      <trkpt lat="45.76143555343151092529296875" lon="4.8581157065927982330322265625">
        <ele>175.1999969482421875</ele>
        <time>2026-05-22T08:16:46.000Z</time>
        <extensions>
          <ns3:TrackPointExtension>
            <ns3:atemp>25.0</ns3:atemp>
          </ns3:TrackPointExtension>
        </extensions>
      </trkpt>
      <trkpt lat="45.76143094338476657867431640625" lon="4.8581604659557342529296875">
        <ele>175.399993896484375</ele>
        <time>2026-05-22T08:16:47.000Z</time>
        <extensions>
          <ns3:TrackPointExtension>
            <ns3:atemp>25.0</ns3:atemp>
          </ns3:TrackPointExtension>
        </extensions>
      </trkpt>
      <trkpt lat="45.761422477662563323974609375" lon="4.85818720422685146331787109375">
        <ele>175.399993896484375</ele>
        <time>2026-05-22T08:16:48.000Z</time>
        <extensions>
          <ns3:TrackPointExtension>
            <ns3:atemp>25.0</ns3:atemp>
          </ns3:TrackPointExtension>
        </extensions>
      </trkpt>
      <trkpt lat="45.76140797697007656097412109375" lon="4.858199693262577056884765625">
        <ele>175.399993896484375</ele>
        <time>2026-05-22T08:16:49.000Z</time>
        <extensions>
          <ns3:TrackPointExtension>
            <ns3:atemp>25.0</ns3:atemp>
          </ns3:TrackPointExtension>
        </extensions>
      </trkpt>
      <trkpt lat="45.7613948173820972442626953125" lon="4.85821017064154148101806640625">
        <ele>175.399993896484375</ele>
        <time>2026-05-22T08:16:50.000Z</time>
        <extensions>
          <ns3:TrackPointExtension>
            <ns3:atemp>25.0</ns3:atemp>
          </ns3:TrackPointExtension>
        </extensions>
      </trkpt>
      <trkpt lat="45.76138283126056194305419921875" lon="4.8582199774682521820068359375">
        <ele>175.399993896484375</ele>
        <time>2026-05-22T08:16:51.000Z</time>
        <extensions>
          <ns3:TrackPointExtension>
            <ns3:atemp>25.0</ns3:atemp>
          </ns3:TrackPointExtension>
        </extensions>
      </trkpt>
      <trkpt lat="45.76136925257742404937744140625" lon="4.85822224058210849761962890625">
        <ele>175.1999969482421875</ele>
        <time>2026-05-22T08:16:52.000Z</time>
        <extensions>
          <ns3:TrackPointExtension>
            <ns3:atemp>25.0</ns3:atemp>
          </ns3:TrackPointExtension>
        </extensions>
      </trkpt>
      <trkpt lat="45.76135575771331787109375" lon="4.85821545124053955078125">
        <ele>175.1999969482421875</ele>
        <time>2026-05-22T08:16:53.000Z</time>
        <extensions>
          <ns3:TrackPointExtension>
            <ns3:atemp>25.0</ns3:atemp>
          </ns3:TrackPointExtension>
        </extensions>
      </trkpt>
      <trkpt lat="45.7613368146121501922607421875" lon="4.85820832662284374237060546875">
        <ele>175</ele>
        <time>2026-05-22T08:16:54.000Z</time>
        <extensions>
          <ns3:TrackPointExtension>
            <ns3:atemp>25.0</ns3:atemp>
          </ns3:TrackPointExtension>
        </extensions>
      </trkpt>
      <trkpt lat="45.7613163627684116363525390625" lon="4.85820916481316089630126953125">
        <ele>174.8000030517578125</ele>
        <time>2026-05-22T08:16:55.000Z</time>
        <extensions>
          <ns3:TrackPointExtension>
            <ns3:atemp>25.0</ns3:atemp>
          </ns3:TrackPointExtension>
        </extensions>
      </trkpt>
      <trkpt lat="45.7612979225814342498779296875" lon="4.858214445412158966064453125">
        <ele>174.8000030517578125</ele>
        <time>2026-05-22T08:16:56.000Z</time>
        <extensions>
          <ns3:TrackPointExtension>
            <ns3:atemp>25.0</ns3:atemp>
          </ns3:TrackPointExtension>
        </extensions>
      </trkpt>
      <trkpt lat="45.7612731121480464935302734375" lon="4.8582196421921253204345703125">
        <ele>174.8000030517578125</ele>
        <time>2026-05-22T08:16:57.000Z</time>
        <extensions>
          <ns3:TrackPointExtension>
            <ns3:atemp>25.0</ns3:atemp>
          </ns3:TrackPointExtension>
        </extensions>
      </trkpt>
      <trkpt lat="45.761251151561737060546875" lon="4.8582275211811065673828125">
        <ele>174.8000030517578125</ele>
        <time>2026-05-22T08:16:58.000Z</time>
        <extensions>
          <ns3:TrackPointExtension>
            <ns3:atemp>25.0</ns3:atemp>
          </ns3:TrackPointExtension>
        </extensions>
      </trkpt>
      <trkpt lat="45.761229358613491058349609375" lon="4.85823615454137325286865234375">
        <ele>174.8000030517578125</ele>
        <time>2026-05-22T08:16:59.000Z</time>
        <extensions>
          <ns3:TrackPointExtension>
            <ns3:atemp>25.0</ns3:atemp>
          </ns3:TrackPointExtension>
        </extensions>
      </trkpt>
      <trkpt lat="45.7612063921988010406494140625" lon="4.85824269242584705352783203125">
        <ele>175</ele>
        <time>2026-05-22T08:17:00.000Z</time>
        <extensions>
          <ns3:TrackPointExtension>
            <ns3:atemp>25.0</ns3:atemp>
          </ns3:TrackPointExtension>
        </extensions>
      </trkpt>
      <trkpt lat="45.7611835934221744537353515625" lon="4.85824671573936939239501953125">
        <ele>175</ele>
        <time>2026-05-22T08:17:01.000Z</time>
        <extensions>
          <ns3:TrackPointExtension>
            <ns3:atemp>25.0</ns3:atemp>
          </ns3:TrackPointExtension>
        </extensions>
      </trkpt>
      <trkpt lat="45.761160291731357574462890625" lon="4.85825903713703155517578125">
        <ele>175</ele>
        <time>2026-05-22T08:17:02.000Z</time>
        <extensions>
          <ns3:TrackPointExtension>
            <ns3:atemp>25.0</ns3:atemp>
          </ns3:TrackPointExtension>
        </extensions>
      </trkpt>
      <trkpt lat="45.76113807968795299530029296875" lon="4.8582746274769306182861328125">
        <ele>175</ele>
        <time>2026-05-22T08:17:03.000Z</time>
        <extensions>
          <ns3:TrackPointExtension>
            <ns3:atemp>25.0</ns3:atemp>
          </ns3:TrackPointExtension>
        </extensions>
      </trkpt>
      <trkpt lat="45.76111611910164356231689453125" lon="4.8582883737981319427490234375">
        <ele>175.1999969482421875</ele>
        <time>2026-05-22T08:17:04.000Z</time>
        <extensions>
          <ns3:TrackPointExtension>
            <ns3:atemp>25.0</ns3:atemp>
          </ns3:TrackPointExtension>
        </extensions>
      </trkpt>
      <trkpt lat="45.76109717600047588348388671875" lon="4.8583081550896167755126953125">
        <ele>175.1999969482421875</ele>
        <time>2026-05-22T08:17:05.000Z</time>
        <extensions>
          <ns3:TrackPointExtension>
            <ns3:atemp>25.0</ns3:atemp>
          </ns3:TrackPointExtension>
        </extensions>
      </trkpt>
      <trkpt lat="45.7610763050615787506103515625" lon="4.85833204351365566253662109375">
        <ele>175.1999969482421875</ele>
        <time>2026-05-22T08:17:06.000Z</time>
        <extensions>
          <ns3:TrackPointExtension>
            <ns3:atemp>25.0</ns3:atemp>
          </ns3:TrackPointExtension>
        </extensions>
      </trkpt>
      <trkpt lat="45.7610595412552356719970703125" lon="4.8583634756505489349365234375">
        <ele>175.1999969482421875</ele>
        <time>2026-05-22T08:17:07.000Z</time>
        <extensions>
          <ns3:TrackPointExtension>
            <ns3:atemp>25.0</ns3:atemp>
          </ns3:TrackPointExtension>
        </extensions>
      </trkpt>
      <trkpt lat="45.76104906387627124786376953125" lon="4.85840010456740856170654296875">
        <ele>175.1999969482421875</ele>
        <time>2026-05-22T08:17:08.000Z</time>
        <extensions>
          <ns3:TrackPointExtension>
            <ns3:atemp>25.0</ns3:atemp>
          </ns3:TrackPointExtension>
        </extensions>
      </trkpt>
      <trkpt lat="45.76102928258478641510009765625" lon="4.8584353923797607421875">
        <ele>175.1999969482421875</ele>
        <time>2026-05-22T08:17:09.000Z</time>
        <extensions>
          <ns3:TrackPointExtension>
            <ns3:atemp>25.0</ns3:atemp>
          </ns3:TrackPointExtension>
        </extensions>
      </trkpt>
      <trkpt lat="45.76100514270365238189697265625" lon="4.8584590293467044830322265625">
        <ele>175.1999969482421875</ele>
        <time>2026-05-22T08:17:10.000Z</time>
        <extensions>
          <ns3:TrackPointExtension>
            <ns3:atemp>25.0</ns3:atemp>
          </ns3:TrackPointExtension>
        </extensions>
      </trkpt>
      <trkpt lat="45.7609789073467254638671875" lon="4.858475960791110992431640625">
        <ele>175</ele>
        <time>2026-05-22T08:17:11.000Z</time>
        <extensions>
          <ns3:TrackPointExtension>
            <ns3:atemp>25.0</ns3:atemp>
          </ns3:TrackPointExtension>
        </extensions>
      </trkpt>
      <trkpt lat="45.76095317490398883819580078125" lon="4.85849146731197834014892578125">
        <ele>175</ele>
        <time>2026-05-22T08:17:12.000Z</time>
        <extensions>
          <ns3:TrackPointExtension>
            <ns3:atemp>25.0</ns3:atemp>
          </ns3:TrackPointExtension>
        </extensions>
      </trkpt>
      <trkpt lat="45.7609252631664276123046875" lon="4.85849766992032527923583984375">
        <ele>175</ele>
        <time>2026-05-22T08:17:13.000Z</time>
        <extensions>
          <ns3:TrackPointExtension>
            <ns3:atemp>25.0</ns3:atemp>
          </ns3:TrackPointExtension>
        </extensions>
      </trkpt>
      <trkpt lat="45.76090020127594470977783203125" lon="4.8584992624819278717041015625">
        <ele>174.8000030517578125</ele>
        <time>2026-05-22T08:17:14.000Z</time>
        <extensions>
          <ns3:TrackPointExtension>
            <ns3:atemp>25.0</ns3:atemp>
          </ns3:TrackPointExtension>
        </extensions>
      </trkpt>
      <trkpt lat="45.76087287627160549163818359375" lon="4.85850035212934017181396484375">
        <ele>174.8000030517578125</ele>
        <time>2026-05-22T08:17:15.000Z</time>
        <extensions>
          <ns3:TrackPointExtension>
            <ns3:atemp>25.0</ns3:atemp>
          </ns3:TrackPointExtension>
        </extensions>
      </trkpt>
      <trkpt lat="45.76084588654339313507080078125" lon="4.85849909484386444091796875">
        <ele>174.8000030517578125</ele>
        <time>2026-05-22T08:17:16.000Z</time>
        <extensions>
          <ns3:TrackPointExtension>
            <ns3:atemp>25.0</ns3:atemp>
          </ns3:TrackPointExtension>
        </extensions>
      </trkpt>
      <trkpt lat="45.76081856153905391693115234375" lon="4.858502112329006195068359375">
        <ele>174.600006103515625</ele>
        <time>2026-05-22T08:17:17.000Z</time>
        <extensions>
          <ns3:TrackPointExtension>
            <ns3:atemp>25.0</ns3:atemp>
          </ns3:TrackPointExtension>
        </extensions>
      </trkpt>
      <trkpt lat="45.76079039834439754486083984375" lon="4.858506135642528533935546875">
        <ele>174.600006103515625</ele>
        <time>2026-05-22T08:17:18.000Z</time>
        <extensions>
          <ns3:TrackPointExtension>
            <ns3:atemp>25.0</ns3:atemp>
          </ns3:TrackPointExtension>
        </extensions>
      </trkpt>
      <trkpt lat="45.76076257042586803436279296875" lon="4.85851007513701915740966796875">
        <ele>174.600006103515625</ele>
        <time>2026-05-22T08:17:19.000Z</time>
        <extensions>
          <ns3:TrackPointExtension>
            <ns3:atemp>25.0</ns3:atemp>
          </ns3:TrackPointExtension>
        </extensions>
      </trkpt>
      <trkpt lat="45.76073826290667057037353515625" lon="4.858522228896617889404296875">
        <ele>174.600006103515625</ele>
        <time>2026-05-22T08:17:20.000Z</time>
        <extensions>
          <ns3:TrackPointExtension>
            <ns3:atemp>25.0</ns3:atemp>
          </ns3:TrackPointExtension>
        </extensions>
      </trkpt>
      <trkpt lat="45.76071730814874172210693359375" lon="4.8585378192365169525146484375">
        <ele>174.600006103515625</ele>
        <time>2026-05-22T08:17:21.000Z</time>
        <extensions>
          <ns3:TrackPointExtension>
            <ns3:atemp>25.0</ns3:atemp>
          </ns3:TrackPointExtension>
        </extensions>
      </trkpt>
      <trkpt lat="45.760696269571781158447265625" lon="4.85855550505220890045166015625">
        <ele>174.399993896484375</ele>
        <time>2026-05-22T08:17:22.000Z</time>
        <extensions>
          <ns3:TrackPointExtension>
            <ns3:atemp>25.0</ns3:atemp>
          </ns3:TrackPointExtension>
        </extensions>
      </trkpt>
      <trkpt lat="45.76067958958446979522705078125" lon="4.8585827462375164031982421875">
        <ele>174.399993896484375</ele>
        <time>2026-05-22T08:17:23.000Z</time>
        <extensions>
          <ns3:TrackPointExtension>
            <ns3:atemp>25.0</ns3:atemp>
          </ns3:TrackPointExtension>
        </extensions>
      </trkpt>
      <trkpt lat="45.76067623682320117950439453125" lon="4.8586115799844264984130859375">
        <ele>174.399993896484375</ele>
        <time>2026-05-22T08:17:24.000Z</time>
        <extensions>
          <ns3:TrackPointExtension>
            <ns3:atemp>25.0</ns3:atemp>
          </ns3:TrackPointExtension>
        </extensions>
      </trkpt>
      <trkpt lat="45.76067858375608921051025390625" lon="4.85862381756305694580078125">
        <ele>174.399993896484375</ele>
        <time>2026-05-22T08:17:25.000Z</time>
        <extensions>
          <ns3:TrackPointExtension>
            <ns3:atemp>25.0</ns3:atemp>
          </ns3:TrackPointExtension>
        </extensions>
      </trkpt>
      <trkpt lat="45.760677494108676910400390625" lon="4.85862507484853267669677734375">
        <ele>174.1999969482421875</ele>
        <time>2026-05-22T08:17:26.000Z</time>
        <extensions>
          <ns3:TrackPointExtension>
            <ns3:atemp>25.0</ns3:atemp>
          </ns3:TrackPointExtension>
        </extensions>
      </trkpt>
      <trkpt lat="45.76067707501351833343505859375" lon="4.8586266674101352691650390625">
        <ele>174.1999969482421875</ele>
        <time>2026-05-22T08:17:27.000Z</time>
        <extensions>
          <ns3:TrackPointExtension>
            <ns3:atemp>25.0</ns3:atemp>
          </ns3:TrackPointExtension>
        </extensions>
      </trkpt>
      <trkpt lat="45.7606662623584270477294921875" lon="4.8586843349039554595947265625">
        <ele>174.1999969482421875</ele>
        <time>2026-05-22T08:17:45.000Z</time>
        <extensions>
          <ns3:TrackPointExtension>
            <ns3:atemp>26.0</ns3:atemp>
          </ns3:TrackPointExtension>
        </extensions>
      </trkpt>
      <trkpt lat="45.760658718645572662353515625" lon="4.8587138392031192779541015625">
        <ele>174.1999969482421875</ele>
        <time>2026-05-22T08:17:46.000Z</time>
        <extensions>
          <ns3:TrackPointExtension>
            <ns3:atemp>26.0</ns3:atemp>
          </ns3:TrackPointExtension>
        </extensions>
      </trkpt>
      <trkpt lat="45.7606515102088451385498046875" lon="4.8587446846067905426025390625">
        <ele>174</ele>
        <time>2026-05-22T08:17:47.000Z</time>
        <extensions>
          <ns3:TrackPointExtension>
            <ns3:atemp>26.0</ns3:atemp>
          </ns3:TrackPointExtension>
        </extensions>
      </trkpt>
      <trkpt lat="45.76064564287662506103515625" lon="4.85877938568592071533203125">
        <ele>174</ele>
        <time>2026-05-22T08:17:48.000Z</time>
        <extensions>
          <ns3:TrackPointExtension>
            <ns3:atemp>26.0</ns3:atemp>
          </ns3:TrackPointExtension>
        </extensions>
      </trkpt>
      <trkpt lat="45.7606414519250392913818359375" lon="4.85881769098341464996337890625">
        <ele>173.8000030517578125</ele>
        <time>2026-05-22T08:17:49.000Z</time>
        <extensions>
          <ns3:TrackPointExtension>
            <ns3:atemp>26.0</ns3:atemp>
          </ns3:TrackPointExtension>
        </extensions>
      </trkpt>
      <trkpt lat="45.76063768006861209869384765625" lon="4.8588580079376697540283203125">
        <ele>173.8000030517578125</ele>
        <time>2026-05-22T08:17:50.000Z</time>
        <extensions>
          <ns3:TrackPointExtension>
            <ns3:atemp>26.0</ns3:atemp>
          </ns3:TrackPointExtension>
        </extensions>
      </trkpt>
      <trkpt lat="45.76062954962253570556640625" lon="4.8588962294161319732666015625">
        <ele>173.8000030517578125</ele>
        <time>2026-05-22T08:17:51.000Z</time>
        <extensions>
          <ns3:TrackPointExtension>
            <ns3:atemp>26.0</ns3:atemp>
          </ns3:TrackPointExtension>
        </extensions>
      </trkpt>
      <trkpt lat="45.76061974279582500457763671875" lon="4.8589290864765644073486328125">
        <ele>173.600006103515625</ele>
        <time>2026-05-22T08:17:52.000Z</time>
        <extensions>
          <ns3:TrackPointExtension>
            <ns3:atemp>26.0</ns3:atemp>
          </ns3:TrackPointExtension>
        </extensions>
      </trkpt>
      <trkpt lat="45.76060784049332141876220703125" lon="4.85895666293799877166748046875">
        <ele>173.600006103515625</ele>
        <time>2026-05-22T08:17:53.000Z</time>
        <extensions>
          <ns3:TrackPointExtension>
            <ns3:atemp>26.0</ns3:atemp>
          </ns3:TrackPointExtension>
        </extensions>
      </trkpt>
      <trkpt lat="45.7605985365808010101318359375" lon="4.85897912643849849700927734375">
        <ele>173.600006103515625</ele>
        <time>2026-05-22T08:17:54.000Z</time>
        <extensions>
          <ns3:TrackPointExtension>
            <ns3:atemp>26.0</ns3:atemp>
          </ns3:TrackPointExtension>
        </extensions>
      </trkpt>
      <trkpt lat="45.76059736311435699462890625" lon="4.85900678671896457672119140625">
        <ele>173.600006103515625</ele>
        <time>2026-05-22T08:17:55.000Z</time>
        <extensions>
          <ns3:TrackPointExtension>
            <ns3:atemp>26.0</ns3:atemp>
          </ns3:TrackPointExtension>
        </extensions>
      </trkpt>
      <trkpt lat="45.76060063205659389495849609375" lon="4.8590283282101154327392578125">
        <ele>173.600006103515625</ele>
        <time>2026-05-22T08:17:56.000Z</time>
        <extensions>
          <ns3:TrackPointExtension>
            <ns3:atemp>26.0</ns3:atemp>
          </ns3:TrackPointExtension>
        </extensions>
      </trkpt>
      <trkpt lat="45.7605965249240398406982421875" lon="4.859039224684238433837890625">
        <ele>173.600006103515625</ele>
        <time>2026-05-22T08:17:57.000Z</time>
        <extensions>
          <ns3:TrackPointExtension>
            <ns3:atemp>26.0</ns3:atemp>
          </ns3:TrackPointExtension>
        </extensions>
      </trkpt>
      <trkpt lat="45.7605908252298831939697265625" lon="4.8590471036732196807861328125">
        <ele>173.399993896484375</ele>
        <time>2026-05-22T08:17:58.000Z</time>
        <extensions>
          <ns3:TrackPointExtension>
            <ns3:atemp>26.0</ns3:atemp>
          </ns3:TrackPointExtension>
        </extensions>
      </trkpt>
      <trkpt lat="45.76058839447796344757080078125" lon="4.85905087552964687347412109375">
        <ele>173.399993896484375</ele>
        <time>2026-05-22T08:17:59.000Z</time>
        <extensions>
          <ns3:TrackPointExtension>
            <ns3:atemp>26.0</ns3:atemp>
          </ns3:TrackPointExtension>
        </extensions>
      </trkpt>
      <trkpt lat="45.76058420352637767791748046875" lon="4.85905565321445465087890625">
        <ele>173.399993896484375</ele>
        <time>2026-05-22T08:18:00.000Z</time>
        <extensions>
          <ns3:TrackPointExtension>
            <ns3:atemp>26.0</ns3:atemp>
          </ns3:TrackPointExtension>
        </extensions>
      </trkpt>
      <trkpt lat="45.76058797538280487060546875" lon="4.8590590059757232666015625">
        <ele>173.399993896484375</ele>
        <time>2026-05-22T08:18:01.000Z</time>
        <extensions>
          <ns3:TrackPointExtension>
            <ns3:atemp>26.0</ns3:atemp>
          </ns3:TrackPointExtension>
        </extensions>
      </trkpt>
      <trkpt lat="45.76058839447796344757080078125" lon="4.85906043089926242828369140625">
        <ele>173.399993896484375</ele>
        <time>2026-05-22T08:18:02.000Z</time>
        <extensions>
          <ns3:TrackPointExtension>
            <ns3:atemp>26.0</ns3:atemp>
          </ns3:TrackPointExtension>
        </extensions>
      </trkpt>
      <trkpt lat="45.76058990322053432464599609375" lon="4.85906026326119899749755859375">
        <ele>173.399993896484375</ele>
        <time>2026-05-22T08:18:03.000Z</time>
        <extensions>
          <ns3:TrackPointExtension>
            <ns3:atemp>26.0</ns3:atemp>
          </ns3:TrackPointExtension>
        </extensions>
      </trkpt>
      <trkpt lat="45.7605918310582637786865234375" lon="4.8590670526027679443359375">
        <ele>173.399993896484375</ele>
        <time>2026-05-22T08:18:04.000Z</time>
        <extensions>
          <ns3:TrackPointExtension>
            <ns3:atemp>26.0</ns3:atemp>
          </ns3:TrackPointExtension>
        </extensions>
      </trkpt>
    </trkseg>
  </trk>
  <trk>
    <name>Paris Gravel Cycling</name>
    <type>gravel_cycling</type>
    <trkseg>
      <trkpt lat="48.8458101265132427215576171875" lon="2.36786727793514728546142578125">
        <ele>39.799999237060546875</ele>
        <time>2026-05-22T11:31:40.000Z</time>
        <extensions>
          <ns3:TrackPointExtension>
            <ns3:atemp>28.0</ns3:atemp>
          </ns3:TrackPointExtension>
        </extensions>
      </trkpt>
      <trkpt lat="48.84583619423210620880126953125" lon="2.36785369925200939178466796875">
        <ele>38.40000152587890625</ele>
        <time>2026-05-22T11:31:41.000Z</time>
        <extensions>
          <ns3:TrackPointExtension>
            <ns3:atemp>28.0</ns3:atemp>
          </ns3:TrackPointExtension>
        </extensions>
      </trkpt>
      <trkpt lat="48.84583401493728160858154296875" lon="2.36786526627838611602783203125">
        <ele>38.40000152587890625</ele>
        <time>2026-05-22T11:31:42.000Z</time>
        <extensions>
          <ns3:TrackPointExtension>
            <ns3:atemp>28.0</ns3:atemp>
          </ns3:TrackPointExtension>
        </extensions>
      </trkpt>
      <trkpt lat="48.8457258045673370361328125" lon="2.36776988022029399871826171875">
        <ele>38.40000152587890625</ele>
        <time>2026-05-22T11:31:43.000Z</time>
        <extensions>
          <ns3:TrackPointExtension>
            <ns3:atemp>28.0</ns3:atemp>
          </ns3:TrackPointExtension>
        </extensions>
      </trkpt>
      <trkpt lat="48.84583954699337482452392578125" lon="2.3678217642009258270263671875">
        <ele>38.200000762939453125</ele>
        <time>2026-05-22T11:31:52.000Z</time>
        <extensions>
          <ns3:TrackPointExtension>
            <ns3:atemp>28.0</ns3:atemp>
          </ns3:TrackPointExtension>
        </extensions>
      </trkpt>
      <trkpt lat="48.84585128165781497955322265625" lon="2.3678210936486721038818359375">
        <ele>38.59999847412109375</ele>
        <time>2026-05-22T11:31:53.000Z</time>
        <extensions>
          <ns3:TrackPointExtension>
            <ns3:atemp>28.0</ns3:atemp>
          </ns3:TrackPointExtension>
        </extensions>
      </trkpt>
      <trkpt lat="48.84586066938936710357666015625" lon="2.36780961044132709503173828125">
        <ele>38.799999237060546875</ele>
        <time>2026-05-22T11:31:54.000Z</time>
        <extensions>
          <ns3:TrackPointExtension>
            <ns3:atemp>28.0</ns3:atemp>
          </ns3:TrackPointExtension>
        </extensions>
      </trkpt>
      <trkpt lat="48.84587927721440792083740234375" lon="2.367797456681728363037109375">
        <ele>38.799999237060546875</ele>
        <time>2026-05-22T11:31:55.000Z</time>
        <extensions>
          <ns3:TrackPointExtension>
            <ns3:atemp>28.0</ns3:atemp>
          </ns3:TrackPointExtension>
        </extensions>
      </trkpt>
      <trkpt lat="48.845891095697879791259765625" lon="2.36778915859758853912353515625">
        <ele>39</ele>
        <time>2026-05-22T11:31:56.000Z</time>
        <extensions>
          <ns3:TrackPointExtension>
            <ns3:atemp>28.0</ns3:atemp>
          </ns3:TrackPointExtension>
        </extensions>
      </trkpt>
      <trkpt lat="48.84589805267751216888427734375" lon="2.36778664402663707733154296875">
        <ele>39</ele>
        <time>2026-05-22T11:31:57.000Z</time>
        <extensions>
          <ns3:TrackPointExtension>
            <ns3:atemp>28.0</ns3:atemp>
          </ns3:TrackPointExtension>
        </extensions>
      </trkpt>
      <trkpt lat="48.84590827859938144683837890625" lon="2.3677936010062694549560546875">
        <ele>39</ele>
        <time>2026-05-22T11:31:58.000Z</time>
        <extensions>
          <ns3:TrackPointExtension>
            <ns3:atemp>28.0</ns3:atemp>
          </ns3:TrackPointExtension>
        </extensions>
      </trkpt>
      <trkpt lat="48.8459133915603160858154296875" lon="2.36778429709374904632568359375">
        <ele>39</ele>
        <time>2026-05-22T11:31:59.000Z</time>
        <extensions>
          <ns3:TrackPointExtension>
            <ns3:atemp>28.0</ns3:atemp>
          </ns3:TrackPointExtension>
        </extensions>
      </trkpt>
      <trkpt lat="48.84593560360372066497802734375" lon="2.36776485107839107513427734375">
        <ele>39</ele>
        <time>2026-05-22T11:32:00.000Z</time>
        <extensions>
          <ns3:TrackPointExtension>
            <ns3:atemp>28.0</ns3:atemp>
          </ns3:TrackPointExtension>
        </extensions>
      </trkpt>
      <trkpt lat="48.84594901464879512786865234375" lon="2.36774154938757419586181640625">
        <ele>39</ele>
        <time>2026-05-22T11:32:01.000Z</time>
        <extensions>
          <ns3:TrackPointExtension>
            <ns3:atemp>28.0</ns3:atemp>
          </ns3:TrackPointExtension>
        </extensions>
      </trkpt>
      <trkpt lat="48.8459650240838527679443359375" lon="2.367682121694087982177734375">
        <ele>39</ele>
        <time>2026-05-22T11:32:02.000Z</time>
        <extensions>
          <ns3:TrackPointExtension>
            <ns3:atemp>28.0</ns3:atemp>
          </ns3:TrackPointExtension>
        </extensions>
      </trkpt>
      <trkpt lat="48.845972232520580291748046875" lon="2.3676286451518535614013671875">
        <ele>39</ele>
        <time>2026-05-22T11:32:03.000Z</time>
        <extensions>
          <ns3:TrackPointExtension>
            <ns3:atemp>28.0</ns3:atemp>
          </ns3:TrackPointExtension>
        </extensions>
      </trkpt>
      <trkpt lat="48.845986984670162200927734375" lon="2.36759863793849945068359375">
        <ele>38.799999237060546875</ele>
        <time>2026-05-22T11:32:04.000Z</time>
        <extensions>
          <ns3:TrackPointExtension>
            <ns3:atemp>28.0</ns3:atemp>
          </ns3:TrackPointExtension>
        </extensions>
      </trkpt>
      <trkpt lat="48.84600835852324962615966796875" lon="2.36756938509643077850341796875">
        <ele>38.799999237060546875</ele>
        <time>2026-05-22T11:32:05.000Z</time>
        <extensions>
          <ns3:TrackPointExtension>
            <ns3:atemp>28.0</ns3:atemp>
          </ns3:TrackPointExtension>
        </extensions>
      </trkpt>
      <trkpt lat="48.8460374437272548675537109375" lon="2.36752043478190898895263671875">
        <ele>39</ele>
        <time>2026-05-22T11:32:06.000Z</time>
        <extensions>
          <ns3:TrackPointExtension>
            <ns3:atemp>28.0</ns3:atemp>
          </ns3:TrackPointExtension>
        </extensions>
      </trkpt>
      <trkpt lat="48.84607155807316303253173828125" lon="2.36747601069509983062744140625">
        <ele>39</ele>
        <time>2026-05-22T11:32:07.000Z</time>
        <extensions>
          <ns3:TrackPointExtension>
            <ns3:atemp>28.0</ns3:atemp>
          </ns3:TrackPointExtension>
        </extensions>
      </trkpt>
      <trkpt lat="48.8461095280945301055908203125" lon="2.36742421053349971771240234375">
        <ele>39.200000762939453125</ele>
        <time>2026-05-22T11:32:08.000Z</time>
        <extensions>
          <ns3:TrackPointExtension>
            <ns3:atemp>28.0</ns3:atemp>
          </ns3:TrackPointExtension>
        </extensions>
      </trkpt>
      <trkpt lat="48.8461527787148952484130859375" lon="2.36736821942031383514404296875">
        <ele>39.40000152587890625</ele>
        <time>2026-05-22T11:32:09.000Z</time>
        <extensions>
          <ns3:TrackPointExtension>
            <ns3:atemp>28.0</ns3:atemp>
          </ns3:TrackPointExtension>
        </extensions>
      </trkpt>
      <trkpt lat="48.84619879536330699920654296875" lon="2.3673069477081298828125">
        <ele>39.59999847412109375</ele>
        <time>2026-05-22T11:32:10.000Z</time>
        <extensions>
          <ns3:TrackPointExtension>
            <ns3:atemp>28.0</ns3:atemp>
          </ns3:TrackPointExtension>
        </extensions>
      </trkpt>
      <trkpt lat="48.846239782869815826416015625" lon="2.36724592745304107666015625">
        <ele>39.59999847412109375</ele>
        <time>2026-05-22T11:32:11.000Z</time>
        <extensions>
          <ns3:TrackPointExtension>
            <ns3:atemp>29.0</ns3:atemp>
          </ns3:TrackPointExtension>
        </extensions>
      </trkpt>
      <trkpt lat="48.8462890684604644775390625" lon="2.36717845313251018524169921875">
        <ele>39.799999237060546875</ele>
        <time>2026-05-22T11:32:12.000Z</time>
        <extensions>
          <ns3:TrackPointExtension>
            <ns3:atemp>28.0</ns3:atemp>
          </ns3:TrackPointExtension>
        </extensions>
      </trkpt>
      <trkpt lat="48.84633441455662250518798828125" lon="2.36711156554520130157470703125">
        <ele>39.799999237060546875</ele>
        <time>2026-05-22T11:32:13.000Z</time>
        <extensions>
          <ns3:TrackPointExtension>
            <ns3:atemp>29.0</ns3:atemp>
          </ns3:TrackPointExtension>
        </extensions>
      </trkpt>
      <trkpt lat="48.8463737256824970245361328125" lon="2.36704501323401927947998046875">
        <ele>40</ele>
        <time>2026-05-22T11:32:14.000Z</time>
        <extensions>
          <ns3:TrackPointExtension>
            <ns3:atemp>29.0</ns3:atemp>
          </ns3:TrackPointExtension>
        </extensions>
      </trkpt>
      <trkpt lat="48.8464189879596233367919921875" lon="2.36702062189579010009765625">
        <ele>40.200000762939453125</ele>
        <time>2026-05-22T11:32:15.000Z</time>
        <extensions>
          <ns3:TrackPointExtension>
            <ns3:atemp>29.0</ns3:atemp>
          </ns3:TrackPointExtension>
        </extensions>
      </trkpt>
      <trkpt lat="48.8464528508484363555908203125" lon="2.36702405847609043121337890625">
        <ele>40.200000762939453125</ele>
        <time>2026-05-22T11:32:16.000Z</time>
        <extensions>
          <ns3:TrackPointExtension>
            <ns3:atemp>29.0</ns3:atemp>
          </ns3:TrackPointExtension>
        </extensions>
      </trkpt>
      <trkpt lat="48.8464843668043613433837890625" lon="2.367030680179595947265625">
        <ele>40.40000152587890625</ele>
        <time>2026-05-22T11:32:17.000Z</time>
        <extensions>
          <ns3:TrackPointExtension>
            <ns3:atemp>29.0</ns3:atemp>
          </ns3:TrackPointExtension>
        </extensions>
      </trkpt>
      <trkpt lat="48.84651060216128826141357421875" lon="2.36703579314053058624267578125">
        <ele>40.40000152587890625</ele>
        <time>2026-05-22T11:32:18.000Z</time>
        <extensions>
          <ns3:TrackPointExtension>
            <ns3:atemp>29.0</ns3:atemp>
          </ns3:TrackPointExtension>
        </extensions>
      </trkpt>
      <trkpt lat="48.84651730768382549285888671875" lon="2.36703478731215000152587890625">
        <ele>40.40000152587890625</ele>
        <time>2026-05-22T11:32:19.000Z</time>
        <extensions>
          <ns3:TrackPointExtension>
            <ns3:atemp>29.0</ns3:atemp>
          </ns3:TrackPointExtension>
        </extensions>
      </trkpt>
      <trkpt lat="48.84652267210185527801513671875" lon="2.36703076399862766265869140625">
        <ele>40.59999847412109375</ele>
        <time>2026-05-22T11:32:20.000Z</time>
        <extensions>
          <ns3:TrackPointExtension>
            <ns3:atemp>29.0</ns3:atemp>
          </ns3:TrackPointExtension>
        </extensions>
      </trkpt>
      <trkpt lat="48.84651982225477695465087890625" lon="2.36703797243535518646240234375">
        <ele>40.59999847412109375</ele>
        <time>2026-05-22T11:32:21.000Z</time>
        <extensions>
          <ns3:TrackPointExtension>
            <ns3:atemp>29.0</ns3:atemp>
          </ns3:TrackPointExtension>
        </extensions>
      </trkpt>
      <trkpt lat="48.8465259410440921783447265625" lon="2.366998828947544097900390625">
        <ele>39.200000762939453125</ele>
        <time>2026-05-22T11:32:54.000Z</time>
        <extensions>
          <ns3:TrackPointExtension>
            <ns3:atemp>29.0</ns3:atemp>
          </ns3:TrackPointExtension>
        </extensions>
      </trkpt>
      <trkpt lat="48.846538178622722625732421875" lon="2.36697234213352203369140625">
        <ele>39.200000762939453125</ele>
        <time>2026-05-22T11:32:55.000Z</time>
        <extensions>
          <ns3:TrackPointExtension>
            <ns3:atemp>29.0</ns3:atemp>
          </ns3:TrackPointExtension>
        </extensions>
      </trkpt>
      <trkpt lat="48.8465557806193828582763671875" lon="2.36693487502634525299072265625">
        <ele>39.40000152587890625</ele>
        <time>2026-05-22T11:32:56.000Z</time>
        <extensions>
          <ns3:TrackPointExtension>
            <ns3:atemp>29.0</ns3:atemp>
          </ns3:TrackPointExtension>
        </extensions>
      </trkpt>
      <trkpt lat="48.846580088138580322265625" lon="2.36689028330147266387939453125">
        <ele>39.40000152587890625</ele>
        <time>2026-05-22T11:32:57.000Z</time>
        <extensions>
          <ns3:TrackPointExtension>
            <ns3:atemp>29.0</ns3:atemp>
          </ns3:TrackPointExtension>
        </extensions>
      </trkpt>
      <trkpt lat="48.8466070778667926788330078125" lon="2.36683630384504795074462890625">
        <ele>39.59999847412109375</ele>
        <time>2026-05-22T11:32:58.000Z</time>
        <extensions>
          <ns3:TrackPointExtension>
            <ns3:atemp>29.0</ns3:atemp>
          </ns3:TrackPointExtension>
        </extensions>
      </trkpt>
      <trkpt lat="48.84664370678365230560302734375" lon="2.366772852838039398193359375">
        <ele>39.799999237060546875</ele>
        <time>2026-05-22T11:32:59.000Z</time>
        <extensions>
          <ns3:TrackPointExtension>
            <ns3:atemp>29.0</ns3:atemp>
          </ns3:TrackPointExtension>
        </extensions>
      </trkpt>
      <trkpt lat="48.84668494574725627899169921875" lon="2.3667128384113311767578125">
        <ele>40</ele>
        <time>2026-05-22T11:33:00.000Z</time>
        <extensions>
          <ns3:TrackPointExtension>
            <ns3:atemp>29.0</ns3:atemp>
          </ns3:TrackPointExtension>
        </extensions>
      </trkpt>
      <trkpt lat="48.8467318005859851837158203125" lon="2.3666553385555744171142578125">
        <ele>40</ele>
        <time>2026-05-22T11:33:01.000Z</time>
        <extensions>
          <ns3:TrackPointExtension>
            <ns3:atemp>29.0</ns3:atemp>
          </ns3:TrackPointExtension>
        </extensions>
      </trkpt>
      <trkpt lat="48.846782259643077850341796875" lon="2.366595156490802764892578125">
        <ele>40</ele>
        <time>2026-05-22T11:33:02.000Z</time>
        <extensions>
          <ns3:TrackPointExtension>
            <ns3:atemp>30.0</ns3:atemp>
          </ns3:TrackPointExtension>
        </extensions>
      </trkpt>
      <trkpt lat="48.84683364070951938629150390625" lon="2.36653245985507965087890625">
        <ele>40</ele>
        <time>2026-05-22T11:33:03.000Z</time>
        <extensions>
          <ns3:TrackPointExtension>
            <ns3:atemp>30.0</ns3:atemp>
          </ns3:TrackPointExtension>
        </extensions>
      </trkpt>
      <trkpt lat="48.84688275866210460662841796875" lon="2.36647185869514942169189453125">
        <ele>40.200000762939453125</ele>
        <time>2026-05-22T11:33:04.000Z</time>
        <extensions>
          <ns3:TrackPointExtension>
            <ns3:atemp>30.0</ns3:atemp>
          </ns3:TrackPointExtension>
        </extensions>
      </trkpt>
      <trkpt lat="48.84692701511085033416748046875" lon="2.36641134135425090789794921875">
        <ele>40.40000152587890625</ele>
        <time>2026-05-22T11:33:05.000Z</time>
        <extensions>
          <ns3:TrackPointExtension>
            <ns3:atemp>30.0</ns3:atemp>
          </ns3:TrackPointExtension>
        </extensions>
      </trkpt>
      <trkpt lat="48.84697563014924526214599609375" lon="2.3663509078323841094970703125">
        <ele>40.799999237060546875</ele>
        <time>2026-05-22T11:33:06.000Z</time>
        <extensions>
          <ns3:TrackPointExtension>
            <ns3:atemp>30.0</ns3:atemp>
          </ns3:TrackPointExtension>
        </extensions>
      </trkpt>
      <trkpt lat="48.84702424518764019012451171875" lon="2.3662898875772953033447265625">
        <ele>41</ele>
        <time>2026-05-22T11:33:07.000Z</time>
        <extensions>
          <ns3:TrackPointExtension>
            <ns3:atemp>30.0</ns3:atemp>
          </ns3:TrackPointExtension>
        </extensions>
      </trkpt>
      <trkpt lat="48.8470749557018280029296875" lon="2.366227023303508758544921875">
        <ele>41.40000152587890625</ele>
        <time>2026-05-22T11:33:08.000Z</time>
        <extensions>
          <ns3:TrackPointExtension>
            <ns3:atemp>30.0</ns3:atemp>
          </ns3:TrackPointExtension>
        </extensions>
      </trkpt>
      <trkpt lat="48.84712256491184234619140625" lon="2.36616776324808597564697265625">
        <ele>41.59999847412109375</ele>
        <time>2026-05-22T11:33:09.000Z</time>
        <extensions>
          <ns3:TrackPointExtension>
            <ns3:atemp>30.0</ns3:atemp>
          </ns3:TrackPointExtension>
        </extensions>
      </trkpt>
      <trkpt lat="48.84717210195958614349365234375" lon="2.36610054038465023040771484375">
        <ele>41.799999237060546875</ele>
        <time>2026-05-22T11:33:10.000Z</time>
        <extensions>
          <ns3:TrackPointExtension>
            <ns3:atemp>30.0</ns3:atemp>
          </ns3:TrackPointExtension>
        </extensions>
      </trkpt>
      <trkpt lat="48.84722205810248851776123046875" lon="2.366029880940914154052734375">
        <ele>42</ele>
        <time>2026-05-22T11:33:11.000Z</time>
        <extensions>
          <ns3:TrackPointExtension>
            <ns3:atemp>30.0</ns3:atemp>
          </ns3:TrackPointExtension>
        </extensions>
      </trkpt>
      <trkpt lat="48.84727503173053264617919921875" lon="2.3659582994878292083740234375">
        <ele>42.200000762939453125</ele>
        <time>2026-05-22T11:33:12.000Z</time>
        <extensions>
          <ns3:TrackPointExtension>
            <ns3:atemp>30.0</ns3:atemp>
          </ns3:TrackPointExtension>
        </extensions>
      </trkpt>
      <trkpt lat="48.847327418625354766845703125" lon="2.3658929206430912017822265625">
        <ele>42.200000762939453125</ele>
        <time>2026-05-22T11:33:13.000Z</time>
        <extensions>
          <ns3:TrackPointExtension>
            <ns3:atemp>30.0</ns3:atemp>
          </ns3:TrackPointExtension>
        </extensions>
      </trkpt>
      <trkpt lat="48.847379386425018310546875" lon="2.3658352531492710113525390625">
        <ele>42.200000762939453125</ele>
        <time>2026-05-22T11:33:14.000Z</time>
        <extensions>
          <ns3:TrackPointExtension>
            <ns3:atemp>30.0</ns3:atemp>
          </ns3:TrackPointExtension>
        </extensions>
      </trkpt>
      <trkpt lat="48.84742171503603458404541015625" lon="2.36578538082540035247802734375">
        <ele>42</ele>
        <time>2026-05-22T11:33:15.000Z</time>
        <extensions>
          <ns3:TrackPointExtension>
            <ns3:atemp>30.0</ns3:atemp>
          </ns3:TrackPointExtension>
        </extensions>
      </trkpt>
      <trkpt lat="48.84745306335389614105224609375" lon="2.3657544516026973724365234375">
        <ele>41.799999237060546875</ele>
        <time>2026-05-22T11:33:16.000Z</time>
        <extensions>
          <ns3:TrackPointExtension>
            <ns3:atemp>30.0</ns3:atemp>
          </ns3:TrackPointExtension>
        </extensions>
      </trkpt>
      <trkpt lat="48.8474737666547298431396484375" lon="2.3657336644828319549560546875">
        <ele>41.799999237060546875</ele>
        <time>2026-05-22T11:33:17.000Z</time>
        <extensions>
          <ns3:TrackPointExtension>
            <ns3:atemp>30.0</ns3:atemp>
          </ns3:TrackPointExtension>
        </extensions>
      </trkpt>
      <trkpt lat="48.84748290292918682098388671875" lon="2.365714721381664276123046875">
        <ele>41.59999847412109375</ele>
        <time>2026-05-22T11:33:18.000Z</time>
        <extensions>
          <ns3:TrackPointExtension>
            <ns3:atemp>30.0</ns3:atemp>
          </ns3:TrackPointExtension>
        </extensions>
      </trkpt>
      <trkpt lat="48.84748407639563083648681640625" lon="2.365705333650112152099609375">
        <ele>41.40000152587890625</ele>
        <time>2026-05-22T11:33:19.000Z</time>
        <extensions>
          <ns3:TrackPointExtension>
            <ns3:atemp>30.0</ns3:atemp>
          </ns3:TrackPointExtension>
        </extensions>
      </trkpt>
      <trkpt lat="48.84748139418661594390869140625" lon="2.36570374108850955963134765625">
        <ele>41.200000762939453125</ele>
        <time>2026-05-22T11:33:20.000Z</time>
        <extensions>
          <ns3:TrackPointExtension>
            <ns3:atemp>30.0</ns3:atemp>
          </ns3:TrackPointExtension>
        </extensions>
      </trkpt>
      <trkpt lat="48.8474814780056476593017578125" lon="2.36570307053625583648681640625">
        <ele>41</ele>
        <time>2026-05-22T11:33:21.000Z</time>
        <extensions>
          <ns3:TrackPointExtension>
            <ns3:atemp>30.0</ns3:atemp>
          </ns3:TrackPointExtension>
        </extensions>
      </trkpt>
      <trkpt lat="48.84750838391482830047607421875" lon="2.36564624123275279998779296875">
        <ele>40.59999847412109375</ele>
        <time>2026-05-22T11:33:47.000Z</time>
        <extensions>
          <ns3:TrackPointExtension>
            <ns3:atemp>30.0</ns3:atemp>
          </ns3:TrackPointExtension>
        </extensions>
      </trkpt>
      <trkpt lat="48.84753453545272350311279296875" lon="2.36560215242207050323486328125">
        <ele>40.799999237060546875</ele>
        <time>2026-05-22T11:33:48.000Z</time>
        <extensions>
          <ns3:TrackPointExtension>
            <ns3:atemp>30.0</ns3:atemp>
          </ns3:TrackPointExtension>
        </extensions>
      </trkpt>
      <trkpt lat="48.84756638668477535247802734375" lon="2.3655495978891849517822265625">
        <ele>40.799999237060546875</ele>
        <time>2026-05-22T11:33:49.000Z</time>
        <extensions>
          <ns3:TrackPointExtension>
            <ns3:atemp>31.0</ns3:atemp>
          </ns3:TrackPointExtension>
        </extensions>
      </trkpt>
      <trkpt lat="48.84760058484971523284912109375" lon="2.365493439137935638427734375">
        <ele>41</ele>
        <time>2026-05-22T11:33:50.000Z</time>
        <extensions>
          <ns3:TrackPointExtension>
            <ns3:atemp>31.0</ns3:atemp>
          </ns3:TrackPointExtension>
        </extensions>
      </trkpt>
      <trkpt lat="48.8476367108523845672607421875" lon="2.36543233506381511688232421875">
        <ele>41.200000762939453125</ele>
        <time>2026-05-22T11:33:51.000Z</time>
        <extensions>
          <ns3:TrackPointExtension>
            <ns3:atemp>31.0</ns3:atemp>
          </ns3:TrackPointExtension>
        </extensions>
      </trkpt>
      <trkpt lat="48.84767836891114711761474609375" lon="2.36536628566682338714599609375">
        <ele>41.200000762939453125</ele>
        <time>2026-05-22T11:33:52.000Z</time>
        <extensions>
          <ns3:TrackPointExtension>
            <ns3:atemp>31.0</ns3:atemp>
          </ns3:TrackPointExtension>
        </extensions>
      </trkpt>
      <trkpt lat="48.84772497229278087615966796875" lon="2.36530174501240253448486328125">
        <ele>41.40000152587890625</ele>
        <time>2026-05-22T11:33:53.000Z</time>
        <extensions>
          <ns3:TrackPointExtension>
            <ns3:atemp>31.0</ns3:atemp>
          </ns3:TrackPointExtension>
        </extensions>
      </trkpt>
      <trkpt lat="48.8477714918553829193115234375" lon="2.36524407751858234405517578125">
        <ele>41.59999847412109375</ele>
        <time>2026-05-22T11:33:54.000Z</time>
        <extensions>
          <ns3:TrackPointExtension>
            <ns3:atemp>31.0</ns3:atemp>
          </ns3:TrackPointExtension>
        </extensions>
      </trkpt>
      <trkpt lat="48.84782656095921993255615234375" lon="2.36518733203411102294921875">
        <ele>41.59999847412109375</ele>
        <time>2026-05-22T11:33:55.000Z</time>
        <extensions>
          <ns3:TrackPointExtension>
            <ns3:atemp>31.0</ns3:atemp>
          </ns3:TrackPointExtension>
        </extensions>
      </trkpt>
      <trkpt lat="48.84788271971046924591064453125" lon="2.36515606753528118133544921875">
        <ele>41.799999237060546875</ele>
        <time>2026-05-22T11:33:56.000Z</time>
        <extensions>
          <ns3:TrackPointExtension>
            <ns3:atemp>31.0</ns3:atemp>
          </ns3:TrackPointExtension>
        </extensions>
      </trkpt>
      <trkpt lat="48.84794122539460659027099609375" lon="2.36512832343578338623046875">
        <ele>42</ele>
        <time>2026-05-22T11:33:57.000Z</time>
        <extensions>
          <ns3:TrackPointExtension>
            <ns3:atemp>31.0</ns3:atemp>
          </ns3:TrackPointExtension>
        </extensions>
      </trkpt>
      <trkpt lat="48.84800274856388568878173828125" lon="2.36510242335498332977294921875">
        <ele>42</ele>
        <time>2026-05-22T11:33:58.000Z</time>
        <extensions>
          <ns3:TrackPointExtension>
            <ns3:atemp>31.0</ns3:atemp>
          </ns3:TrackPointExtension>
        </extensions>
      </trkpt>
      <trkpt lat="48.84806410409510135650634765625" lon="2.3650793731212615966796875">
        <ele>42</ele>
        <time>2026-05-22T11:33:59.000Z</time>
        <extensions>
          <ns3:TrackPointExtension>
            <ns3:atemp>31.0</ns3:atemp>
          </ns3:TrackPointExtension>
        </extensions>
      </trkpt>
      <trkpt lat="48.84811858646571636199951171875" lon="2.36505062319338321685791015625">
        <ele>42</ele>
        <time>2026-05-22T11:34:00.000Z</time>
        <extensions>
          <ns3:TrackPointExtension>
            <ns3:atemp>31.0</ns3:atemp>
          </ns3:TrackPointExtension>
        </extensions>
      </trkpt>
      <trkpt lat="48.84816954843699932098388671875" lon="2.36502916552126407623291015625">
        <ele>42</ele>
        <time>2026-05-22T11:34:01.000Z</time>
        <extensions>
          <ns3:TrackPointExtension>
            <ns3:atemp>31.0</ns3:atemp>
          </ns3:TrackPointExtension>
        </extensions>
      </trkpt>
      <trkpt lat="48.84821296669542789459228515625" lon="2.3650315962731838226318359375">
        <ele>42.200000762939453125</ele>
        <time>2026-05-22T11:34:02.000Z</time>
        <extensions>
          <ns3:TrackPointExtension>
            <ns3:atemp>31.0</ns3:atemp>
          </ns3:TrackPointExtension>
        </extensions>
      </trkpt>
      <trkpt lat="48.848266191780567169189453125" lon="2.36503779888153076171875">
        <ele>42.200000762939453125</ele>
        <time>2026-05-22T11:34:03.000Z</time>
        <extensions>
          <ns3:TrackPointExtension>
            <ns3:atemp>31.0</ns3:atemp>
          </ns3:TrackPointExtension>
        </extensions>
      </trkpt>
      <trkpt lat="48.84832084178924560546875" lon="2.3650299198925495147705078125">
        <ele>42.200000762939453125</ele>
        <time>2026-05-22T11:34:04.000Z</time>
        <extensions>
          <ns3:TrackPointExtension>
            <ns3:atemp>31.0</ns3:atemp>
          </ns3:TrackPointExtension>
        </extensions>
      </trkpt>
      <trkpt lat="48.84836845099925994873046875" lon="2.36500636674463748931884765625">
        <ele>42.200000762939453125</ele>
        <time>2026-05-22T11:34:05.000Z</time>
        <extensions>
          <ns3:TrackPointExtension>
            <ns3:atemp>31.0</ns3:atemp>
          </ns3:TrackPointExtension>
        </extensions>
      </trkpt>
      <trkpt lat="48.848426453769207000732421875" lon="2.3649400658905506134033203125">
        <ele>42.200000762939453125</ele>
        <time>2026-05-22T11:34:06.000Z</time>
        <extensions>
          <ns3:TrackPointExtension>
            <ns3:atemp>31.0</ns3:atemp>
          </ns3:TrackPointExtension>
        </extensions>
      </trkpt>
      <trkpt lat="48.848505578935146331787109375" lon="2.3648756928741931915283203125">
        <ele>42.200000762939453125</ele>
        <time>2026-05-22T11:34:07.000Z</time>
        <extensions>
          <ns3:TrackPointExtension>
            <ns3:atemp>31.0</ns3:atemp>
          </ns3:TrackPointExtension>
        </extensions>
      </trkpt>
      <trkpt lat="48.84858973324298858642578125" lon="2.36481525935232639312744140625">
        <ele>42.200000762939453125</ele>
        <time>2026-05-22T11:34:08.000Z</time>
        <extensions>
          <ns3:TrackPointExtension>
            <ns3:atemp>31.0</ns3:atemp>
          </ns3:TrackPointExtension>
        </extensions>
      </trkpt>
      <trkpt lat="48.84867950342595577239990234375" lon="2.36474568955600261688232421875">
        <ele>42.40000152587890625</ele>
        <time>2026-05-22T11:34:09.000Z</time>
        <extensions>
          <ns3:TrackPointExtension>
            <ns3:atemp>31.0</ns3:atemp>
          </ns3:TrackPointExtension>
        </extensions>
      </trkpt>
      <trkpt lat="48.84876164607703685760498046875" lon="2.36469514667987823486328125">
        <ele>42.40000152587890625</ele>
        <time>2026-05-22T11:34:10.000Z</time>
        <extensions>
          <ns3:TrackPointExtension>
            <ns3:atemp>31.0</ns3:atemp>
          </ns3:TrackPointExtension>
        </extensions>
      </trkpt>
      <trkpt lat="48.84884311817586421966552734375" lon="2.364658601582050323486328125">
        <ele>42.40000152587890625</ele>
        <time>2026-05-22T11:34:11.000Z</time>
        <extensions>
          <ns3:TrackPointExtension>
            <ns3:atemp>31.0</ns3:atemp>
          </ns3:TrackPointExtension>
        </extensions>
      </trkpt>
      <trkpt lat="48.8489221595227718353271484375" lon="2.36459582112729549407958984375">
        <ele>42.40000152587890625</ele>
        <time>2026-05-22T11:34:12.000Z</time>
        <extensions>
          <ns3:TrackPointExtension>
            <ns3:atemp>31.0</ns3:atemp>
          </ns3:TrackPointExtension>
        </extensions>
      </trkpt>
      <trkpt lat="48.849001787602901458740234375" lon="2.3645125888288021087646484375">
        <ele>42.40000152587890625</ele>
        <time>2026-05-22T11:34:13.000Z</time>
        <extensions>
          <ns3:TrackPointExtension>
            <ns3:atemp>31.0</ns3:atemp>
          </ns3:TrackPointExtension>
        </extensions>
      </trkpt>
      <trkpt lat="48.849072866141796112060546875" lon="2.36444033682346343994140625">
        <ele>42.200000762939453125</ele>
        <time>2026-05-22T11:34:14.000Z</time>
        <extensions>
          <ns3:TrackPointExtension>
            <ns3:atemp>31.0</ns3:atemp>
          </ns3:TrackPointExtension>
        </extensions>
      </trkpt>
      <trkpt lat="48.849149309098720550537109375" lon="2.3643737845122814178466796875">
        <ele>42</ele>
        <time>2026-05-22T11:34:15.000Z</time>
        <extensions>
          <ns3:TrackPointExtension>
            <ns3:atemp>31.0</ns3:atemp>
          </ns3:TrackPointExtension>
        </extensions>
      </trkpt>
      <trkpt lat="48.84922399185597896575927734375" lon="2.3643050529062747955322265625">
        <ele>42</ele>
        <time>2026-05-22T11:34:16.000Z</time>
        <extensions>
          <ns3:TrackPointExtension>
            <ns3:atemp>31.0</ns3:atemp>
          </ns3:TrackPointExtension>
        </extensions>
      </trkpt>
      <trkpt lat="48.84929808788001537322998046875" lon="2.36424260772764682769775390625">
        <ele>41.799999237060546875</ele>
        <time>2026-05-22T11:34:17.000Z</time>
        <extensions>
          <ns3:TrackPointExtension>
            <ns3:atemp>31.0</ns3:atemp>
          </ns3:TrackPointExtension>
        </extensions>
      </trkpt>
      <trkpt lat="48.8493794761598110198974609375" lon="2.3641773127019405364990234375">
        <ele>41.59999847412109375</ele>
        <time>2026-05-22T11:34:18.000Z</time>
        <extensions>
          <ns3:TrackPointExtension>
            <ns3:atemp>31.0</ns3:atemp>
          </ns3:TrackPointExtension>
        </extensions>
      </trkpt>
      <trkpt lat="48.8494529016315937042236328125" lon="2.3641132749617099761962890625">
        <ele>41.40000152587890625</ele>
        <time>2026-05-22T11:34:19.000Z</time>
        <extensions>
          <ns3:TrackPointExtension>
            <ns3:atemp>31.0</ns3:atemp>
          </ns3:TrackPointExtension>
        </extensions>
      </trkpt>
      <trkpt lat="48.84950704872608184814453125" lon="2.3640649951994419097900390625">
        <ele>41.40000152587890625</ele>
        <time>2026-05-22T11:34:20.000Z</time>
        <extensions>
          <ns3:TrackPointExtension>
            <ns3:atemp>31.0</ns3:atemp>
          </ns3:TrackPointExtension>
        </extensions>
      </trkpt>
      <trkpt lat="48.84955910034477710723876953125" lon="2.3640264384448528289794921875">
        <ele>41.200000762939453125</ele>
        <time>2026-05-22T11:34:21.000Z</time>
        <extensions>
          <ns3:TrackPointExtension>
            <ns3:atemp>31.0</ns3:atemp>
          </ns3:TrackPointExtension>
        </extensions>
      </trkpt>
      <trkpt lat="48.84960100986063480377197265625" lon="2.36399416811764240264892578125">
        <ele>41</ele>
        <time>2026-05-22T11:34:22.000Z</time>
        <extensions>
          <ns3:TrackPointExtension>
            <ns3:atemp>31.0</ns3:atemp>
          </ns3:TrackPointExtension>
        </extensions>
      </trkpt>
      <trkpt lat="48.8496366329491138458251953125" lon="2.36395527608692646026611328125">
        <ele>40.799999237060546875</ele>
        <time>2026-05-22T11:34:23.000Z</time>
        <extensions>
          <ns3:TrackPointExtension>
            <ns3:atemp>31.0</ns3:atemp>
          </ns3:TrackPointExtension>
        </extensions>
      </trkpt>
      <trkpt lat="48.8496725074946880340576171875" lon="2.36391252838075160980224609375">
        <ele>40.59999847412109375</ele>
        <time>2026-05-22T11:34:24.000Z</time>
        <extensions>
          <ns3:TrackPointExtension>
            <ns3:atemp>31.0</ns3:atemp>
          </ns3:TrackPointExtension>
        </extensions>
      </trkpt>
      <trkpt lat="48.849715255200862884521484375" lon="2.3638571240007877349853515625">
        <ele>40.59999847412109375</ele>
        <time>2026-05-22T11:34:25.000Z</time>
        <extensions>
          <ns3:TrackPointExtension>
            <ns3:atemp>31.0</ns3:atemp>
          </ns3:TrackPointExtension>
        </extensions>
      </trkpt>
      <trkpt lat="48.84976211003959178924560546875" lon="2.36380062997341156005859375">
        <ele>40.40000152587890625</ele>
        <time>2026-05-22T11:34:26.000Z</time>
        <extensions>
          <ns3:TrackPointExtension>
            <ns3:atemp>31.0</ns3:atemp>
          </ns3:TrackPointExtension>
        </extensions>
      </trkpt>
      <trkpt lat="48.849808461964130401611328125" lon="2.36374170519411563873291015625">
        <ele>40.40000152587890625</ele>
        <time>2026-05-22T11:34:27.000Z</time>
        <extensions>
          <ns3:TrackPointExtension>
            <ns3:atemp>31.0</ns3:atemp>
          </ns3:TrackPointExtension>
        </extensions>
      </trkpt>
      <trkpt lat="48.84985305368900299072265625" lon="2.36368303187191486358642578125">
        <ele>40.40000152587890625</ele>
        <time>2026-05-22T11:34:28.000Z</time>
        <extensions>
          <ns3:TrackPointExtension>
            <ns3:atemp>31.0</ns3:atemp>
          </ns3:TrackPointExtension>
        </extensions>
      </trkpt>
      <trkpt lat="48.8499031774699687957763671875" lon="2.36361689865589141845703125">
        <ele>40.200000762939453125</ele>
        <time>2026-05-22T11:34:29.000Z</time>
        <extensions>
          <ns3:TrackPointExtension>
            <ns3:atemp>31.0</ns3:atemp>
          </ns3:TrackPointExtension>
        </extensions>
      </trkpt>
      <trkpt lat="48.8499487750232219696044921875" lon="2.3635402880609035491943359375">
        <ele>40.200000762939453125</ele>
        <time>2026-05-22T11:34:30.000Z</time>
        <extensions>
          <ns3:TrackPointExtension>
            <ns3:atemp>31.0</ns3:atemp>
          </ns3:TrackPointExtension>
        </extensions>
      </trkpt>
      <trkpt lat="48.8499967195093631744384765625" lon="2.3634474165737628936767578125">
        <ele>40.200000762939453125</ele>
        <time>2026-05-22T11:34:31.000Z</time>
        <extensions>
          <ns3:TrackPointExtension>
            <ns3:atemp>31.0</ns3:atemp>
          </ns3:TrackPointExtension>
        </extensions>
      </trkpt>
      <trkpt lat="48.8500436581671237945556640625" lon="2.36335529945790767669677734375">
        <ele>40</ele>
        <time>2026-05-22T11:34:32.000Z</time>
        <extensions>
          <ns3:TrackPointExtension>
            <ns3:atemp>31.0</ns3:atemp>
          </ns3:TrackPointExtension>
        </extensions>
      </trkpt>
      <trkpt lat="48.85009713470935821533203125" lon="2.36327097751200199127197265625">
        <ele>40</ele>
        <time>2026-05-22T11:34:33.000Z</time>
        <extensions>
          <ns3:TrackPointExtension>
            <ns3:atemp>31.0</ns3:atemp>
          </ns3:TrackPointExtension>
        </extensions>
      </trkpt>
      <trkpt lat="48.85015522129833698272705078125" lon="2.36319042742252349853515625">
        <ele>40</ele>
        <time>2026-05-22T11:34:34.000Z</time>
        <extensions>
          <ns3:TrackPointExtension>
            <ns3:atemp>31.0</ns3:atemp>
          </ns3:TrackPointExtension>
        </extensions>
      </trkpt>
      <trkpt lat="48.850214816629886627197265625" lon="2.3631168343126773834228515625">
        <ele>40</ele>
        <time>2026-05-22T11:34:35.000Z</time>
        <extensions>
          <ns3:TrackPointExtension>
            <ns3:atemp>31.0</ns3:atemp>
          </ns3:TrackPointExtension>
        </extensions>
      </trkpt>
      <trkpt lat="48.8502773456275463104248046875" lon="2.36303762532770633697509765625">
        <ele>40</ele>
        <time>2026-05-22T11:34:36.000Z</time>
        <extensions>
          <ns3:TrackPointExtension>
            <ns3:atemp>31.0</ns3:atemp>
          </ns3:TrackPointExtension>
        </extensions>
      </trkpt>
      <trkpt lat="48.85033861733973026275634765625" lon="2.362968139350414276123046875">
        <ele>40</ele>
        <time>2026-05-22T11:34:37.000Z</time>
        <extensions>
          <ns3:TrackPointExtension>
            <ns3:atemp>31.0</ns3:atemp>
          </ns3:TrackPointExtension>
        </extensions>
      </trkpt>
      <trkpt lat="48.8503950275480747222900390625" lon="2.36290787346661090850830078125">
        <ele>40</ele>
        <time>2026-05-22T11:34:38.000Z</time>
        <extensions>
          <ns3:TrackPointExtension>
            <ns3:atemp>31.0</ns3:atemp>
          </ns3:TrackPointExtension>
        </extensions>
      </trkpt>
      <trkpt lat="48.85045713745057582855224609375" lon="2.362846098840236663818359375">
        <ele>40</ele>
        <time>2026-05-22T11:34:39.000Z</time>
        <extensions>
          <ns3:TrackPointExtension>
            <ns3:atemp>31.0</ns3:atemp>
          </ns3:TrackPointExtension>
        </extensions>
      </trkpt>
      <trkpt lat="48.8505210913717746734619140625" lon="2.36278415657579898834228515625">
        <ele>40</ele>
        <time>2026-05-22T11:34:40.000Z</time>
        <extensions>
          <ns3:TrackPointExtension>
            <ns3:atemp>31.0</ns3:atemp>
          </ns3:TrackPointExtension>
        </extensions>
      </trkpt>
      <trkpt lat="48.85058890096843242645263671875" lon="2.36271894536912441253662109375">
        <ele>40</ele>
        <time>2026-05-22T11:34:41.000Z</time>
        <extensions>
          <ns3:TrackPointExtension>
            <ns3:atemp>31.0</ns3:atemp>
          </ns3:TrackPointExtension>
        </extensions>
      </trkpt>
      <trkpt lat="48.85064975358545780181884765625" lon="2.3626565001904964447021484375">
        <ele>40</ele>
        <time>2026-05-22T11:34:42.000Z</time>
        <extensions>
          <ns3:TrackPointExtension>
            <ns3:atemp>31.0</ns3:atemp>
          </ns3:TrackPointExtension>
        </extensions>
      </trkpt>
      <trkpt lat="48.85070859454572200775146484375" lon="2.36259589903056621551513671875">
        <ele>39.799999237060546875</ele>
        <time>2026-05-22T11:34:43.000Z</time>
        <extensions>
          <ns3:TrackPointExtension>
            <ns3:atemp>31.0</ns3:atemp>
          </ns3:TrackPointExtension>
        </extensions>
      </trkpt>
      <trkpt lat="48.85076760314404964447021484375" lon="2.36253689043223857879638671875">
        <ele>39.799999237060546875</ele>
        <time>2026-05-22T11:34:44.000Z</time>
        <extensions>
          <ns3:TrackPointExtension>
            <ns3:atemp>31.0</ns3:atemp>
          </ns3:TrackPointExtension>
        </extensions>
      </trkpt>
      <trkpt lat="48.85081789456307888031005859375" lon="2.36247821711003780364990234375">
        <ele>39.799999237060546875</ele>
        <time>2026-05-22T11:34:45.000Z</time>
        <extensions>
          <ns3:TrackPointExtension>
            <ns3:atemp>31.0</ns3:atemp>
          </ns3:TrackPointExtension>
        </extensions>
      </trkpt>
      <trkpt lat="48.8508754782378673553466796875" lon="2.36243312247097492218017578125">
        <ele>39.799999237060546875</ele>
        <time>2026-05-22T11:34:46.000Z</time>
        <extensions>
          <ns3:TrackPointExtension>
            <ns3:atemp>31.0</ns3:atemp>
          </ns3:TrackPointExtension>
        </extensions>
      </trkpt>
      <trkpt lat="48.85093532502651214599609375" lon="2.3623906262218952178955078125">
        <ele>39.59999847412109375</ele>
        <time>2026-05-22T11:34:47.000Z</time>
        <extensions>
          <ns3:TrackPointExtension>
            <ns3:atemp>31.0</ns3:atemp>
          </ns3:TrackPointExtension>
        </extensions>
      </trkpt>
      <trkpt lat="48.85099424980580806732177734375" lon="2.36236388795077800750732421875">
        <ele>39.59999847412109375</ele>
        <time>2026-05-22T11:34:48.000Z</time>
        <extensions>
          <ns3:TrackPointExtension>
            <ns3:atemp>31.0</ns3:atemp>
          </ns3:TrackPointExtension>
        </extensions>
      </trkpt>
      <trkpt lat="48.85105191729962825775146484375" lon="2.3623845912516117095947265625">
        <ele>39.59999847412109375</ele>
        <time>2026-05-22T11:34:49.000Z</time>
        <extensions>
          <ns3:TrackPointExtension>
            <ns3:atemp>31.0</ns3:atemp>
          </ns3:TrackPointExtension>
        </extensions>
      </trkpt>
      <trkpt lat="48.8510799966752529144287109375" lon="2.3624402470886707305908203125">
        <ele>39.59999847412109375</ele>
        <time>2026-05-22T11:34:50.000Z</time>
        <extensions>
          <ns3:TrackPointExtension>
            <ns3:atemp>31.0</ns3:atemp>
          </ns3:TrackPointExtension>
        </extensions>
      </trkpt>
      <trkpt lat="48.85111411102116107940673828125" lon="2.3625016026198863983154296875">
        <ele>39.40000152587890625</ele>
        <time>2026-05-22T11:34:51.000Z</time>
        <extensions>
          <ns3:TrackPointExtension>
            <ns3:atemp>31.0</ns3:atemp>
          </ns3:TrackPointExtension>
        </extensions>
      </trkpt>
      <trkpt lat="48.85116054676473140716552734375" lon="2.36253798007965087890625">
        <ele>39.200000762939453125</ele>
        <time>2026-05-22T11:34:52.000Z</time>
        <extensions>
          <ns3:TrackPointExtension>
            <ns3:atemp>31.0</ns3:atemp>
          </ns3:TrackPointExtension>
        </extensions>
      </trkpt>
      <trkpt lat="48.8512037135660648345947265625" lon="2.36253085546195507049560546875">
        <ele>39</ele>
        <time>2026-05-22T11:34:53.000Z</time>
        <extensions>
          <ns3:TrackPointExtension>
            <ns3:atemp>31.0</ns3:atemp>
          </ns3:TrackPointExtension>
        </extensions>
      </trkpt>
      <trkpt lat="48.8512449525296688079833984375" lon="2.362500093877315521240234375">
        <ele>39</ele>
        <time>2026-05-22T11:34:54.000Z</time>
        <extensions>
          <ns3:TrackPointExtension>
            <ns3:atemp>31.0</ns3:atemp>
          </ns3:TrackPointExtension>
        </extensions>
      </trkpt>
      <trkpt lat="48.851289041340351104736328125" lon="2.3624704219400882720947265625">
        <ele>39</ele>
        <time>2026-05-22T11:34:55.000Z</time>
        <extensions>
          <ns3:TrackPointExtension>
            <ns3:atemp>31.0</ns3:atemp>
          </ns3:TrackPointExtension>
        </extensions>
      </trkpt>
      <trkpt lat="48.85133706964552402496337890625" lon="2.36243111081421375274658203125">
        <ele>39</ele>
        <time>2026-05-22T11:34:56.000Z</time>
        <extensions>
          <ns3:TrackPointExtension>
            <ns3:atemp>31.0</ns3:atemp>
          </ns3:TrackPointExtension>
        </extensions>
      </trkpt>
      <trkpt lat="48.85138719342648983001708984375" lon="2.362378053367137908935546875">
        <ele>39</ele>
        <time>2026-05-22T11:34:57.000Z</time>
        <extensions>
          <ns3:TrackPointExtension>
            <ns3:atemp>31.0</ns3:atemp>
          </ns3:TrackPointExtension>
        </extensions>
      </trkpt>
      <trkpt lat="48.85143580846488475799560546875" lon="2.3623188771307468414306640625">
        <ele>39</ele>
        <time>2026-05-22T11:34:58.000Z</time>
        <extensions>
          <ns3:TrackPointExtension>
            <ns3:atemp>31.0</ns3:atemp>
          </ns3:TrackPointExtension>
        </extensions>
      </trkpt>
      <trkpt lat="48.85147981345653533935546875" lon="2.36224520020186901092529296875">
        <ele>39</ele>
        <time>2026-05-22T11:34:59.000Z</time>
        <extensions>
          <ns3:TrackPointExtension>
            <ns3:atemp>31.0</ns3:atemp>
          </ns3:TrackPointExtension>
        </extensions>
      </trkpt>
      <trkpt lat="48.85152482427656650543212890625" lon="2.36216926015913486480712890625">
        <ele>39</ele>
        <time>2026-05-22T11:35:00.000Z</time>
        <extensions>
          <ns3:TrackPointExtension>
            <ns3:atemp>31.0</ns3:atemp>
          </ns3:TrackPointExtension>
        </extensions>
      </trkpt>
      <trkpt lat="48.85156891308724880218505859375" lon="2.3620872013270854949951171875">
        <ele>39</ele>
        <time>2026-05-22T11:35:01.000Z</time>
        <extensions>
          <ns3:TrackPointExtension>
            <ns3:atemp>31.0</ns3:atemp>
          </ns3:TrackPointExtension>
        </extensions>
      </trkpt>
      <trkpt lat="48.85161652229726314544677734375" lon="2.3620082437992095947265625">
        <ele>39</ele>
        <time>2026-05-22T11:35:02.000Z</time>
        <extensions>
          <ns3:TrackPointExtension>
            <ns3:atemp>31.0</ns3:atemp>
          </ns3:TrackPointExtension>
        </extensions>
      </trkpt>
      <trkpt lat="48.851668573915958404541015625" lon="2.36192786134779453277587890625">
        <ele>39</ele>
        <time>2026-05-22T11:35:03.000Z</time>
        <extensions>
          <ns3:TrackPointExtension>
            <ns3:atemp>31.0</ns3:atemp>
          </ns3:TrackPointExtension>
        </extensions>
      </trkpt>
      <trkpt lat="48.8517217151820659637451171875" lon="2.36184672452509403228759765625">
        <ele>39</ele>
        <time>2026-05-22T11:35:04.000Z</time>
        <extensions>
          <ns3:TrackPointExtension>
            <ns3:atemp>31.0</ns3:atemp>
          </ns3:TrackPointExtension>
        </extensions>
      </trkpt>
      <trkpt lat="48.85177343152463436126708984375" lon="2.36176474951207637786865234375">
        <ele>39</ele>
        <time>2026-05-22T11:35:05.000Z</time>
        <extensions>
          <ns3:TrackPointExtension>
            <ns3:atemp>31.0</ns3:atemp>
          </ns3:TrackPointExtension>
        </extensions>
      </trkpt>
      <trkpt lat="48.85182489641010761260986328125" lon="2.36168059520423412322998046875">
        <ele>39</ele>
        <time>2026-05-22T11:35:06.000Z</time>
        <extensions>
          <ns3:TrackPointExtension>
            <ns3:atemp>31.0</ns3:atemp>
          </ns3:TrackPointExtension>
        </extensions>
      </trkpt>
      <trkpt lat="48.8518792949616909027099609375" lon="2.361598201096057891845703125">
        <ele>39.200000762939453125</ele>
        <time>2026-05-22T11:35:07.000Z</time>
        <extensions>
          <ns3:TrackPointExtension>
            <ns3:atemp>31.0</ns3:atemp>
          </ns3:TrackPointExtension>
        </extensions>
      </trkpt>
      <trkpt lat="48.85192983783781528472900390625" lon="2.361514382064342498779296875">
        <ele>39.200000762939453125</ele>
        <time>2026-05-22T11:35:08.000Z</time>
        <extensions>
          <ns3:TrackPointExtension>
            <ns3:atemp>31.0</ns3:atemp>
          </ns3:TrackPointExtension>
        </extensions>
      </trkpt>
      <trkpt lat="48.85198163799941539764404296875" lon="2.36143182031810283660888671875">
        <ele>39.200000762939453125</ele>
        <time>2026-05-22T11:35:09.000Z</time>
        <extensions>
          <ns3:TrackPointExtension>
            <ns3:atemp>31.0</ns3:atemp>
          </ns3:TrackPointExtension>
        </extensions>
      </trkpt>
      <trkpt lat="48.8520318455994129180908203125" lon="2.3613462410867214202880859375">
        <ele>39.200000762939453125</ele>
        <time>2026-05-22T11:35:10.000Z</time>
        <extensions>
          <ns3:TrackPointExtension>
            <ns3:atemp>31.0</ns3:atemp>
          </ns3:TrackPointExtension>
        </extensions>
      </trkpt>
      <trkpt lat="48.85208255611360073089599609375" lon="2.36126267351210117340087890625">
        <ele>39</ele>
        <time>2026-05-22T11:35:11.000Z</time>
        <extensions>
          <ns3:TrackPointExtension>
            <ns3:atemp>31.0</ns3:atemp>
          </ns3:TrackPointExtension>
        </extensions>
      </trkpt>
      <trkpt lat="48.8521357811987400054931640625" lon="2.361180782318115234375">
        <ele>38.799999237060546875</ele>
        <time>2026-05-22T11:35:12.000Z</time>
        <extensions>
          <ns3:TrackPointExtension>
            <ns3:atemp>31.0</ns3:atemp>
          </ns3:TrackPointExtension>
        </extensions>
      </trkpt>
      <trkpt lat="48.8521904312074184417724609375" lon="2.36109964549541473388671875">
        <ele>38.799999237060546875</ele>
        <time>2026-05-22T11:35:13.000Z</time>
        <extensions>
          <ns3:TrackPointExtension>
            <ns3:atemp>31.0</ns3:atemp>
          </ns3:TrackPointExtension>
        </extensions>
      </trkpt>
      <trkpt lat="48.852244913578033447265625" lon="2.3610156588256359100341796875">
        <ele>38.59999847412109375</ele>
        <time>2026-05-22T11:35:14.000Z</time>
        <extensions>
          <ns3:TrackPointExtension>
            <ns3:atemp>31.0</ns3:atemp>
          </ns3:TrackPointExtension>
        </extensions>
      </trkpt>
      <trkpt lat="48.85229746811091899871826171875" lon="2.36093628220260143280029296875">
        <ele>38.59999847412109375</ele>
        <time>2026-05-22T11:35:15.000Z</time>
        <extensions>
          <ns3:TrackPointExtension>
            <ns3:atemp>31.0</ns3:atemp>
          </ns3:TrackPointExtension>
        </extensions>
      </trkpt>
      <trkpt lat="48.85234675370156764984130859375" lon="2.360844500362873077392578125">
        <ele>38.59999847412109375</ele>
        <time>2026-05-22T11:35:16.000Z</time>
        <extensions>
          <ns3:TrackPointExtension>
            <ns3:atemp>31.0</ns3:atemp>
          </ns3:TrackPointExtension>
        </extensions>
      </trkpt>
      <trkpt lat="48.852388076484203338623046875" lon="2.3607588373124599456787109375">
        <ele>38.40000152587890625</ele>
        <time>2026-05-22T11:35:17.000Z</time>
        <extensions>
          <ns3:TrackPointExtension>
            <ns3:atemp>31.0</ns3:atemp>
          </ns3:TrackPointExtension>
        </extensions>
      </trkpt>
      <trkpt lat="48.85241146199405193328857421875" lon="2.36068767495453357696533203125">
        <ele>38.40000152587890625</ele>
        <time>2026-05-22T11:35:18.000Z</time>
        <extensions>
          <ns3:TrackPointExtension>
            <ns3:atemp>31.0</ns3:atemp>
          </ns3:TrackPointExtension>
        </extensions>
      </trkpt>
      <trkpt lat="48.85242931544780731201171875" lon="2.36062095500528812408447265625">
        <ele>38.40000152587890625</ele>
        <time>2026-05-22T11:35:19.000Z</time>
        <extensions>
          <ns3:TrackPointExtension>
            <ns3:atemp>31.0</ns3:atemp>
          </ns3:TrackPointExtension>
        </extensions>
      </trkpt>
      <trkpt lat="48.85244540870189666748046875" lon="2.360565550625324249267578125">
        <ele>38.200000762939453125</ele>
        <time>2026-05-22T11:35:20.000Z</time>
        <extensions>
          <ns3:TrackPointExtension>
            <ns3:atemp>31.0</ns3:atemp>
          </ns3:TrackPointExtension>
        </extensions>
      </trkpt>
      <trkpt lat="48.85246016085147857666015625" lon="2.36049287952482700347900390625">
        <ele>38.200000762939453125</ele>
        <time>2026-05-22T11:35:21.000Z</time>
        <extensions>
          <ns3:TrackPointExtension>
            <ns3:atemp>31.0</ns3:atemp>
          </ns3:TrackPointExtension>
        </extensions>
      </trkpt>
      <trkpt lat="48.85248270817101001739501953125" lon="2.36042113043367862701416015625">
        <ele>38</ele>
        <time>2026-05-22T11:35:22.000Z</time>
        <extensions>
          <ns3:TrackPointExtension>
            <ns3:atemp>31.0</ns3:atemp>
          </ns3:TrackPointExtension>
        </extensions>
      </trkpt>
      <trkpt lat="48.85250383056700229644775390625" lon="2.3603397421538829803466796875">
        <ele>38</ele>
        <time>2026-05-22T11:35:23.000Z</time>
        <extensions>
          <ns3:TrackPointExtension>
            <ns3:atemp>31.0</ns3:atemp>
          </ns3:TrackPointExtension>
        </extensions>
      </trkpt>
      <trkpt lat="48.8525314070284366607666015625" lon="2.36025349237024784088134765625">
        <ele>38</ele>
        <time>2026-05-22T11:35:24.000Z</time>
        <extensions>
          <ns3:TrackPointExtension>
            <ns3:atemp>31.0</ns3:atemp>
          </ns3:TrackPointExtension>
        </extensions>
      </trkpt>
      <trkpt lat="48.852561749517917633056640625" lon="2.36016917042434215545654296875">
        <ele>38</ele>
        <time>2026-05-22T11:35:25.000Z</time>
        <extensions>
          <ns3:TrackPointExtension>
            <ns3:atemp>31.0</ns3:atemp>
          </ns3:TrackPointExtension>
        </extensions>
      </trkpt>
      <trkpt lat="48.852591253817081451416015625" lon="2.3600805737078189849853515625">
        <ele>38</ele>
        <time>2026-05-22T11:35:26.000Z</time>
        <extensions>
          <ns3:TrackPointExtension>
            <ns3:atemp>31.0</ns3:atemp>
          </ns3:TrackPointExtension>
        </extensions>
      </trkpt>
      <trkpt lat="48.85262285359203815460205078125" lon="2.35999784432351589202880859375">
        <ele>38</ele>
        <time>2026-05-22T11:35:27.000Z</time>
        <extensions>
          <ns3:TrackPointExtension>
            <ns3:atemp>31.0</ns3:atemp>
          </ns3:TrackPointExtension>
        </extensions>
      </trkpt>
      <trkpt lat="48.8526574708521366119384765625" lon="2.35991151072084903717041015625">
        <ele>38</ele>
        <time>2026-05-22T11:35:28.000Z</time>
        <extensions>
          <ns3:TrackPointExtension>
            <ns3:atemp>31.0</ns3:atemp>
          </ns3:TrackPointExtension>
        </extensions>
      </trkpt>
      <trkpt lat="48.85268814861774444580078125" lon="2.3598230816423892974853515625">
        <ele>38</ele>
        <time>2026-05-22T11:35:29.000Z</time>
        <extensions>
          <ns3:TrackPointExtension>
            <ns3:atemp>31.0</ns3:atemp>
          </ns3:TrackPointExtension>
        </extensions>
      </trkpt>
      <trkpt lat="48.8527198322117328643798828125" lon="2.3597389273345470428466796875">
        <ele>38</ele>
        <time>2026-05-22T11:35:30.000Z</time>
        <extensions>
          <ns3:TrackPointExtension>
            <ns3:atemp>31.0</ns3:atemp>
          </ns3:TrackPointExtension>
        </extensions>
      </trkpt>
      <trkpt lat="48.8527523539960384368896484375" lon="2.35965351574122905731201171875">
        <ele>38</ele>
        <time>2026-05-22T11:35:31.000Z</time>
        <extensions>
          <ns3:TrackPointExtension>
            <ns3:atemp>31.0</ns3:atemp>
          </ns3:TrackPointExtension>
        </extensions>
      </trkpt>
      <trkpt lat="48.8527845405042171478271484375" lon="2.3595635779201984405517578125">
        <ele>38</ele>
        <time>2026-05-22T11:35:32.000Z</time>
        <extensions>
          <ns3:TrackPointExtension>
            <ns3:atemp>31.0</ns3:atemp>
          </ns3:TrackPointExtension>
        </extensions>
      </trkpt>
      <trkpt lat="48.852816559374332427978515625" lon="2.35947984270751476287841796875">
        <ele>38</ele>
        <time>2026-05-22T11:35:33.000Z</time>
        <extensions>
          <ns3:TrackPointExtension>
            <ns3:atemp>31.0</ns3:atemp>
          </ns3:TrackPointExtension>
        </extensions>
      </trkpt>
      <trkpt lat="48.85284564457833766937255859375" lon="2.3593976162374019622802734375">
        <ele>38</ele>
        <time>2026-05-22T11:35:34.000Z</time>
        <extensions>
          <ns3:TrackPointExtension>
            <ns3:atemp>31.0</ns3:atemp>
          </ns3:TrackPointExtension>
        </extensions>
      </trkpt>
      <trkpt lat="48.8528713770210742950439453125" lon="2.35930684022605419158935546875">
        <ele>38</ele>
        <time>2026-05-22T11:35:35.000Z</time>
        <extensions>
          <ns3:TrackPointExtension>
            <ns3:atemp>31.0</ns3:atemp>
          </ns3:TrackPointExtension>
        </extensions>
      </trkpt>
      <trkpt lat="48.8529022224247455596923828125" lon="2.35922201536595821380615234375">
        <ele>38</ele>
        <time>2026-05-22T11:35:36.000Z</time>
        <extensions>
          <ns3:TrackPointExtension>
            <ns3:atemp>31.0</ns3:atemp>
          </ns3:TrackPointExtension>
        </extensions>
      </trkpt>
      <trkpt lat="48.85293784551322460174560546875" lon="2.35914892517030239105224609375">
        <ele>38</ele>
        <time>2026-05-22T11:35:37.000Z</time>
        <extensions>
          <ns3:TrackPointExtension>
            <ns3:atemp>31.0</ns3:atemp>
          </ns3:TrackPointExtension>
        </extensions>
      </trkpt>
      <trkpt lat="48.85297715663909912109375" lon="2.35907868482172489166259765625">
        <ele>38</ele>
        <time>2026-05-22T11:35:38.000Z</time>
        <extensions>
          <ns3:TrackPointExtension>
            <ns3:atemp>31.0</ns3:atemp>
          </ns3:TrackPointExtension>
        </extensions>
      </trkpt>
      <trkpt lat="48.85302099399268627166748046875" lon="2.3590036667883396148681640625">
        <ele>38.200000762939453125</ele>
        <time>2026-05-22T11:35:39.000Z</time>
        <extensions>
          <ns3:TrackPointExtension>
            <ns3:atemp>31.0</ns3:atemp>
          </ns3:TrackPointExtension>
        </extensions>
      </trkpt>
      <trkpt lat="48.85306407697498798370361328125" lon="2.35893434844911098480224609375">
        <ele>38.200000762939453125</ele>
        <time>2026-05-22T11:35:40.000Z</time>
        <extensions>
          <ns3:TrackPointExtension>
            <ns3:atemp>31.0</ns3:atemp>
          </ns3:TrackPointExtension>
        </extensions>
      </trkpt>
      <trkpt lat="48.85310129262506961822509765625" lon="2.358865030109882354736328125">
        <ele>38.200000762939453125</ele>
        <time>2026-05-22T11:35:41.000Z</time>
        <extensions>
          <ns3:TrackPointExtension>
            <ns3:atemp>31.0</ns3:atemp>
          </ns3:TrackPointExtension>
        </extensions>
      </trkpt>
      <trkpt lat="48.85313465259969234466552734375" lon="2.3587907664477825164794921875">
        <ele>38.59999847412109375</ele>
        <time>2026-05-22T11:35:42.000Z</time>
        <extensions>
          <ns3:TrackPointExtension>
            <ns3:atemp>31.0</ns3:atemp>
          </ns3:TrackPointExtension>
        </extensions>
      </trkpt>
      <trkpt lat="48.85316692292690277099609375" lon="2.35870870761573314666748046875">
        <ele>38.799999237060546875</ele>
        <time>2026-05-22T11:35:43.000Z</time>
        <extensions>
          <ns3:TrackPointExtension>
            <ns3:atemp>31.0</ns3:atemp>
          </ns3:TrackPointExtension>
        </extensions>
      </trkpt>
      <trkpt lat="48.85319751687347888946533203125" lon="2.35862262547016143798828125">
        <ele>39</ele>
        <time>2026-05-22T11:35:44.000Z</time>
        <extensions>
          <ns3:TrackPointExtension>
            <ns3:atemp>31.0</ns3:atemp>
          </ns3:TrackPointExtension>
        </extensions>
      </trkpt>
      <trkpt lat="48.8532294519245624542236328125" lon="2.35853813588619232177734375">
        <ele>39.40000152587890625</ele>
        <time>2026-05-22T11:35:45.000Z</time>
        <extensions>
          <ns3:TrackPointExtension>
            <ns3:atemp>31.0</ns3:atemp>
          </ns3:TrackPointExtension>
        </extensions>
      </trkpt>
      <trkpt lat="48.85326289571821689605712890625" lon="2.35845272429287433624267578125">
        <ele>39.799999237060546875</ele>
        <time>2026-05-22T11:35:46.000Z</time>
        <extensions>
          <ns3:TrackPointExtension>
            <ns3:atemp>31.0</ns3:atemp>
          </ns3:TrackPointExtension>
        </extensions>
      </trkpt>
      <trkpt lat="48.85329508222639560699462890625" lon="2.35837007872760295867919921875">
        <ele>40</ele>
        <time>2026-05-22T11:35:47.000Z</time>
        <extensions>
          <ns3:TrackPointExtension>
            <ns3:atemp>31.0</ns3:atemp>
          </ns3:TrackPointExtension>
        </extensions>
      </trkpt>
      <trkpt lat="48.8533286936581134796142578125" lon="2.358284331858158111572265625">
        <ele>40.200000762939453125</ele>
        <time>2026-05-22T11:35:48.000Z</time>
        <extensions>
          <ns3:TrackPointExtension>
            <ns3:atemp>32.0</ns3:atemp>
          </ns3:TrackPointExtension>
        </extensions>
      </trkpt>
      <trkpt lat="48.85335911996662616729736328125" lon="2.3582053743302822113037109375">
        <ele>40.40000152587890625</ele>
        <time>2026-05-22T11:35:49.000Z</time>
        <extensions>
          <ns3:TrackPointExtension>
            <ns3:atemp>31.0</ns3:atemp>
          </ns3:TrackPointExtension>
        </extensions>
      </trkpt>
      <trkpt lat="48.8533808290958404541015625" lon="2.3581497184932231903076171875">
        <ele>40.59999847412109375</ele>
        <time>2026-05-22T11:35:50.000Z</time>
        <extensions>
          <ns3:TrackPointExtension>
            <ns3:atemp>32.0</ns3:atemp>
          </ns3:TrackPointExtension>
        </extensions>
      </trkpt>
      <trkpt lat="48.85339566506445407867431640625" lon="2.35810219310224056243896484375">
        <ele>40.59999847412109375</ele>
        <time>2026-05-22T11:35:51.000Z</time>
        <extensions>
          <ns3:TrackPointExtension>
            <ns3:atemp>32.0</ns3:atemp>
          </ns3:TrackPointExtension>
        </extensions>
      </trkpt>
      <trkpt lat="48.85340907610952854156494140625" lon="2.35805827192962169647216796875">
        <ele>40.799999237060546875</ele>
        <time>2026-05-22T11:35:52.000Z</time>
        <extensions>
          <ns3:TrackPointExtension>
            <ns3:atemp>32.0</ns3:atemp>
          </ns3:TrackPointExtension>
        </extensions>
      </trkpt>
      <trkpt lat="48.85342567227780818939208984375" lon="2.35800345428287982940673828125">
        <ele>40.799999237060546875</ele>
        <time>2026-05-22T11:35:53.000Z</time>
        <extensions>
          <ns3:TrackPointExtension>
            <ns3:atemp>32.0</ns3:atemp>
          </ns3:TrackPointExtension>
        </extensions>
      </trkpt>
      <trkpt lat="48.85343489237129688262939453125" lon="2.3579321242868900299072265625">
        <ele>41</ele>
        <time>2026-05-22T11:35:54.000Z</time>
        <extensions>
          <ns3:TrackPointExtension>
            <ns3:atemp>32.0</ns3:atemp>
          </ns3:TrackPointExtension>
        </extensions>
      </trkpt>
      <trkpt lat="48.85344645939767360687255859375" lon="2.35786213539540767669677734375">
        <ele>41</ele>
        <time>2026-05-22T11:35:55.000Z</time>
        <extensions>
          <ns3:TrackPointExtension>
            <ns3:atemp>31.0</ns3:atemp>
          </ns3:TrackPointExtension>
        </extensions>
      </trkpt>
      <trkpt lat="48.85345618240535259246826171875" lon="2.35778334550559520721435546875">
        <ele>41</ele>
        <time>2026-05-22T11:35:56.000Z</time>
        <extensions>
          <ns3:TrackPointExtension>
            <ns3:atemp>32.0</ns3:atemp>
          </ns3:TrackPointExtension>
        </extensions>
      </trkpt>
      <trkpt lat="48.85347646661102771759033203125" lon="2.35769801773130893707275390625">
        <ele>41.200000762939453125</ele>
        <time>2026-05-22T11:35:57.000Z</time>
        <extensions>
          <ns3:TrackPointExtension>
            <ns3:atemp>31.0</ns3:atemp>
          </ns3:TrackPointExtension>
        </extensions>
      </trkpt>
      <trkpt lat="48.85350312106311321258544921875" lon="2.3576116003096103668212890625">
        <ele>41.200000762939453125</ele>
        <time>2026-05-22T11:35:58.000Z</time>
        <extensions>
          <ns3:TrackPointExtension>
            <ns3:atemp>31.0</ns3:atemp>
          </ns3:TrackPointExtension>
        </extensions>
      </trkpt>
      <trkpt lat="48.85353916324675083160400390625" lon="2.35752032138407230377197265625">
        <ele>41.200000762939453125</ele>
        <time>2026-05-22T11:35:59.000Z</time>
        <extensions>
          <ns3:TrackPointExtension>
            <ns3:atemp>32.0</ns3:atemp>
          </ns3:TrackPointExtension>
        </extensions>
      </trkpt>
      <trkpt lat="48.8535754568874835968017578125" lon="2.35741873271763324737548828125">
        <ele>41.200000762939453125</ele>
        <time>2026-05-22T11:36:00.000Z</time>
        <extensions>
          <ns3:TrackPointExtension>
            <ns3:atemp>32.0</ns3:atemp>
          </ns3:TrackPointExtension>
        </extensions>
      </trkpt>
      <trkpt lat="48.85360890068113803863525390625" lon="2.3573168925940990447998046875">
        <ele>41.200000762939453125</ele>
        <time>2026-05-22T11:36:01.000Z</time>
        <extensions>
          <ns3:TrackPointExtension>
            <ns3:atemp>32.0</ns3:atemp>
          </ns3:TrackPointExtension>
        </extensions>
      </trkpt>
      <trkpt lat="48.85364578105509281158447265625" lon="2.35721454955637454986572265625">
        <ele>41.200000762939453125</ele>
        <time>2026-05-22T11:36:02.000Z</time>
        <extensions>
          <ns3:TrackPointExtension>
            <ns3:atemp>32.0</ns3:atemp>
          </ns3:TrackPointExtension>
        </extensions>
      </trkpt>
      <trkpt lat="48.853684253990650177001953125" lon="2.35710918903350830078125">
        <ele>41</ele>
        <time>2026-05-22T11:36:03.000Z</time>
        <extensions>
          <ns3:TrackPointExtension>
            <ns3:atemp>32.0</ns3:atemp>
          </ns3:TrackPointExtension>
        </extensions>
      </trkpt>
      <trkpt lat="48.85372742079198360443115234375" lon="2.35701254568994045257568359375">
        <ele>41</ele>
        <time>2026-05-22T11:36:04.000Z</time>
        <extensions>
          <ns3:TrackPointExtension>
            <ns3:atemp>32.0</ns3:atemp>
          </ns3:TrackPointExtension>
        </extensions>
      </trkpt>
      <trkpt lat="48.85377486236393451690673828125" lon="2.3569423891603946685791015625">
        <ele>41</ele>
        <time>2026-05-22T11:36:05.000Z</time>
        <extensions>
          <ns3:TrackPointExtension>
            <ns3:atemp>32.0</ns3:atemp>
          </ns3:TrackPointExtension>
        </extensions>
      </trkpt>
      <trkpt lat="48.85380822233855724334716796875" lon="2.356861419975757598876953125">
        <ele>41</ele>
        <time>2026-05-22T11:36:06.000Z</time>
        <extensions>
          <ns3:TrackPointExtension>
            <ns3:atemp>32.0</ns3:atemp>
          </ns3:TrackPointExtension>
        </extensions>
      </trkpt>
      <trkpt lat="48.853839151561260223388671875" lon="2.35678589902818202972412109375">
        <ele>41</ele>
        <time>2026-05-22T11:36:07.000Z</time>
        <extensions>
          <ns3:TrackPointExtension>
            <ns3:atemp>32.0</ns3:atemp>
          </ns3:TrackPointExtension>
        </extensions>
      </trkpt>
      <trkpt lat="48.853870667517185211181640625" lon="2.35670618712902069091796875">
        <ele>41</ele>
        <time>2026-05-22T11:36:08.000Z</time>
        <extensions>
          <ns3:TrackPointExtension>
            <ns3:atemp>32.0</ns3:atemp>
          </ns3:TrackPointExtension>
        </extensions>
      </trkpt>
      <trkpt lat="48.8539026863873004913330078125" lon="2.35662303864955902099609375">
        <ele>41.200000762939453125</ele>
        <time>2026-05-22T11:36:09.000Z</time>
        <extensions>
          <ns3:TrackPointExtension>
            <ns3:atemp>32.0</ns3:atemp>
          </ns3:TrackPointExtension>
        </extensions>
      </trkpt>
      <trkpt lat="48.85393395088613033294677734375" lon="2.35653662122786045074462890625">
        <ele>41.200000762939453125</ele>
        <time>2026-05-22T11:36:10.000Z</time>
        <extensions>
          <ns3:TrackPointExtension>
            <ns3:atemp>32.0</ns3:atemp>
          </ns3:TrackPointExtension>
        </extensions>
      </trkpt>
      <trkpt lat="48.85396513156592845916748046875" lon="2.3564493656158447265625">
        <ele>41.200000762939453125</ele>
        <time>2026-05-22T11:36:11.000Z</time>
        <extensions>
          <ns3:TrackPointExtension>
            <ns3:atemp>32.0</ns3:atemp>
          </ns3:TrackPointExtension>
        </extensions>
      </trkpt>
      <trkpt lat="48.85399438440799713134765625" lon="2.35636026598513126373291015625">
        <ele>41.200000762939453125</ele>
        <time>2026-05-22T11:36:12.000Z</time>
        <extensions>
          <ns3:TrackPointExtension>
            <ns3:atemp>32.0</ns3:atemp>
          </ns3:TrackPointExtension>
        </extensions>
      </trkpt>
      <trkpt lat="48.8540270738303661346435546875" lon="2.3562728427350521087646484375">
        <ele>41.200000762939453125</ele>
        <time>2026-05-22T11:36:13.000Z</time>
        <extensions>
          <ns3:TrackPointExtension>
            <ns3:atemp>32.0</ns3:atemp>
          </ns3:TrackPointExtension>
        </extensions>
      </trkpt>
      <trkpt lat="48.85405615903437137603759765625" lon="2.3561866767704486846923828125">
        <ele>41</ele>
        <time>2026-05-22T11:36:14.000Z</time>
        <extensions>
          <ns3:TrackPointExtension>
            <ns3:atemp>32.0</ns3:atemp>
          </ns3:TrackPointExtension>
        </extensions>
      </trkpt>
      <trkpt lat="48.85408021509647369384765625" lon="2.35610361211001873016357421875">
        <ele>41</ele>
        <time>2026-05-22T11:36:15.000Z</time>
        <extensions>
          <ns3:TrackPointExtension>
            <ns3:atemp>32.0</ns3:atemp>
          </ns3:TrackPointExtension>
        </extensions>
      </trkpt>
      <trkpt lat="48.85408717207610607147216796875" lon="2.3560267500579357147216796875">
        <ele>41</ele>
        <time>2026-05-22T11:36:16.000Z</time>
        <extensions>
          <ns3:TrackPointExtension>
            <ns3:atemp>32.0</ns3:atemp>
          </ns3:TrackPointExtension>
        </extensions>
      </trkpt>
      <trkpt lat="48.8540974818170070648193359375" lon="2.355963550508022308349609375">
        <ele>40.799999237060546875</ele>
        <time>2026-05-22T11:36:17.000Z</time>
        <extensions>
          <ns3:TrackPointExtension>
            <ns3:atemp>32.0</ns3:atemp>
          </ns3:TrackPointExtension>
        </extensions>
      </trkpt>
      <trkpt lat="48.854116760194301605224609375" lon="2.35590412281453609466552734375">
        <ele>40.59999847412109375</ele>
        <time>2026-05-22T11:36:18.000Z</time>
        <extensions>
          <ns3:TrackPointExtension>
            <ns3:atemp>32.0</ns3:atemp>
          </ns3:TrackPointExtension>
        </extensions>
      </trkpt>
      <trkpt lat="48.854142241179943084716796875" lon="2.3558311164379119873046875">
        <ele>40.40000152587890625</ele>
        <time>2026-05-22T11:36:19.000Z</time>
        <extensions>
          <ns3:TrackPointExtension>
            <ns3:atemp>32.0</ns3:atemp>
          </ns3:TrackPointExtension>
        </extensions>
      </trkpt>
      <trkpt lat="48.8541699014604091644287109375" lon="2.35575509257614612579345703125">
        <ele>40.200000762939453125</ele>
        <time>2026-05-22T11:36:20.000Z</time>
        <extensions>
          <ns3:TrackPointExtension>
            <ns3:atemp>32.0</ns3:atemp>
          </ns3:TrackPointExtension>
        </extensions>
      </trkpt>
      <trkpt lat="48.854200579226016998291015625" lon="2.3556763865053653717041015625">
        <ele>40</ele>
        <time>2026-05-22T11:36:21.000Z</time>
        <extensions>
          <ns3:TrackPointExtension>
            <ns3:atemp>32.0</ns3:atemp>
          </ns3:TrackPointExtension>
        </extensions>
      </trkpt>
      <trkpt lat="48.85423536412417888641357421875" lon="2.355593405663967132568359375">
        <ele>39.799999237060546875</ele>
        <time>2026-05-22T11:36:22.000Z</time>
        <extensions>
          <ns3:TrackPointExtension>
            <ns3:atemp>32.0</ns3:atemp>
          </ns3:TrackPointExtension>
        </extensions>
      </trkpt>
      <trkpt lat="48.85427040047943592071533203125" lon="2.355511598289012908935546875">
        <ele>39.799999237060546875</ele>
        <time>2026-05-22T11:36:23.000Z</time>
        <extensions>
          <ns3:TrackPointExtension>
            <ns3:atemp>32.0</ns3:atemp>
          </ns3:TrackPointExtension>
        </extensions>
      </trkpt>
      <trkpt lat="48.85430225171148777008056640625" lon="2.3554269410669803619384765625">
        <ele>39.59999847412109375</ele>
        <time>2026-05-22T11:36:24.000Z</time>
        <extensions>
          <ns3:TrackPointExtension>
            <ns3:atemp>32.0</ns3:atemp>
          </ns3:TrackPointExtension>
        </extensions>
      </trkpt>
      <trkpt lat="48.85433427058160305023193359375" lon="2.35534136183559894561767578125">
        <ele>39.59999847412109375</ele>
        <time>2026-05-22T11:36:25.000Z</time>
        <extensions>
          <ns3:TrackPointExtension>
            <ns3:atemp>32.0</ns3:atemp>
          </ns3:TrackPointExtension>
        </extensions>
      </trkpt>
      <trkpt lat="48.85436763055622577667236328125" lon="2.355261147022247314453125">
        <ele>39.40000152587890625</ele>
        <time>2026-05-22T11:36:26.000Z</time>
        <extensions>
          <ns3:TrackPointExtension>
            <ns3:atemp>32.0</ns3:atemp>
          </ns3:TrackPointExtension>
        </extensions>
      </trkpt>
      <trkpt lat="48.85439763776957988739013671875" lon="2.35520339570939540863037109375">
        <ele>39.40000152587890625</ele>
        <time>2026-05-22T11:36:27.000Z</time>
        <extensions>
          <ns3:TrackPointExtension>
            <ns3:atemp>32.0</ns3:atemp>
          </ns3:TrackPointExtension>
        </extensions>
      </trkpt>
      <trkpt lat="48.85442663915455341339111328125" lon="2.355136089026927947998046875">
        <ele>39.200000762939453125</ele>
        <time>2026-05-22T11:36:28.000Z</time>
        <extensions>
          <ns3:TrackPointExtension>
            <ns3:atemp>32.0</ns3:atemp>
          </ns3:TrackPointExtension>
        </extensions>
      </trkpt>
      <trkpt lat="48.854452036321163177490234375" lon="2.35507112927734851837158203125">
        <ele>39.200000762939453125</ele>
        <time>2026-05-22T11:36:29.000Z</time>
        <extensions>
          <ns3:TrackPointExtension>
            <ns3:atemp>32.0</ns3:atemp>
          </ns3:TrackPointExtension>
        </extensions>
      </trkpt>
      <trkpt lat="48.85447709821164608001708984375" lon="2.35499418340623378753662109375">
        <ele>39</ele>
        <time>2026-05-22T11:36:30.000Z</time>
        <extensions>
          <ns3:TrackPointExtension>
            <ns3:atemp>32.0</ns3:atemp>
          </ns3:TrackPointExtension>
        </extensions>
      </trkpt>
      <trkpt lat="48.85450945235788822174072265625" lon="2.35491455532610416412353515625">
        <ele>39</ele>
        <time>2026-05-22T11:36:31.000Z</time>
        <extensions>
          <ns3:TrackPointExtension>
            <ns3:atemp>32.0</ns3:atemp>
          </ns3:TrackPointExtension>
        </extensions>
      </trkpt>
      <trkpt lat="48.85454499162733554840087890625" lon="2.35482889227569103240966796875">
        <ele>39</ele>
        <time>2026-05-22T11:36:32.000Z</time>
        <extensions>
          <ns3:TrackPointExtension>
            <ns3:atemp>32.0</ns3:atemp>
          </ns3:TrackPointExtension>
        </extensions>
      </trkpt>
      <trkpt lat="48.85458036325871944427490234375" lon="2.35473451204597949981689453125">
        <ele>39.200000762939453125</ele>
        <time>2026-05-22T11:36:33.000Z</time>
        <extensions>
          <ns3:TrackPointExtension>
            <ns3:atemp>32.0</ns3:atemp>
          </ns3:TrackPointExtension>
        </extensions>
      </trkpt>
      <trkpt lat="48.85461866855621337890625" lon="2.354635186493396759033203125">
        <ele>39.200000762939453125</ele>
        <time>2026-05-22T11:36:34.000Z</time>
        <extensions>
          <ns3:TrackPointExtension>
            <ns3:atemp>32.0</ns3:atemp>
          </ns3:TrackPointExtension>
        </extensions>
      </trkpt>
      <trkpt lat="48.85466133244335651397705078125" lon="2.354528568685054779052734375">
        <ele>39.200000762939453125</ele>
        <time>2026-05-22T11:36:35.000Z</time>
        <extensions>
          <ns3:TrackPointExtension>
            <ns3:atemp>32.0</ns3:atemp>
          </ns3:TrackPointExtension>
        </extensions>
      </trkpt>
      <trkpt lat="48.85469620116055011749267578125" lon="2.3544244654476642608642578125">
        <ele>39</ele>
        <time>2026-05-22T11:36:36.000Z</time>
        <extensions>
          <ns3:TrackPointExtension>
            <ns3:atemp>32.0</ns3:atemp>
          </ns3:TrackPointExtension>
        </extensions>
      </trkpt>
      <trkpt lat="48.85473526082932949066162109375" lon="2.35432329587638378143310546875">
        <ele>38.799999237060546875</ele>
        <time>2026-05-22T11:36:37.000Z</time>
        <extensions>
          <ns3:TrackPointExtension>
            <ns3:atemp>32.0</ns3:atemp>
          </ns3:TrackPointExtension>
        </extensions>
      </trkpt>
      <trkpt lat="48.85477717034518718719482421875" lon="2.35422304831445217132568359375">
        <ele>38.799999237060546875</ele>
        <time>2026-05-22T11:36:38.000Z</time>
        <extensions>
          <ns3:TrackPointExtension>
            <ns3:atemp>32.0</ns3:atemp>
          </ns3:TrackPointExtension>
        </extensions>
      </trkpt>
      <trkpt lat="48.85481656529009342193603515625" lon="2.3541227169334888458251953125">
        <ele>38.59999847412109375</ele>
        <time>2026-05-22T11:36:39.000Z</time>
        <extensions>
          <ns3:TrackPointExtension>
            <ns3:atemp>32.0</ns3:atemp>
          </ns3:TrackPointExtension>
        </extensions>
      </trkpt>
      <trkpt lat="48.85485327802598476409912109375" lon="2.35402104444801807403564453125">
        <ele>38.59999847412109375</ele>
        <time>2026-05-22T11:36:40.000Z</time>
        <extensions>
          <ns3:TrackPointExtension>
            <ns3:atemp>32.0</ns3:atemp>
          </ns3:TrackPointExtension>
        </extensions>
      </trkpt>
      <trkpt lat="48.85489200241863727569580078125" lon="2.35392314381897449493408203125">
        <ele>38.40000152587890625</ele>
        <time>2026-05-22T11:36:41.000Z</time>
        <extensions>
          <ns3:TrackPointExtension>
            <ns3:atemp>32.0</ns3:atemp>
          </ns3:TrackPointExtension>
        </extensions>
      </trkpt>
      <trkpt lat="48.85493340902030467987060546875" lon="2.3538248240947723388671875">
        <ele>38.40000152587890625</ele>
        <time>2026-05-22T11:36:42.000Z</time>
        <extensions>
          <ns3:TrackPointExtension>
            <ns3:atemp>32.0</ns3:atemp>
          </ns3:TrackPointExtension>
        </extensions>
      </trkpt>
      <trkpt lat="48.8549702055752277374267578125" lon="2.35373027622699737548828125">
        <ele>38.40000152587890625</ele>
        <time>2026-05-22T11:36:43.000Z</time>
        <extensions>
          <ns3:TrackPointExtension>
            <ns3:atemp>32.0</ns3:atemp>
          </ns3:TrackPointExtension>
        </extensions>
      </trkpt>
      <trkpt lat="48.85500800795853137969970703125" lon="2.35364754684269428253173828125">
        <ele>38.40000152587890625</ele>
        <time>2026-05-22T11:36:44.000Z</time>
        <extensions>
          <ns3:TrackPointExtension>
            <ns3:atemp>32.0</ns3:atemp>
          </ns3:TrackPointExtension>
        </extensions>
      </trkpt>
      <trkpt lat="48.8550325669348239898681640625" lon="2.353546209633350372314453125">
        <ele>38.40000152587890625</ele>
        <time>2026-05-22T11:36:45.000Z</time>
        <extensions>
          <ns3:TrackPointExtension>
            <ns3:atemp>32.0</ns3:atemp>
          </ns3:TrackPointExtension>
        </extensions>
      </trkpt>
      <trkpt lat="48.8550627417862415313720703125" lon="2.35345861874520778656005859375">
        <ele>38.40000152587890625</ele>
        <time>2026-05-22T11:36:46.000Z</time>
        <extensions>
          <ns3:TrackPointExtension>
            <ns3:atemp>32.0</ns3:atemp>
          </ns3:TrackPointExtension>
        </extensions>
      </trkpt>
      <trkpt lat="48.8550966046750545501708984375" lon="2.35337194986641407012939453125">
        <ele>38.59999847412109375</ele>
        <time>2026-05-22T11:36:47.000Z</time>
        <extensions>
          <ns3:TrackPointExtension>
            <ns3:atemp>32.0</ns3:atemp>
          </ns3:TrackPointExtension>
        </extensions>
      </trkpt>
      <trkpt lat="48.85513021610677242279052734375" lon="2.3532888852059841156005859375">
        <ele>38.59999847412109375</ele>
        <time>2026-05-22T11:36:48.000Z</time>
        <extensions>
          <ns3:TrackPointExtension>
            <ns3:atemp>32.0</ns3:atemp>
          </ns3:TrackPointExtension>
        </extensions>
      </trkpt>
      <trkpt lat="48.8551644980907440185546875" lon="2.35320045612752437591552734375">
        <ele>38.59999847412109375</ele>
        <time>2026-05-22T11:36:49.000Z</time>
        <extensions>
          <ns3:TrackPointExtension>
            <ns3:atemp>32.0</ns3:atemp>
          </ns3:TrackPointExtension>
        </extensions>
      </trkpt>
      <trkpt lat="48.85519609786570072174072265625" lon="2.35311202704906463623046875">
        <ele>38.59999847412109375</ele>
        <time>2026-05-22T11:36:50.000Z</time>
        <extensions>
          <ns3:TrackPointExtension>
            <ns3:atemp>32.0</ns3:atemp>
          </ns3:TrackPointExtension>
        </extensions>
      </trkpt>
      <trkpt lat="48.855228535830974578857421875" lon="2.353029884397983551025390625">
        <ele>38.59999847412109375</ele>
        <time>2026-05-22T11:36:51.000Z</time>
        <extensions>
          <ns3:TrackPointExtension>
            <ns3:atemp>32.0</ns3:atemp>
          </ns3:TrackPointExtension>
        </extensions>
      </trkpt>
      <trkpt lat="48.85528025217354297637939453125" lon="2.3529985360801219940185546875">
        <ele>38.40000152587890625</ele>
        <time>2026-05-22T11:36:52.000Z</time>
        <extensions>
          <ns3:TrackPointExtension>
            <ns3:atemp>32.0</ns3:atemp>
          </ns3:TrackPointExtension>
        </extensions>
      </trkpt>
      <trkpt lat="48.85533171705901622772216796875" lon="2.35300515778362751007080078125">
        <ele>38.40000152587890625</ele>
        <time>2026-05-22T11:36:53.000Z</time>
        <extensions>
          <ns3:TrackPointExtension>
            <ns3:atemp>32.0</ns3:atemp>
          </ns3:TrackPointExtension>
        </extensions>
      </trkpt>
      <trkpt lat="48.855374716222286224365234375" lon="2.35301823355257511138916015625">
        <ele>38.40000152587890625</ele>
        <time>2026-05-22T11:36:54.000Z</time>
        <extensions>
          <ns3:TrackPointExtension>
            <ns3:atemp>32.0</ns3:atemp>
          </ns3:TrackPointExtension>
        </extensions>
      </trkpt>
      <trkpt lat="48.8554147817194461822509765625" lon="2.353010438382625579833984375">
        <ele>38.59999847412109375</ele>
        <time>2026-05-22T11:36:55.000Z</time>
        <extensions>
          <ns3:TrackPointExtension>
            <ns3:atemp>32.0</ns3:atemp>
          </ns3:TrackPointExtension>
        </extensions>
      </trkpt>
      <trkpt lat="48.85545375756919384002685546875" lon="2.35302527435123920440673828125">
        <ele>38.799999237060546875</ele>
        <time>2026-05-22T11:36:56.000Z</time>
        <extensions>
          <ns3:TrackPointExtension>
            <ns3:atemp>32.0</ns3:atemp>
          </ns3:TrackPointExtension>
        </extensions>
      </trkpt>
      <trkpt lat="48.85549868457019329071044921875" lon="2.35304689966142177581787109375">
        <ele>38.799999237060546875</ele>
        <time>2026-05-22T11:36:57.000Z</time>
        <extensions>
          <ns3:TrackPointExtension>
            <ns3:atemp>32.0</ns3:atemp>
          </ns3:TrackPointExtension>
        </extensions>
      </trkpt>
      <trkpt lat="48.855548389256000518798828125" lon="2.35306777060031890869140625">
        <ele>39</ele>
        <time>2026-05-22T11:36:58.000Z</time>
        <extensions>
          <ns3:TrackPointExtension>
            <ns3:atemp>32.0</ns3:atemp>
          </ns3:TrackPointExtension>
        </extensions>
      </trkpt>
      <trkpt lat="48.8555988483130931854248046875" lon="2.353092916309833526611328125">
        <ele>39</ele>
        <time>2026-05-22T11:36:59.000Z</time>
        <extensions>
          <ns3:TrackPointExtension>
            <ns3:atemp>32.0</ns3:atemp>
          </ns3:TrackPointExtension>
        </extensions>
      </trkpt>
      <trkpt lat="48.8556508161127567291259765625" lon="2.35311948694288730621337890625">
        <ele>39</ele>
        <time>2026-05-22T11:37:00.000Z</time>
        <extensions>
          <ns3:TrackPointExtension>
            <ns3:atemp>32.0</ns3:atemp>
          </ns3:TrackPointExtension>
        </extensions>
      </trkpt>
      <trkpt lat="48.85570806451141834259033203125" lon="2.3531460575759410858154296875">
        <ele>39</ele>
        <time>2026-05-22T11:37:01.000Z</time>
        <extensions>
          <ns3:TrackPointExtension>
            <ns3:atemp>32.0</ns3:atemp>
          </ns3:TrackPointExtension>
        </extensions>
      </trkpt>
      <trkpt lat="48.85577226988971233367919921875" lon="2.3531779088079929351806640625">
        <ele>39.200000762939453125</ele>
        <time>2026-05-22T11:37:02.000Z</time>
        <extensions>
          <ns3:TrackPointExtension>
            <ns3:atemp>32.0</ns3:atemp>
          </ns3:TrackPointExtension>
        </extensions>
      </trkpt>
      <trkpt lat="48.85583060793578624725341796875" lon="2.3532181419432163238525390625">
        <ele>39.200000762939453125</ele>
        <time>2026-05-22T11:37:03.000Z</time>
        <extensions>
          <ns3:TrackPointExtension>
            <ns3:atemp>32.0</ns3:atemp>
          </ns3:TrackPointExtension>
        </extensions>
      </trkpt>
      <trkpt lat="48.85589699260890483856201171875" lon="2.3532295413315296173095703125">
        <ele>39.200000762939453125</ele>
        <time>2026-05-22T11:37:04.000Z</time>
        <extensions>
          <ns3:TrackPointExtension>
            <ns3:atemp>32.0</ns3:atemp>
          </ns3:TrackPointExtension>
        </extensions>
      </trkpt>
      <trkpt lat="48.85595851577818393707275390625" lon="2.3532335646450519561767578125">
        <ele>39.40000152587890625</ele>
        <time>2026-05-22T11:37:05.000Z</time>
        <extensions>
          <ns3:TrackPointExtension>
            <ns3:atemp>32.0</ns3:atemp>
          </ns3:TrackPointExtension>
        </extensions>
      </trkpt>
      <trkpt lat="48.85601819492876529693603515625" lon="2.35324119217693805694580078125">
        <ele>39.799999237060546875</ele>
        <time>2026-05-22T11:37:06.000Z</time>
        <extensions>
          <ns3:TrackPointExtension>
            <ns3:atemp>32.0</ns3:atemp>
          </ns3:TrackPointExtension>
        </extensions>
      </trkpt>
      <trkpt lat="48.85607334785163402557373046875" lon="2.3532751388847827911376953125">
        <ele>40</ele>
        <time>2026-05-22T11:37:07.000Z</time>
        <extensions>
          <ns3:TrackPointExtension>
            <ns3:atemp>32.0</ns3:atemp>
          </ns3:TrackPointExtension>
        </extensions>
      </trkpt>
      <trkpt lat="48.8561252318322658538818359375" lon="2.3533163778483867645263671875">
        <ele>40.200000762939453125</ele>
        <time>2026-05-22T11:37:08.000Z</time>
        <extensions>
          <ns3:TrackPointExtension>
            <ns3:atemp>32.0</ns3:atemp>
          </ns3:TrackPointExtension>
        </extensions>
      </trkpt>
      <trkpt lat="48.856178708374500274658203125" lon="2.35334780998528003692626953125">
        <ele>40.200000762939453125</ele>
        <time>2026-05-22T11:37:09.000Z</time>
        <extensions>
          <ns3:TrackPointExtension>
            <ns3:atemp>32.0</ns3:atemp>
          </ns3:TrackPointExtension>
        </extensions>
      </trkpt>
      <trkpt lat="48.8562352024018764495849609375" lon="2.35338184051215648651123046875">
        <ele>40.40000152587890625</ele>
        <time>2026-05-22T11:37:10.000Z</time>
        <extensions>
          <ns3:TrackPointExtension>
            <ns3:atemp>32.0</ns3:atemp>
          </ns3:TrackPointExtension>
        </extensions>
      </trkpt>
      <trkpt lat="48.8562925346195697784423828125" lon="2.35342073254287242889404296875">
        <ele>40.40000152587890625</ele>
        <time>2026-05-22T11:37:11.000Z</time>
        <extensions>
          <ns3:TrackPointExtension>
            <ns3:atemp>32.0</ns3:atemp>
          </ns3:TrackPointExtension>
        </extensions>
      </trkpt>
      <trkpt lat="48.85634827427566051483154296875" lon="2.35346071422100067138671875">
        <ele>40.40000152587890625</ele>
        <time>2026-05-22T11:37:12.000Z</time>
        <extensions>
          <ns3:TrackPointExtension>
            <ns3:atemp>32.0</ns3:atemp>
          </ns3:TrackPointExtension>
        </extensions>
      </trkpt>
      <trkpt lat="48.85640460066497325897216796875" lon="2.3534934036433696746826171875">
        <ele>40.40000152587890625</ele>
        <time>2026-05-22T11:37:13.000Z</time>
        <extensions>
          <ns3:TrackPointExtension>
            <ns3:atemp>32.0</ns3:atemp>
          </ns3:TrackPointExtension>
        </extensions>
      </trkpt>
      <trkpt lat="48.856465704739093780517578125" lon="2.353523410856723785400390625">
        <ele>40.40000152587890625</ele>
        <time>2026-05-22T11:37:14.000Z</time>
        <extensions>
          <ns3:TrackPointExtension>
            <ns3:atemp>32.0</ns3:atemp>
          </ns3:TrackPointExtension>
        </extensions>
      </trkpt>
      <trkpt lat="48.8565228693187236785888671875" lon="2.3535577766597270965576171875">
        <ele>40.40000152587890625</ele>
        <time>2026-05-22T11:37:15.000Z</time>
        <extensions>
          <ns3:TrackPointExtension>
            <ns3:atemp>32.0</ns3:atemp>
          </ns3:TrackPointExtension>
        </extensions>
      </trkpt>
      <trkpt lat="48.85658246465027332305908203125" lon="2.35358946025371551513671875">
        <ele>40.40000152587890625</ele>
        <time>2026-05-22T11:37:16.000Z</time>
        <extensions>
          <ns3:TrackPointExtension>
            <ns3:atemp>32.0</ns3:atemp>
          </ns3:TrackPointExtension>
        </extensions>
      </trkpt>
      <trkpt lat="48.85664180852472782135009765625" lon="2.35362407751381397247314453125">
        <ele>40.200000762939453125</ele>
        <time>2026-05-22T11:37:17.000Z</time>
        <extensions>
          <ns3:TrackPointExtension>
            <ns3:atemp>32.0</ns3:atemp>
          </ns3:TrackPointExtension>
        </extensions>
      </trkpt>
      <trkpt lat="48.856703750789165496826171875" lon="2.353660203516483306884765625">
        <ele>40</ele>
        <time>2026-05-22T11:37:18.000Z</time>
        <extensions>
          <ns3:TrackPointExtension>
            <ns3:atemp>32.0</ns3:atemp>
          </ns3:TrackPointExtension>
        </extensions>
      </trkpt>
      <trkpt lat="48.85676720179617404937744140625" lon="2.35369674861431121826171875">
        <ele>39.799999237060546875</ele>
        <time>2026-05-22T11:37:19.000Z</time>
        <extensions>
          <ns3:TrackPointExtension>
            <ns3:atemp>32.0</ns3:atemp>
          </ns3:TrackPointExtension>
        </extensions>
      </trkpt>
      <trkpt lat="48.8568169064819812774658203125" lon="2.353724576532840728759765625">
        <ele>39.59999847412109375</ele>
        <time>2026-05-22T11:37:20.000Z</time>
        <extensions>
          <ns3:TrackPointExtension>
            <ns3:atemp>32.0</ns3:atemp>
          </ns3:TrackPointExtension>
        </extensions>
      </trkpt>
      <trkpt lat="48.85684381239116191864013671875" lon="2.353750728070735931396484375">
        <ele>39.59999847412109375</ele>
        <time>2026-05-22T11:37:21.000Z</time>
        <extensions>
          <ns3:TrackPointExtension>
            <ns3:atemp>32.0</ns3:atemp>
          </ns3:TrackPointExtension>
        </extensions>
      </trkpt>
      <trkpt lat="48.85685604996979236602783203125" lon="2.35375902615487575531005859375">
        <ele>39.59999847412109375</ele>
        <time>2026-05-22T11:37:22.000Z</time>
        <extensions>
          <ns3:TrackPointExtension>
            <ns3:atemp>32.0</ns3:atemp>
          </ns3:TrackPointExtension>
        </extensions>
      </trkpt>
      <trkpt lat="48.85687105357646942138671875" lon="2.35376103781163692474365234375">
        <ele>39.59999847412109375</ele>
        <time>2026-05-22T11:37:23.000Z</time>
        <extensions>
          <ns3:TrackPointExtension>
            <ns3:atemp>32.0</ns3:atemp>
          </ns3:TrackPointExtension>
        </extensions>
      </trkpt>
      <trkpt lat="48.85688538663089275360107421875" lon="2.35376724041998386383056640625">
        <ele>39.59999847412109375</ele>
        <time>2026-05-22T11:37:24.000Z</time>
        <extensions>
          <ns3:TrackPointExtension>
            <ns3:atemp>32.0</ns3:atemp>
          </ns3:TrackPointExtension>
        </extensions>
      </trkpt>
      <trkpt lat="48.8569000549614429473876953125" lon="2.35377294011414051055908203125">
        <ele>39.59999847412109375</ele>
        <time>2026-05-22T11:37:25.000Z</time>
        <extensions>
          <ns3:TrackPointExtension>
            <ns3:atemp>32.0</ns3:atemp>
          </ns3:TrackPointExtension>
        </extensions>
      </trkpt>
      <trkpt lat="48.85691472329199314117431640625" lon="2.3537765443325042724609375">
        <ele>39.799999237060546875</ele>
        <time>2026-05-22T11:37:26.000Z</time>
        <extensions>
          <ns3:TrackPointExtension>
            <ns3:atemp>32.0</ns3:atemp>
          </ns3:TrackPointExtension>
        </extensions>
      </trkpt>
      <trkpt lat="48.85693768970668315887451171875" lon="2.35378635115921497344970703125">
        <ele>39.799999237060546875</ele>
        <time>2026-05-22T11:37:27.000Z</time>
        <extensions>
          <ns3:TrackPointExtension>
            <ns3:atemp>32.0</ns3:atemp>
          </ns3:TrackPointExtension>
        </extensions>
      </trkpt>
      <trkpt lat="48.85696819983422756195068359375" lon="2.35379205085337162017822265625">
        <ele>39.59999847412109375</ele>
        <time>2026-05-22T11:37:28.000Z</time>
        <extensions>
          <ns3:TrackPointExtension>
            <ns3:atemp>32.0</ns3:atemp>
          </ns3:TrackPointExtension>
        </extensions>
      </trkpt>
      <trkpt lat="48.85700172744691371917724609375" lon="2.35376103781163692474365234375">
        <ele>39.59999847412109375</ele>
        <time>2026-05-22T11:37:29.000Z</time>
        <extensions>
          <ns3:TrackPointExtension>
            <ns3:atemp>32.0</ns3:atemp>
          </ns3:TrackPointExtension>
        </extensions>
      </trkpt>
      <trkpt lat="48.857024274766445159912109375" lon="2.35370873473584651947021484375">
        <ele>39.59999847412109375</ele>
        <time>2026-05-22T11:37:30.000Z</time>
        <extensions>
          <ns3:TrackPointExtension>
            <ns3:atemp>32.0</ns3:atemp>
          </ns3:TrackPointExtension>
        </extensions>
      </trkpt>
      <trkpt lat="48.85703894309699535369873046875" lon="2.35365517437458038330078125">
        <ele>39.40000152587890625</ele>
        <time>2026-05-22T11:37:31.000Z</time>
        <extensions>
          <ns3:TrackPointExtension>
            <ns3:atemp>32.0</ns3:atemp>
          </ns3:TrackPointExtension>
        </extensions>
      </trkpt>
      <trkpt lat="48.8570554554462432861328125" lon="2.353598177433013916015625">
        <ele>39.40000152587890625</ele>
        <time>2026-05-22T11:37:32.000Z</time>
        <extensions>
          <ns3:TrackPointExtension>
            <ns3:atemp>32.0</ns3:atemp>
          </ns3:TrackPointExtension>
        </extensions>
      </trkpt>
      <trkpt lat="48.85707967914640903472900390625" lon="2.3535217344760894775390625">
        <ele>39.200000762939453125</ele>
        <time>2026-05-22T11:37:33.000Z</time>
        <extensions>
          <ns3:TrackPointExtension>
            <ns3:atemp>32.0</ns3:atemp>
          </ns3:TrackPointExtension>
        </extensions>
      </trkpt>
      <trkpt lat="48.85710365138947963714599609375" lon="2.3534387536346912384033203125">
        <ele>39.200000762939453125</ele>
        <time>2026-05-22T11:37:34.000Z</time>
        <extensions>
          <ns3:TrackPointExtension>
            <ns3:atemp>32.0</ns3:atemp>
          </ns3:TrackPointExtension>
        </extensions>
      </trkpt>
      <trkpt lat="48.8571277074515819549560546875" lon="2.353349067270755767822265625">
        <ele>39.200000762939453125</ele>
        <time>2026-05-22T11:37:35.000Z</time>
        <extensions>
          <ns3:TrackPointExtension>
            <ns3:atemp>32.0</ns3:atemp>
          </ns3:TrackPointExtension>
        </extensions>
      </trkpt>
      <trkpt lat="48.85714958421885967254638671875" lon="2.35325912944972515106201171875">
        <ele>39.200000762939453125</ele>
        <time>2026-05-22T11:37:36.000Z</time>
        <extensions>
          <ns3:TrackPointExtension>
            <ns3:atemp>32.0</ns3:atemp>
          </ns3:TrackPointExtension>
        </extensions>
      </trkpt>
      <trkpt lat="48.857169114053249359130859375" lon="2.353169023990631103515625">
        <ele>39.200000762939453125</ele>
        <time>2026-05-22T11:37:37.000Z</time>
        <extensions>
          <ns3:TrackPointExtension>
            <ns3:atemp>32.0</ns3:atemp>
          </ns3:TrackPointExtension>
        </extensions>
      </trkpt>
      <trkpt lat="48.85718612931668758392333984375" lon="2.353084199130535125732421875">
        <ele>39.200000762939453125</ele>
        <time>2026-05-22T11:37:38.000Z</time>
        <extensions>
          <ns3:TrackPointExtension>
            <ns3:atemp>32.0</ns3:atemp>
          </ns3:TrackPointExtension>
        </extensions>
      </trkpt>
      <trkpt lat="48.85720574297010898590087890625" lon="2.35299811698496341705322265625">
        <ele>39.200000762939453125</ele>
        <time>2026-05-22T11:37:39.000Z</time>
        <extensions>
          <ns3:TrackPointExtension>
            <ns3:atemp>32.0</ns3:atemp>
          </ns3:TrackPointExtension>
        </extensions>
      </trkpt>
      <trkpt lat="48.85722870938479900360107421875" lon="2.35291128046810626983642578125">
        <ele>39.200000762939453125</ele>
        <time>2026-05-22T11:37:40.000Z</time>
        <extensions>
          <ns3:TrackPointExtension>
            <ns3:atemp>32.0</ns3:atemp>
          </ns3:TrackPointExtension>
        </extensions>
      </trkpt>
      <trkpt lat="48.8572520948946475982666015625" lon="2.3528174869716167449951171875">
        <ele>39.200000762939453125</ele>
        <time>2026-05-22T11:37:41.000Z</time>
        <extensions>
          <ns3:TrackPointExtension>
            <ns3:atemp>32.0</ns3:atemp>
          </ns3:TrackPointExtension>
        </extensions>
      </trkpt>
      <trkpt lat="48.857271708548069000244140625" lon="2.3527262918651103973388671875">
        <ele>39.200000762939453125</ele>
        <time>2026-05-22T11:37:42.000Z</time>
        <extensions>
          <ns3:TrackPointExtension>
            <ns3:atemp>32.0</ns3:atemp>
          </ns3:TrackPointExtension>
        </extensions>
      </trkpt>
      <trkpt lat="48.8572913222014904022216796875" lon="2.35263534821569919586181640625">
        <ele>39.40000152587890625</ele>
        <time>2026-05-22T11:37:43.000Z</time>
        <extensions>
          <ns3:TrackPointExtension>
            <ns3:atemp>32.0</ns3:atemp>
          </ns3:TrackPointExtension>
        </extensions>
      </trkpt>
      <trkpt lat="48.85730867274105548858642578125" lon="2.3525439016520977020263671875">
        <ele>39.40000152587890625</ele>
        <time>2026-05-22T11:37:44.000Z</time>
        <extensions>
          <ns3:TrackPointExtension>
            <ns3:atemp>32.0</ns3:atemp>
          </ns3:TrackPointExtension>
        </extensions>
      </trkpt>
      <trkpt lat="48.85732702910900115966796875" lon="2.3524523712694644927978515625">
        <ele>39.40000152587890625</ele>
        <time>2026-05-22T11:37:45.000Z</time>
        <extensions>
          <ns3:TrackPointExtension>
            <ns3:atemp>32.0</ns3:atemp>
          </ns3:TrackPointExtension>
        </extensions>
      </trkpt>
      <trkpt lat="48.85734287090599536895751953125" lon="2.35235505737364292144775390625">
        <ele>39.40000152587890625</ele>
        <time>2026-05-22T11:37:46.000Z</time>
        <extensions>
          <ns3:TrackPointExtension>
            <ns3:atemp>32.0</ns3:atemp>
          </ns3:TrackPointExtension>
        </extensions>
      </trkpt>
      <trkpt lat="48.85735410265624523162841796875" lon="2.3522585816681385040283203125">
        <ele>39.40000152587890625</ele>
        <time>2026-05-22T11:37:47.000Z</time>
        <extensions>
          <ns3:TrackPointExtension>
            <ns3:atemp>32.0</ns3:atemp>
          </ns3:TrackPointExtension>
        </extensions>
      </trkpt>
      <trkpt lat="48.857364244759082794189453125" lon="2.35216529108583927154541015625">
        <ele>39.59999847412109375</ele>
        <time>2026-05-22T11:37:48.000Z</time>
        <extensions>
          <ns3:TrackPointExtension>
            <ns3:atemp>32.0</ns3:atemp>
          </ns3:TrackPointExtension>
        </extensions>
      </trkpt>
      <trkpt lat="48.85737170465290546417236328125" lon="2.352071665227413177490234375">
        <ele>39.59999847412109375</ele>
        <time>2026-05-22T11:37:49.000Z</time>
        <extensions>
          <ns3:TrackPointExtension>
            <ns3:atemp>32.0</ns3:atemp>
          </ns3:TrackPointExtension>
        </extensions>
      </trkpt>
      <trkpt lat="48.85738511569797992706298828125" lon="2.3519799672067165374755859375">
        <ele>39.59999847412109375</ele>
        <time>2026-05-22T11:37:50.000Z</time>
        <extensions>
          <ns3:TrackPointExtension>
            <ns3:atemp>32.0</ns3:atemp>
          </ns3:TrackPointExtension>
        </extensions>
      </trkpt>
      <trkpt lat="48.85739802382886409759521484375" lon="2.35188625752925872802734375">
        <ele>39.59999847412109375</ele>
        <time>2026-05-22T11:37:51.000Z</time>
        <extensions>
          <ns3:TrackPointExtension>
            <ns3:atemp>32.0</ns3:atemp>
          </ns3:TrackPointExtension>
        </extensions>
      </trkpt>
      <trkpt lat="48.85740137659013271331787109375" lon="2.3518076352775096893310546875">
        <ele>39.59999847412109375</ele>
        <time>2026-05-22T11:37:52.000Z</time>
        <extensions>
          <ns3:TrackPointExtension>
            <ns3:atemp>32.0</ns3:atemp>
          </ns3:TrackPointExtension>
        </extensions>
      </trkpt>
      <trkpt lat="48.8574019633233547210693359375" lon="2.35174317844212055206298828125">
        <ele>39.59999847412109375</ele>
        <time>2026-05-22T11:37:53.000Z</time>
        <extensions>
          <ns3:TrackPointExtension>
            <ns3:atemp>32.0</ns3:atemp>
          </ns3:TrackPointExtension>
        </extensions>
      </trkpt>
      <trkpt lat="48.857411853969097137451171875" lon="2.3516832478344440460205078125">
        <ele>39.59999847412109375</ele>
        <time>2026-05-22T11:37:54.000Z</time>
        <extensions>
          <ns3:TrackPointExtension>
            <ns3:atemp>32.0</ns3:atemp>
          </ns3:TrackPointExtension>
        </extensions>
      </trkpt>
      <trkpt lat="48.8574230857193470001220703125" lon="2.35161946155130863189697265625">
        <ele>39.59999847412109375</ele>
        <time>2026-05-22T11:37:55.000Z</time>
        <extensions>
          <ns3:TrackPointExtension>
            <ns3:atemp>32.0</ns3:atemp>
          </ns3:TrackPointExtension>
        </extensions>
      </trkpt>
      <trkpt lat="48.85743875987827777862548828125" lon="2.35155508853495121002197265625">
        <ele>39.59999847412109375</ele>
        <time>2026-05-22T11:37:56.000Z</time>
        <extensions>
          <ns3:TrackPointExtension>
            <ns3:atemp>32.0</ns3:atemp>
          </ns3:TrackPointExtension>
        </extensions>
      </trkpt>
      <trkpt lat="48.8574505783617496490478515625" lon="2.35148920677602291107177734375">
        <ele>39.40000152587890625</ele>
        <time>2026-05-22T11:37:57.000Z</time>
        <extensions>
          <ns3:TrackPointExtension>
            <ns3:atemp>32.0</ns3:atemp>
          </ns3:TrackPointExtension>
        </extensions>
      </trkpt>
      <trkpt lat="48.85745518840849399566650390625" lon="2.35144101083278656005859375">
        <ele>39.40000152587890625</ele>
        <time>2026-05-22T11:37:58.000Z</time>
        <extensions>
          <ns3:TrackPointExtension>
            <ns3:atemp>32.0</ns3:atemp>
          </ns3:TrackPointExtension>
        </extensions>
      </trkpt>
      <trkpt lat="48.8574596308171749114990234375" lon="2.35140337608754634857177734375">
        <ele>39.40000152587890625</ele>
        <time>2026-05-22T11:37:59.000Z</time>
        <extensions>
          <ns3:TrackPointExtension>
            <ns3:atemp>32.0</ns3:atemp>
          </ns3:TrackPointExtension>
        </extensions>
      </trkpt>
      <trkpt lat="48.85746591724455356597900390625" lon="2.35138359479606151580810546875">
        <ele>39.40000152587890625</ele>
        <time>2026-05-22T11:38:00.000Z</time>
        <extensions>
          <ns3:TrackPointExtension>
            <ns3:atemp>32.0</ns3:atemp>
          </ns3:TrackPointExtension>
        </extensions>
      </trkpt>
      <trkpt lat="48.85747186839580535888671875" lon="2.3513784818351268768310546875">
        <ele>39.200000762939453125</ele>
        <time>2026-05-22T11:38:01.000Z</time>
        <extensions>
          <ns3:TrackPointExtension>
            <ns3:atemp>32.0</ns3:atemp>
          </ns3:TrackPointExtension>
        </extensions>
      </trkpt>
      <trkpt lat="48.8574738800525665283203125" lon="2.35137454234063625335693359375">
        <ele>39.200000762939453125</ele>
        <time>2026-05-22T11:38:02.000Z</time>
        <extensions>
          <ns3:TrackPointExtension>
            <ns3:atemp>32.0</ns3:atemp>
          </ns3:TrackPointExtension>
        </extensions>
      </trkpt>
      <trkpt lat="48.85747413150966167449951171875" lon="2.3513759672641754150390625">
        <ele>39.200000762939453125</ele>
        <time>2026-05-22T11:38:03.000Z</time>
        <extensions>
          <ns3:TrackPointExtension>
            <ns3:atemp>32.0</ns3:atemp>
          </ns3:TrackPointExtension>
        </extensions>
      </trkpt>
      <trkpt lat="48.8574831001460552215576171875" lon="2.35132693313062191009521484375">
        <ele>39</ele>
        <time>2026-05-22T11:38:38.000Z</time>
        <extensions>
          <ns3:TrackPointExtension>
            <ns3:atemp>33.0</ns3:atemp>
          </ns3:TrackPointExtension>
        </extensions>
      </trkpt>
      <trkpt lat="48.8575001992285251617431640625" lon="2.35129256732761859893798828125">
        <ele>39</ele>
        <time>2026-05-22T11:38:39.000Z</time>
        <extensions>
          <ns3:TrackPointExtension>
            <ns3:atemp>33.0</ns3:atemp>
          </ns3:TrackPointExtension>
        </extensions>
      </trkpt>
      <trkpt lat="48.8575280271470546722412109375" lon="2.35126071609556674957275390625">
        <ele>39</ele>
        <time>2026-05-22T11:38:40.000Z</time>
        <extensions>
          <ns3:TrackPointExtension>
            <ns3:atemp>33.0</ns3:atemp>
          </ns3:TrackPointExtension>
        </extensions>
      </trkpt>
      <trkpt lat="48.8575511611998081207275390625" lon="2.35123808495700359344482421875">
        <ele>39</ele>
        <time>2026-05-22T11:38:41.000Z</time>
        <extensions>
          <ns3:TrackPointExtension>
            <ns3:atemp>33.0</ns3:atemp>
          </ns3:TrackPointExtension>
        </extensions>
      </trkpt>
      <trkpt lat="48.85755208320915699005126953125" lon="2.35120757482945919036865234375">
        <ele>39</ele>
        <time>2026-05-22T11:38:42.000Z</time>
        <extensions>
          <ns3:TrackPointExtension>
            <ns3:atemp>33.0</ns3:atemp>
          </ns3:TrackPointExtension>
        </extensions>
      </trkpt>
      <trkpt lat="48.8575602136552333831787109375" lon="2.35117555595934391021728515625">
        <ele>39.200000762939453125</ele>
        <time>2026-05-22T11:38:43.000Z</time>
        <extensions>
          <ns3:TrackPointExtension>
            <ns3:atemp>33.0</ns3:atemp>
          </ns3:TrackPointExtension>
        </extensions>
      </trkpt>
      <trkpt lat="48.857574798166751861572265625" lon="2.35112593509256839752197265625">
        <ele>39.200000762939453125</ele>
        <time>2026-05-22T11:38:44.000Z</time>
        <extensions>
          <ns3:TrackPointExtension>
            <ns3:atemp>33.0</ns3:atemp>
          </ns3:TrackPointExtension>
        </extensions>
      </trkpt>
      <trkpt lat="48.85759499855339527130126953125" lon="2.35106525011360645294189453125">
        <ele>39.40000152587890625</ele>
        <time>2026-05-22T11:38:45.000Z</time>
        <extensions>
          <ns3:TrackPointExtension>
            <ns3:atemp>33.0</ns3:atemp>
          </ns3:TrackPointExtension>
        </extensions>
      </trkpt>
      <trkpt lat="48.8576175458729267120361328125" lon="2.35099853016436100006103515625">
        <ele>39.40000152587890625</ele>
        <time>2026-05-22T11:38:46.000Z</time>
        <extensions>
          <ns3:TrackPointExtension>
            <ns3:atemp>33.0</ns3:atemp>
          </ns3:TrackPointExtension>
        </extensions>
      </trkpt>
      <trkpt lat="48.85764378122985363006591796875" lon="2.35091672278940677642822265625">
        <ele>39.59999847412109375</ele>
        <time>2026-05-22T11:38:47.000Z</time>
        <extensions>
          <ns3:TrackPointExtension>
            <ns3:atemp>33.0</ns3:atemp>
          </ns3:TrackPointExtension>
        </extensions>
      </trkpt>
      <trkpt lat="48.8576675020158290863037109375" lon="2.35083290375769138336181640625">
        <ele>39.59999847412109375</ele>
        <time>2026-05-22T11:38:48.000Z</time>
        <extensions>
          <ns3:TrackPointExtension>
            <ns3:atemp>33.0</ns3:atemp>
          </ns3:TrackPointExtension>
        </extensions>
      </trkpt>
      <trkpt lat="48.8576963357627391815185546875" lon="2.35075210221111774444580078125">
        <ele>39.799999237060546875</ele>
        <time>2026-05-22T11:38:49.000Z</time>
        <extensions>
          <ns3:TrackPointExtension>
            <ns3:atemp>33.0</ns3:atemp>
          </ns3:TrackPointExtension>
        </extensions>
      </trkpt>
      <trkpt lat="48.8577285222709178924560546875" lon="2.3506707139313220977783203125">
        <ele>40</ele>
        <time>2026-05-22T11:38:50.000Z</time>
        <extensions>
          <ns3:TrackPointExtension>
            <ns3:atemp>33.0</ns3:atemp>
          </ns3:TrackPointExtension>
        </extensions>
      </trkpt>
      <trkpt lat="48.8577528297901153564453125" lon="2.350583709776401519775390625">
        <ele>40.200000762939453125</ele>
        <time>2026-05-22T11:38:51.000Z</time>
        <extensions>
          <ns3:TrackPointExtension>
            <ns3:atemp>33.0</ns3:atemp>
          </ns3:TrackPointExtension>
        </extensions>
      </trkpt>
      <trkpt lat="48.857780992984771728515625" lon="2.35049511305987834930419921875">
        <ele>40.40000152587890625</ele>
        <time>2026-05-22T11:38:52.000Z</time>
        <extensions>
          <ns3:TrackPointExtension>
            <ns3:atemp>33.0</ns3:atemp>
          </ns3:TrackPointExtension>
        </extensions>
      </trkpt>
      <trkpt lat="48.8578083179891109466552734375" lon="2.35041347332298755645751953125">
        <ele>40.40000152587890625</ele>
        <time>2026-05-22T11:38:53.000Z</time>
        <extensions>
          <ns3:TrackPointExtension>
            <ns3:atemp>33.0</ns3:atemp>
          </ns3:TrackPointExtension>
        </extensions>
      </trkpt>
      <trkpt lat="48.857834301888942718505859375" lon="2.35033066011965274810791015625">
        <ele>40.59999847412109375</ele>
        <time>2026-05-22T11:38:54.000Z</time>
        <extensions>
          <ns3:TrackPointExtension>
            <ns3:atemp>33.0</ns3:atemp>
          </ns3:TrackPointExtension>
        </extensions>
      </trkpt>
      <trkpt lat="48.85786221362650394439697265625" lon="2.3502489365637302398681640625">
        <ele>40.799999237060546875</ele>
        <time>2026-05-22T11:38:55.000Z</time>
        <extensions>
          <ns3:TrackPointExtension>
            <ns3:atemp>33.0</ns3:atemp>
          </ns3:TrackPointExtension>
        </extensions>
      </trkpt>
      <trkpt lat="48.85788668878376483917236328125" lon="2.35017173923552036285400390625">
        <ele>40.799999237060546875</ele>
        <time>2026-05-22T11:38:56.000Z</time>
        <extensions>
          <ns3:TrackPointExtension>
            <ns3:atemp>33.0</ns3:atemp>
          </ns3:TrackPointExtension>
        </extensions>
      </trkpt>
      <trkpt lat="48.85790781117975711822509765625" lon="2.35009009949862957000732421875">
        <ele>41</ele>
        <time>2026-05-22T11:38:57.000Z</time>
        <extensions>
          <ns3:TrackPointExtension>
            <ns3:atemp>33.0</ns3:atemp>
          </ns3:TrackPointExtension>
        </extensions>
      </trkpt>
      <trkpt lat="48.8579276762902736663818359375" lon="2.3500125668942928314208984375">
        <ele>41.200000762939453125</ele>
        <time>2026-05-22T11:38:58.000Z</time>
        <extensions>
          <ns3:TrackPointExtension>
            <ns3:atemp>33.0</ns3:atemp>
          </ns3:TrackPointExtension>
        </extensions>
      </trkpt>
      <trkpt lat="48.85794905014336109161376953125" lon="2.34993687830865383148193359375">
        <ele>41.200000762939453125</ele>
        <time>2026-05-22T11:38:59.000Z</time>
        <extensions>
          <ns3:TrackPointExtension>
            <ns3:atemp>33.0</ns3:atemp>
          </ns3:TrackPointExtension>
        </extensions>
      </trkpt>
      <trkpt lat="48.85796396993100643157958984375" lon="2.3498603515326976776123046875">
        <ele>41.200000762939453125</ele>
        <time>2026-05-22T11:39:00.000Z</time>
        <extensions>
          <ns3:TrackPointExtension>
            <ns3:atemp>33.0</ns3:atemp>
          </ns3:TrackPointExtension>
        </extensions>
      </trkpt>
      <trkpt lat="48.85798945091664791107177734375" lon="2.349798493087291717529296875">
        <ele>41.40000152587890625</ele>
        <time>2026-05-22T11:39:01.000Z</time>
        <extensions>
          <ns3:TrackPointExtension>
            <ns3:atemp>33.0</ns3:atemp>
          </ns3:TrackPointExtension>
        </extensions>
      </trkpt>
      <trkpt lat="48.8580259121954441070556640625" lon="2.34975256025791168212890625">
        <ele>41.40000152587890625</ele>
        <time>2026-05-22T11:39:02.000Z</time>
        <extensions>
          <ns3:TrackPointExtension>
            <ns3:atemp>33.0</ns3:atemp>
          </ns3:TrackPointExtension>
        </extensions>
      </trkpt>
      <trkpt lat="48.8580594398081302642822265625" lon="2.34974644146859645843505859375">
        <ele>41.40000152587890625</ele>
        <time>2026-05-22T11:39:03.000Z</time>
        <extensions>
          <ns3:TrackPointExtension>
            <ns3:atemp>33.0</ns3:atemp>
          </ns3:TrackPointExtension>
        </extensions>
      </trkpt>
      <trkpt lat="48.85807997547090053558349609375" lon="2.34975121915340423583984375">
        <ele>41.59999847412109375</ele>
        <time>2026-05-22T11:39:04.000Z</time>
        <extensions>
          <ns3:TrackPointExtension>
            <ns3:atemp>33.0</ns3:atemp>
          </ns3:TrackPointExtension>
        </extensions>
      </trkpt>
      <trkpt lat="48.8580939732491970062255859375" lon="2.3497668094933032989501953125">
        <ele>41.59999847412109375</ele>
        <time>2026-05-22T11:39:05.000Z</time>
        <extensions>
          <ns3:TrackPointExtension>
            <ns3:atemp>33.0</ns3:atemp>
          </ns3:TrackPointExtension>
        </extensions>
      </trkpt>
      <trkpt lat="48.858108222484588623046875" lon="2.34977066516876220703125">
        <ele>41.59999847412109375</ele>
        <time>2026-05-22T11:39:06.000Z</time>
        <extensions>
          <ns3:TrackPointExtension>
            <ns3:atemp>33.0</ns3:atemp>
          </ns3:TrackPointExtension>
        </extensions>
      </trkpt>
      <trkpt lat="48.8581241481006145477294921875" lon="2.3497772030532360076904296875">
        <ele>41.59999847412109375</ele>
        <time>2026-05-22T11:39:07.000Z</time>
        <extensions>
          <ns3:TrackPointExtension>
            <ns3:atemp>33.0</ns3:atemp>
          </ns3:TrackPointExtension>
        </extensions>
      </trkpt>
      <trkpt lat="48.8581378944218158721923828125" lon="2.34977862797677516937255859375">
        <ele>41.59999847412109375</ele>
        <time>2026-05-22T11:39:08.000Z</time>
        <extensions>
          <ns3:TrackPointExtension>
            <ns3:atemp>33.0</ns3:atemp>
          </ns3:TrackPointExtension>
        </extensions>
      </trkpt>
      <trkpt lat="48.85815583169460296630859375" lon="2.34978231601417064666748046875">
        <ele>41.59999847412109375</ele>
        <time>2026-05-22T11:39:09.000Z</time>
        <extensions>
          <ns3:TrackPointExtension>
            <ns3:atemp>33.0</ns3:atemp>
          </ns3:TrackPointExtension>
        </extensions>
      </trkpt>
      <trkpt lat="48.8581761159002780914306640625" lon="2.349794469773769378662109375">
        <ele>41.799999237060546875</ele>
        <time>2026-05-22T11:39:10.000Z</time>
        <extensions>
          <ns3:TrackPointExtension>
            <ns3:atemp>33.0</ns3:atemp>
          </ns3:TrackPointExtension>
        </extensions>
      </trkpt>
      <trkpt lat="48.85819581337273120880126953125" lon="2.34979790635406970977783203125">
        <ele>42</ele>
        <time>2026-05-22T11:39:11.000Z</time>
        <extensions>
          <ns3:TrackPointExtension>
            <ns3:atemp>33.0</ns3:atemp>
          </ns3:TrackPointExtension>
        </extensions>
      </trkpt>
      <trkpt lat="48.85821827687323093414306640625" lon="2.34980410896241664886474609375">
        <ele>42.200000762939453125</ele>
        <time>2026-05-22T11:39:12.000Z</time>
        <extensions>
          <ns3:TrackPointExtension>
            <ns3:atemp>33.0</ns3:atemp>
          </ns3:TrackPointExtension>
        </extensions>
      </trkpt>
      <trkpt lat="48.85824275203049182891845703125" lon="2.349807880818843841552734375">
        <ele>42.200000762939453125</ele>
        <time>2026-05-22T11:39:13.000Z</time>
        <extensions>
          <ns3:TrackPointExtension>
            <ns3:atemp>33.0</ns3:atemp>
          </ns3:TrackPointExtension>
        </extensions>
      </trkpt>
      <trkpt lat="48.858261443674564361572265625" lon="2.3498149216175079345703125">
        <ele>42.40000152587890625</ele>
        <time>2026-05-22T11:39:14.000Z</time>
        <extensions>
          <ns3:TrackPointExtension>
            <ns3:atemp>33.0</ns3:atemp>
          </ns3:TrackPointExtension>
        </extensions>
      </trkpt>
      <trkpt lat="48.858263790607452392578125" lon="2.34982003457844257354736328125">
        <ele>42.40000152587890625</ele>
        <time>2026-05-22T11:39:15.000Z</time>
        <extensions>
          <ns3:TrackPointExtension>
            <ns3:atemp>33.0</ns3:atemp>
          </ns3:TrackPointExtension>
        </extensions>
      </trkpt>
      <trkpt lat="48.85826840065419673919677734375" lon="2.3498181067407131195068359375">
        <ele>42.59999847412109375</ele>
        <time>2026-05-22T11:39:16.000Z</time>
        <extensions>
          <ns3:TrackPointExtension>
            <ns3:atemp>33.0</ns3:atemp>
          </ns3:TrackPointExtension>
        </extensions>
      </trkpt>
      <trkpt lat="48.85826655663549900054931640625" lon="2.34981483779847621917724609375">
        <ele>42.59999847412109375</ele>
        <time>2026-05-22T11:39:17.000Z</time>
        <extensions>
          <ns3:TrackPointExtension>
            <ns3:atemp>33.0</ns3:atemp>
          </ns3:TrackPointExtension>
        </extensions>
      </trkpt>
      <trkpt lat="48.8582733459770679473876953125" lon="2.34981819055974483489990234375">
        <ele>42.59999847412109375</ele>
        <time>2026-05-22T11:39:18.000Z</time>
        <extensions>
          <ns3:TrackPointExtension>
            <ns3:atemp>33.0</ns3:atemp>
          </ns3:TrackPointExtension>
        </extensions>
      </trkpt>
      <trkpt lat="48.858291618525981903076171875" lon="2.3498288355767726898193359375">
        <ele>42.59999847412109375</ele>
        <time>2026-05-22T11:39:19.000Z</time>
        <extensions>
          <ns3:TrackPointExtension>
            <ns3:atemp>33.0</ns3:atemp>
          </ns3:TrackPointExtension>
        </extensions>
      </trkpt>
      <trkpt lat="48.85831274092197418212890625" lon="2.34985087998211383819580078125">
        <ele>42.799999237060546875</ele>
        <time>2026-05-22T11:39:20.000Z</time>
        <extensions>
          <ns3:TrackPointExtension>
            <ns3:atemp>33.0</ns3:atemp>
          </ns3:TrackPointExtension>
        </extensions>
      </trkpt>
      <trkpt lat="48.8583353720605373382568359375" lon="2.3498710803687572479248046875">
        <ele>42.799999237060546875</ele>
        <time>2026-05-22T11:39:21.000Z</time>
        <extensions>
          <ns3:TrackPointExtension>
            <ns3:atemp>33.0</ns3:atemp>
          </ns3:TrackPointExtension>
        </extensions>
      </trkpt>
      <trkpt lat="48.8583655469119548797607421875" lon="2.3498700745403766632080078125">
        <ele>43</ele>
        <time>2026-05-22T11:39:22.000Z</time>
        <extensions>
          <ns3:TrackPointExtension>
            <ns3:atemp>33.0</ns3:atemp>
          </ns3:TrackPointExtension>
        </extensions>
      </trkpt>
      <trkpt lat="48.858387172222137451171875" lon="2.34986093826591968536376953125">
        <ele>43</ele>
        <time>2026-05-22T11:39:23.000Z</time>
        <extensions>
          <ns3:TrackPointExtension>
            <ns3:atemp>33.0</ns3:atemp>
          </ns3:TrackPointExtension>
        </extensions>
      </trkpt>
      <trkpt lat="48.8584220409393310546875" lon="2.34985641203820705413818359375">
        <ele>43</ele>
        <time>2026-05-22T11:39:24.000Z</time>
        <extensions>
          <ns3:TrackPointExtension>
            <ns3:atemp>33.0</ns3:atemp>
          </ns3:TrackPointExtension>
        </extensions>
      </trkpt>
      <trkpt lat="48.8584554009139537811279296875" lon="2.34985657967627048492431640625">
        <ele>43</ele>
        <time>2026-05-22T11:39:25.000Z</time>
        <extensions>
          <ns3:TrackPointExtension>
            <ns3:atemp>33.0</ns3:atemp>
          </ns3:TrackPointExtension>
        </extensions>
      </trkpt>
      <trkpt lat="48.8584832288324832916259765625" lon="2.3498402349650859832763671875">
        <ele>43</ele>
        <time>2026-05-22T11:39:26.000Z</time>
        <extensions>
          <ns3:TrackPointExtension>
            <ns3:atemp>33.0</ns3:atemp>
          </ns3:TrackPointExtension>
        </extensions>
      </trkpt>
      <trkpt lat="48.858507536351680755615234375" lon="2.34982766211032867431640625">
        <ele>43</ele>
        <time>2026-05-22T11:39:27.000Z</time>
        <extensions>
          <ns3:TrackPointExtension>
            <ns3:atemp>34.0</ns3:atemp>
          </ns3:TrackPointExtension>
        </extensions>
      </trkpt>
      <trkpt lat="48.85853008367121219635009765625" lon="2.34980846755206584930419921875">
        <ele>43</ele>
        <time>2026-05-22T11:39:28.000Z</time>
        <extensions>
          <ns3:TrackPointExtension>
            <ns3:atemp>33.0</ns3:atemp>
          </ns3:TrackPointExtension>
        </extensions>
      </trkpt>
      <trkpt lat="48.8585467636585235595703125" lon="2.34977628104388713836669921875">
        <ele>43</ele>
        <time>2026-05-22T11:39:29.000Z</time>
        <extensions>
          <ns3:TrackPointExtension>
            <ns3:atemp>33.0</ns3:atemp>
          </ns3:TrackPointExtension>
        </extensions>
      </trkpt>
      <trkpt lat="48.85855305008590221405029296875" lon="2.34973571263253688812255859375">
        <ele>43</ele>
        <time>2026-05-22T11:39:30.000Z</time>
        <extensions>
          <ns3:TrackPointExtension>
            <ns3:atemp>33.0</ns3:atemp>
          </ns3:TrackPointExtension>
        </extensions>
      </trkpt>
      <trkpt lat="48.85856042616069316864013671875" lon="2.34968709759414196014404296875">
        <ele>43.200000762939453125</ele>
        <time>2026-05-22T11:39:31.000Z</time>
        <extensions>
          <ns3:TrackPointExtension>
            <ns3:atemp>33.0</ns3:atemp>
          </ns3:TrackPointExtension>
        </extensions>
      </trkpt>
      <trkpt lat="48.858572579920291900634765625" lon="2.34964032657444477081298828125">
        <ele>43.200000762939453125</ele>
        <time>2026-05-22T11:39:32.000Z</time>
        <extensions>
          <ns3:TrackPointExtension>
            <ns3:atemp>33.0</ns3:atemp>
          </ns3:TrackPointExtension>
        </extensions>
      </trkpt>
      <trkpt lat="48.85857651941478252410888671875" lon="2.34959925524890422821044921875">
        <ele>43.200000762939453125</ele>
        <time>2026-05-22T11:39:33.000Z</time>
        <extensions>
          <ns3:TrackPointExtension>
            <ns3:atemp>33.0</ns3:atemp>
          </ns3:TrackPointExtension>
        </extensions>
      </trkpt>
      <trkpt lat="48.85857869870960712432861328125" lon="2.3495649732649326324462890625">
        <ele>43.200000762939453125</ele>
        <time>2026-05-22T11:39:34.000Z</time>
        <extensions>
          <ns3:TrackPointExtension>
            <ns3:atemp>33.0</ns3:atemp>
          </ns3:TrackPointExtension>
        </extensions>
      </trkpt>
      <trkpt lat="48.85858305729925632476806640625" lon="2.34952901490032672882080078125">
        <ele>43.40000152587890625</ele>
        <time>2026-05-22T11:39:35.000Z</time>
        <extensions>
          <ns3:TrackPointExtension>
            <ns3:atemp>33.0</ns3:atemp>
          </ns3:TrackPointExtension>
        </extensions>
      </trkpt>
      <trkpt lat="48.85858498513698577880859375" lon="2.34949246980249881744384765625">
        <ele>43.40000152587890625</ele>
        <time>2026-05-22T11:39:36.000Z</time>
        <extensions>
          <ns3:TrackPointExtension>
            <ns3:atemp>33.0</ns3:atemp>
          </ns3:TrackPointExtension>
        </extensions>
      </trkpt>
      <trkpt lat="48.8585915230214595794677734375" lon="2.3494486324489116668701171875">
        <ele>43.40000152587890625</ele>
        <time>2026-05-22T11:39:37.000Z</time>
        <extensions>
          <ns3:TrackPointExtension>
            <ns3:atemp>33.0</ns3:atemp>
          </ns3:TrackPointExtension>
        </extensions>
      </trkpt>
      <trkpt lat="48.85859663598239421844482421875" lon="2.349395491182804107666015625">
        <ele>43.59999847412109375</ele>
        <time>2026-05-22T11:39:38.000Z</time>
        <extensions>
          <ns3:TrackPointExtension>
            <ns3:atemp>34.0</ns3:atemp>
          </ns3:TrackPointExtension>
        </extensions>
      </trkpt>
      <trkpt lat="48.8586066104471683502197265625" lon="2.34933908097445964813232421875">
        <ele>43.40000152587890625</ele>
        <time>2026-05-22T11:39:39.000Z</time>
        <extensions>
          <ns3:TrackPointExtension>
            <ns3:atemp>34.0</ns3:atemp>
          </ns3:TrackPointExtension>
        </extensions>
      </trkpt>
      <trkpt lat="48.8586156629025936126708984375" lon="2.34927646815776824951171875">
        <ele>43.40000152587890625</ele>
        <time>2026-05-22T11:39:40.000Z</time>
        <extensions>
          <ns3:TrackPointExtension>
            <ns3:atemp>34.0</ns3:atemp>
          </ns3:TrackPointExtension>
        </extensions>
      </trkpt>
      <trkpt lat="48.85862211696803569793701171875" lon="2.34921352006494998931884765625">
        <ele>43.200000762939453125</ele>
        <time>2026-05-22T11:39:41.000Z</time>
        <extensions>
          <ns3:TrackPointExtension>
            <ns3:atemp>34.0</ns3:atemp>
          </ns3:TrackPointExtension>
        </extensions>
      </trkpt>
      <trkpt lat="48.85862932540476322174072265625" lon="2.34914302825927734375">
        <ele>43.200000762939453125</ele>
        <time>2026-05-22T11:39:42.000Z</time>
        <extensions>
          <ns3:TrackPointExtension>
            <ns3:atemp>34.0</ns3:atemp>
          </ns3:TrackPointExtension>
        </extensions>
      </trkpt>
      <trkpt lat="48.85863862931728363037109375" lon="2.3490711115300655364990234375">
        <ele>43.40000152587890625</ele>
        <time>2026-05-22T11:39:43.000Z</time>
        <extensions>
          <ns3:TrackPointExtension>
            <ns3:atemp>34.0</ns3:atemp>
          </ns3:TrackPointExtension>
        </extensions>
      </trkpt>
      <trkpt lat="48.858651034533977508544921875" lon="2.3489956744015216827392578125">
        <ele>43.40000152587890625</ele>
        <time>2026-05-22T11:39:44.000Z</time>
        <extensions>
          <ns3:TrackPointExtension>
            <ns3:atemp>34.0</ns3:atemp>
          </ns3:TrackPointExtension>
        </extensions>
      </trkpt>
      <trkpt lat="48.858660757541656494140625" lon="2.34892216511070728302001953125">
        <ele>43.40000152587890625</ele>
        <time>2026-05-22T11:39:45.000Z</time>
        <extensions>
          <ns3:TrackPointExtension>
            <ns3:atemp>34.0</ns3:atemp>
          </ns3:TrackPointExtension>
        </extensions>
      </trkpt>
      <trkpt lat="48.8586703129112720489501953125" lon="2.3488466441631317138671875">
        <ele>43.59999847412109375</ele>
        <time>2026-05-22T11:39:46.000Z</time>
        <extensions>
          <ns3:TrackPointExtension>
            <ns3:atemp>34.0</ns3:atemp>
          </ns3:TrackPointExtension>
        </extensions>
      </trkpt>
      <trkpt lat="48.8586786948144435882568359375" lon="2.348780930042266845703125">
        <ele>43.799999237060546875</ele>
        <time>2026-05-22T11:39:47.000Z</time>
        <extensions>
          <ns3:TrackPointExtension>
            <ns3:atemp>34.0</ns3:atemp>
          </ns3:TrackPointExtension>
        </extensions>
      </trkpt>
      <trkpt lat="48.85867618024349212646484375" lon="2.34872401691973209381103515625">
        <ele>43.799999237060546875</ele>
        <time>2026-05-22T11:39:48.000Z</time>
        <extensions>
          <ns3:TrackPointExtension>
            <ns3:atemp>34.0</ns3:atemp>
          </ns3:TrackPointExtension>
        </extensions>
      </trkpt>
      <trkpt lat="48.85868213139474391937255859375" lon="2.3486654274165630340576171875">
        <ele>43.799999237060546875</ele>
        <time>2026-05-22T11:39:49.000Z</time>
        <extensions>
          <ns3:TrackPointExtension>
            <ns3:atemp>34.0</ns3:atemp>
          </ns3:TrackPointExtension>
        </extensions>
      </trkpt>
      <trkpt lat="48.85868213139474391937255859375" lon="2.3486067540943622589111328125">
        <ele>44</ele>
        <time>2026-05-22T11:39:50.000Z</time>
        <extensions>
          <ns3:TrackPointExtension>
            <ns3:atemp>34.0</ns3:atemp>
          </ns3:TrackPointExtension>
        </extensions>
      </trkpt>
      <trkpt lat="48.85867173783481121063232421875" lon="2.34855570830404758453369140625">
        <ele>44</ele>
        <time>2026-05-22T11:39:51.000Z</time>
        <extensions>
          <ns3:TrackPointExtension>
            <ns3:atemp>34.0</ns3:atemp>
          </ns3:TrackPointExtension>
        </extensions>
      </trkpt>
      <trkpt lat="48.858682215213775634765625" lon="2.34850910492241382598876953125">
        <ele>44</ele>
        <time>2026-05-22T11:39:52.000Z</time>
        <extensions>
          <ns3:TrackPointExtension>
            <ns3:atemp>34.0</ns3:atemp>
          </ns3:TrackPointExtension>
        </extensions>
      </trkpt>
      <trkpt lat="48.85871641337871551513671875" lon="2.348484881222248077392578125">
        <ele>44</ele>
        <time>2026-05-22T11:39:53.000Z</time>
        <extensions>
          <ns3:TrackPointExtension>
            <ns3:atemp>34.0</ns3:atemp>
          </ns3:TrackPointExtension>
        </extensions>
      </trkpt>
      <trkpt lat="48.85876209475100040435791015625" lon="2.34846778213977813720703125">
        <ele>44</ele>
        <time>2026-05-22T11:39:54.000Z</time>
        <extensions>
          <ns3:TrackPointExtension>
            <ns3:atemp>34.0</ns3:atemp>
          </ns3:TrackPointExtension>
        </extensions>
      </trkpt>
      <trkpt lat="48.8588114641606807708740234375" lon="2.34847490675747394561767578125">
        <ele>44</ele>
        <time>2026-05-22T11:39:55.000Z</time>
        <extensions>
          <ns3:TrackPointExtension>
            <ns3:atemp>34.0</ns3:atemp>
          </ns3:TrackPointExtension>
        </extensions>
      </trkpt>
      <trkpt lat="48.85885630734264850616455078125" lon="2.34849083237349987030029296875">
        <ele>44</ele>
        <time>2026-05-22T11:39:56.000Z</time>
        <extensions>
          <ns3:TrackPointExtension>
            <ns3:atemp>34.0</ns3:atemp>
          </ns3:TrackPointExtension>
        </extensions>
      </trkpt>
      <trkpt lat="48.8589088618755340576171875" lon="2.34851337969303131103515625">
        <ele>44</ele>
        <time>2026-05-22T11:39:57.000Z</time>
        <extensions>
          <ns3:TrackPointExtension>
            <ns3:atemp>34.0</ns3:atemp>
          </ns3:TrackPointExtension>
        </extensions>
      </trkpt>
      <trkpt lat="48.8589666970074176788330078125" lon="2.34854531474411487579345703125">
        <ele>44</ele>
        <time>2026-05-22T11:39:58.000Z</time>
        <extensions>
          <ns3:TrackPointExtension>
            <ns3:atemp>34.0</ns3:atemp>
          </ns3:TrackPointExtension>
        </extensions>
      </trkpt>
      <trkpt lat="48.85902847163379192352294921875" lon="2.3485749028623104095458984375">
        <ele>44</ele>
        <time>2026-05-22T11:39:59.000Z</time>
        <extensions>
          <ns3:TrackPointExtension>
            <ns3:atemp>34.0</ns3:atemp>
          </ns3:TrackPointExtension>
        </extensions>
      </trkpt>
      <trkpt lat="48.8590914197266101837158203125" lon="2.3486040718853473663330078125">
        <ele>44.200000762939453125</ele>
        <time>2026-05-22T11:40:00.000Z</time>
        <extensions>
          <ns3:TrackPointExtension>
            <ns3:atemp>34.0</ns3:atemp>
          </ns3:TrackPointExtension>
        </extensions>
      </trkpt>
      <trkpt lat="48.85915621183812618255615234375" lon="2.34863701276481151580810546875">
        <ele>44.200000762939453125</ele>
        <time>2026-05-22T11:40:01.000Z</time>
        <extensions>
          <ns3:TrackPointExtension>
            <ns3:atemp>34.0</ns3:atemp>
          </ns3:TrackPointExtension>
        </extensions>
      </trkpt>
      <trkpt lat="48.85922326706349849700927734375" lon="2.34867204912006855010986328125">
        <ele>44.200000762939453125</ele>
        <time>2026-05-22T11:40:02.000Z</time>
        <extensions>
          <ns3:TrackPointExtension>
            <ns3:atemp>34.0</ns3:atemp>
          </ns3:TrackPointExtension>
        </extensions>
      </trkpt>
      <trkpt lat="48.859296776354312896728515625" lon="2.34870792366564273834228515625">
        <ele>44.200000762939453125</ele>
        <time>2026-05-22T11:40:03.000Z</time>
        <extensions>
          <ns3:TrackPointExtension>
            <ns3:atemp>34.0</ns3:atemp>
          </ns3:TrackPointExtension>
        </extensions>
      </trkpt>
      <trkpt lat="48.859374560415744781494140625" lon="2.34874648042023181915283203125">
        <ele>44.40000152587890625</ele>
        <time>2026-05-22T11:40:04.000Z</time>
        <extensions>
          <ns3:TrackPointExtension>
            <ns3:atemp>34.0</ns3:atemp>
          </ns3:TrackPointExtension>
        </extensions>
      </trkpt>
      <trkpt lat="48.85944404639303684234619140625" lon="2.34878453426063060760498046875">
        <ele>44.40000152587890625</ele>
        <time>2026-05-22T11:40:05.000Z</time>
        <extensions>
          <ns3:TrackPointExtension>
            <ns3:atemp>34.0</ns3:atemp>
          </ns3:TrackPointExtension>
        </extensions>
      </trkpt>
      <trkpt lat="48.8595192320644855499267578125" lon="2.348824851214885711669921875">
        <ele>44.40000152587890625</ele>
        <time>2026-05-22T11:40:06.000Z</time>
        <extensions>
          <ns3:TrackPointExtension>
            <ns3:atemp>34.0</ns3:atemp>
          </ns3:TrackPointExtension>
        </extensions>
      </trkpt>
      <trkpt lat="48.85959274135529994964599609375" lon="2.34886474907398223876953125">
        <ele>44.59999847412109375</ele>
        <time>2026-05-22T11:40:07.000Z</time>
        <extensions>
          <ns3:TrackPointExtension>
            <ns3:atemp>34.0</ns3:atemp>
          </ns3:TrackPointExtension>
        </extensions>
      </trkpt>
      <trkpt lat="48.859661556780338287353515625" lon="2.34890975989401340484619140625">
        <ele>44.59999847412109375</ele>
        <time>2026-05-22T11:40:08.000Z</time>
        <extensions>
          <ns3:TrackPointExtension>
            <ns3:atemp>34.0</ns3:atemp>
          </ns3:TrackPointExtension>
        </extensions>
      </trkpt>
      <trkpt lat="48.859734646975994110107421875" lon="2.34895401634275913238525390625">
        <ele>44.799999237060546875</ele>
        <time>2026-05-22T11:40:09.000Z</time>
        <extensions>
          <ns3:TrackPointExtension>
            <ns3:atemp>34.0</ns3:atemp>
          </ns3:TrackPointExtension>
        </extensions>
      </trkpt>
      <trkpt lat="48.85981268249452114105224609375" lon="2.34899793751537799835205078125">
        <ele>44.799999237060546875</ele>
        <time>2026-05-22T11:40:10.000Z</time>
        <extensions>
          <ns3:TrackPointExtension>
            <ns3:atemp>34.0</ns3:atemp>
          </ns3:TrackPointExtension>
        </extensions>
      </trkpt>
      <trkpt lat="48.85989147238433361053466796875" lon="2.34904068522155284881591796875">
        <ele>44.799999237060546875</ele>
        <time>2026-05-22T11:40:11.000Z</time>
        <extensions>
          <ns3:TrackPointExtension>
            <ns3:atemp>34.0</ns3:atemp>
          </ns3:TrackPointExtension>
        </extensions>
      </trkpt>
      <trkpt lat="48.85997311212122440338134765625" lon="2.3490754701197147369384765625">
        <ele>44.799999237060546875</ele>
        <time>2026-05-22T11:40:12.000Z</time>
        <extensions>
          <ns3:TrackPointExtension>
            <ns3:atemp>34.0</ns3:atemp>
          </ns3:TrackPointExtension>
        </extensions>
      </trkpt>
      <trkpt lat="48.86005156673491001129150390625" lon="2.34911696054041385650634765625">
        <ele>44.799999237060546875</ele>
        <time>2026-05-22T11:40:13.000Z</time>
        <extensions>
          <ns3:TrackPointExtension>
            <ns3:atemp>34.0</ns3:atemp>
          </ns3:TrackPointExtension>
        </extensions>
      </trkpt>
      <trkpt lat="48.86013437993824481964111328125" lon="2.3491577804088592529296875">
        <ele>44.799999237060546875</ele>
        <time>2026-05-22T11:40:14.000Z</time>
        <extensions>
          <ns3:TrackPointExtension>
            <ns3:atemp>34.0</ns3:atemp>
          </ns3:TrackPointExtension>
        </extensions>
      </trkpt>
      <trkpt lat="48.86021702550351619720458984375" lon="2.34919977374374866485595703125">
        <ele>45</ele>
        <time>2026-05-22T11:40:15.000Z</time>
        <extensions>
          <ns3:TrackPointExtension>
            <ns3:atemp>33.0</ns3:atemp>
          </ns3:TrackPointExtension>
        </extensions>
      </trkpt>
      <trkpt lat="48.86029883287847042083740234375" lon="2.3492400906980037689208984375">
        <ele>45</ele>
        <time>2026-05-22T11:40:16.000Z</time>
        <extensions>
          <ns3:TrackPointExtension>
            <ns3:atemp>33.0</ns3:atemp>
          </ns3:TrackPointExtension>
        </extensions>
      </trkpt>
      <trkpt lat="48.8603865914046764373779296875" lon="2.3492784798145294189453125">
        <ele>45</ele>
        <time>2026-05-22T11:40:17.000Z</time>
        <extensions>
          <ns3:TrackPointExtension>
            <ns3:atemp>33.0</ns3:atemp>
          </ns3:TrackPointExtension>
        </extensions>
      </trkpt>
      <trkpt lat="48.86046647094190120697021484375" lon="2.34931997023522853851318359375">
        <ele>45</ele>
        <time>2026-05-22T11:40:18.000Z</time>
        <extensions>
          <ns3:TrackPointExtension>
            <ns3:atemp>33.0</ns3:atemp>
          </ns3:TrackPointExtension>
        </extensions>
      </trkpt>
      <trkpt lat="48.86054190807044506072998046875" lon="2.34936037100851535797119140625">
        <ele>45.200000762939453125</ele>
        <time>2026-05-22T11:40:19.000Z</time>
        <extensions>
          <ns3:TrackPointExtension>
            <ns3:atemp>33.0</ns3:atemp>
          </ns3:TrackPointExtension>
        </extensions>
      </trkpt>
      <trkpt lat="48.860615752637386322021484375" lon="2.3494033701717853546142578125">
        <ele>45.200000762939453125</ele>
        <time>2026-05-22T11:40:20.000Z</time>
        <extensions>
          <ns3:TrackPointExtension>
            <ns3:atemp>33.0</ns3:atemp>
          </ns3:TrackPointExtension>
        </extensions>
      </trkpt>
      <trkpt lat="48.86068942956626415252685546875" lon="2.34944787807762622833251953125">
        <ele>45.200000762939453125</ele>
        <time>2026-05-22T11:40:21.000Z</time>
        <extensions>
          <ns3:TrackPointExtension>
            <ns3:atemp>33.0</ns3:atemp>
          </ns3:TrackPointExtension>
        </extensions>
      </trkpt>
      <trkpt lat="48.86075765825808048248291015625" lon="2.34949548728764057159423828125">
        <ele>45.200000762939453125</ele>
        <time>2026-05-22T11:40:22.000Z</time>
        <extensions>
          <ns3:TrackPointExtension>
            <ns3:atemp>33.0</ns3:atemp>
          </ns3:TrackPointExtension>
        </extensions>
      </trkpt>
      <trkpt lat="48.86082865297794342041015625" lon="2.3495415039360523223876953125">
        <ele>45.200000762939453125</ele>
        <time>2026-05-22T11:40:23.000Z</time>
        <extensions>
          <ns3:TrackPointExtension>
            <ns3:atemp>33.0</ns3:atemp>
          </ns3:TrackPointExtension>
        </extensions>
      </trkpt>
      <trkpt lat="48.86090165935456752777099609375" lon="2.34958685003221035003662109375">
        <ele>45</ele>
        <time>2026-05-22T11:40:24.000Z</time>
        <extensions>
          <ns3:TrackPointExtension>
            <ns3:atemp>33.0</ns3:atemp>
          </ns3:TrackPointExtension>
        </extensions>
      </trkpt>
      <trkpt lat="48.8609783537685871124267578125" lon="2.34962440095841884613037109375">
        <ele>45</ele>
        <time>2026-05-22T11:40:25.000Z</time>
        <extensions>
          <ns3:TrackPointExtension>
            <ns3:atemp>33.0</ns3:atemp>
          </ns3:TrackPointExtension>
        </extensions>
      </trkpt>
      <trkpt lat="48.8610564731061458587646484375" lon="2.34966061078011989593505859375">
        <ele>44.799999237060546875</ele>
        <time>2026-05-22T11:40:26.000Z</time>
        <extensions>
          <ns3:TrackPointExtension>
            <ns3:atemp>33.0</ns3:atemp>
          </ns3:TrackPointExtension>
        </extensions>
      </trkpt>
      <trkpt lat="48.8611298985779285430908203125" lon="2.34969950281083583831787109375">
        <ele>44.799999237060546875</ele>
        <time>2026-05-22T11:40:27.000Z</time>
        <extensions>
          <ns3:TrackPointExtension>
            <ns3:atemp>33.0</ns3:atemp>
          </ns3:TrackPointExtension>
        </extensions>
      </trkpt>
      <trkpt lat="48.8612029887735843658447265625" lon="2.3497383110225200653076171875">
        <ele>44.59999847412109375</ele>
        <time>2026-05-22T11:40:28.000Z</time>
        <extensions>
          <ns3:TrackPointExtension>
            <ns3:atemp>33.0</ns3:atemp>
          </ns3:TrackPointExtension>
        </extensions>
      </trkpt>
      <trkpt lat="48.86127716861665248870849609375" lon="2.34977695159614086151123046875">
        <ele>44.59999847412109375</ele>
        <time>2026-05-22T11:40:29.000Z</time>
        <extensions>
          <ns3:TrackPointExtension>
            <ns3:atemp>33.0</ns3:atemp>
          </ns3:TrackPointExtension>
        </extensions>
      </trkpt>
      <trkpt lat="48.86135009117424488067626953125" lon="2.34981584362685680389404296875">
        <ele>44.59999847412109375</ele>
        <time>2026-05-22T11:40:30.000Z</time>
        <extensions>
          <ns3:TrackPointExtension>
            <ns3:atemp>33.0</ns3:atemp>
          </ns3:TrackPointExtension>
        </extensions>
      </trkpt>
      <trkpt lat="48.86142217554152011871337890625" lon="2.349854819476604461669921875">
        <ele>44.40000152587890625</ele>
        <time>2026-05-22T11:40:31.000Z</time>
        <extensions>
          <ns3:TrackPointExtension>
            <ns3:atemp>33.0</ns3:atemp>
          </ns3:TrackPointExtension>
        </extensions>
      </trkpt>
      <trkpt lat="48.86149509809911251068115234375" lon="2.34989899210631847381591796875">
        <ele>44.40000152587890625</ele>
        <time>2026-05-22T11:40:32.000Z</time>
        <extensions>
          <ns3:TrackPointExtension>
            <ns3:atemp>33.0</ns3:atemp>
          </ns3:TrackPointExtension>
        </extensions>
      </trkpt>
      <trkpt lat="48.8615669310092926025390625" lon="2.34993989579379558563232421875">
        <ele>44.200000762939453125</ele>
        <time>2026-05-22T11:40:33.000Z</time>
        <extensions>
          <ns3:TrackPointExtension>
            <ns3:atemp>33.0</ns3:atemp>
          </ns3:TrackPointExtension>
        </extensions>
      </trkpt>
      <trkpt lat="48.86164027266204357147216796875" lon="2.34998147003352642059326171875">
        <ele>44.200000762939453125</ele>
        <time>2026-05-22T11:40:34.000Z</time>
        <extensions>
          <ns3:TrackPointExtension>
            <ns3:atemp>33.0</ns3:atemp>
          </ns3:TrackPointExtension>
        </extensions>
      </trkpt>
      <trkpt lat="48.861720822751522064208984375" lon="2.35002706758677959442138671875">
        <ele>44.200000762939453125</ele>
        <time>2026-05-22T11:40:35.000Z</time>
        <extensions>
          <ns3:TrackPointExtension>
            <ns3:atemp>33.0</ns3:atemp>
          </ns3:TrackPointExtension>
        </extensions>
      </trkpt>
      <trkpt lat="48.86179651133716106414794921875" lon="2.35006998293101787567138671875">
        <ele>44.40000152587890625</ele>
        <time>2026-05-22T11:40:36.000Z</time>
        <extensions>
          <ns3:TrackPointExtension>
            <ns3:atemp>33.0</ns3:atemp>
          </ns3:TrackPointExtension>
        </extensions>
      </trkpt>
      <trkpt lat="48.8618708588182926177978515625" lon="2.35011138953268527984619140625">
        <ele>44.40000152587890625</ele>
        <time>2026-05-22T11:40:37.000Z</time>
        <extensions>
          <ns3:TrackPointExtension>
            <ns3:atemp>33.0</ns3:atemp>
          </ns3:TrackPointExtension>
        </extensions>
      </trkpt>
      <trkpt lat="48.86194847524166107177734375" lon="2.3501528799533843994140625">
        <ele>44.40000152587890625</ele>
        <time>2026-05-22T11:40:38.000Z</time>
        <extensions>
          <ns3:TrackPointExtension>
            <ns3:atemp>33.0</ns3:atemp>
          </ns3:TrackPointExtension>
        </extensions>
      </trkpt>
      <trkpt lat="48.862016536295413970947265625" lon="2.35019839368760585784912109375">
        <ele>44.200000762939453125</ele>
        <time>2026-05-22T11:40:39.000Z</time>
        <extensions>
          <ns3:TrackPointExtension>
            <ns3:atemp>33.0</ns3:atemp>
          </ns3:TrackPointExtension>
        </extensions>
      </trkpt>
      <trkpt lat="48.8620834238827228546142578125" lon="2.35024684108793735504150390625">
        <ele>44.200000762939453125</ele>
        <time>2026-05-22T11:40:40.000Z</time>
        <extensions>
          <ns3:TrackPointExtension>
            <ns3:atemp>33.0</ns3:atemp>
          </ns3:TrackPointExtension>
        </extensions>
      </trkpt>
      <trkpt lat="48.86214838363230228424072265625" lon="2.3502925224602222442626953125">
        <ele>44.200000762939453125</ele>
        <time>2026-05-22T11:40:41.000Z</time>
        <extensions>
          <ns3:TrackPointExtension>
            <ns3:atemp>33.0</ns3:atemp>
          </ns3:TrackPointExtension>
        </extensions>
      </trkpt>
      <trkpt lat="48.8622182048857212066650390625" lon="2.35033133067190647125244140625">
        <ele>44</ele>
        <time>2026-05-22T11:40:42.000Z</time>
        <extensions>
          <ns3:TrackPointExtension>
            <ns3:atemp>33.0</ns3:atemp>
          </ns3:TrackPointExtension>
        </extensions>
      </trkpt>
      <trkpt lat="48.86228777468204498291015625" lon="2.35037223435938358306884765625">
        <ele>44</ele>
        <time>2026-05-22T11:40:43.000Z</time>
        <extensions>
          <ns3:TrackPointExtension>
            <ns3:atemp>33.0</ns3:atemp>
          </ns3:TrackPointExtension>
        </extensions>
      </trkpt>
      <trkpt lat="48.8623603619635105133056640625" lon="2.35040928237140178680419921875">
        <ele>44</ele>
        <time>2026-05-22T11:40:44.000Z</time>
        <extensions>
          <ns3:TrackPointExtension>
            <ns3:atemp>33.0</ns3:atemp>
          </ns3:TrackPointExtension>
        </extensions>
      </trkpt>
      <trkpt lat="48.86242817156016826629638671875" lon="2.3504464142024517059326171875">
        <ele>44</ele>
        <time>2026-05-22T11:40:45.000Z</time>
        <extensions>
          <ns3:TrackPointExtension>
            <ns3:atemp>33.0</ns3:atemp>
          </ns3:TrackPointExtension>
        </extensions>
      </trkpt>
      <trkpt lat="48.86250092647969722747802734375" lon="2.3504826240241527557373046875">
        <ele>44</ele>
        <time>2026-05-22T11:40:46.000Z</time>
        <extensions>
          <ns3:TrackPointExtension>
            <ns3:atemp>33.0</ns3:atemp>
          </ns3:TrackPointExtension>
        </extensions>
      </trkpt>
      <trkpt lat="48.86256714351475238800048828125" lon="2.3505285568535327911376953125">
        <ele>43.799999237060546875</ele>
        <time>2026-05-22T11:40:47.000Z</time>
        <extensions>
          <ns3:TrackPointExtension>
            <ns3:atemp>33.0</ns3:atemp>
          </ns3:TrackPointExtension>
        </extensions>
      </trkpt>
      <trkpt lat="48.862638138234615325927734375" lon="2.35056501813232898712158203125">
        <ele>43.799999237060546875</ele>
        <time>2026-05-22T11:40:48.000Z</time>
        <extensions>
          <ns3:TrackPointExtension>
            <ns3:atemp>33.0</ns3:atemp>
          </ns3:TrackPointExtension>
        </extensions>
      </trkpt>
      <trkpt lat="48.862705864012241363525390625" lon="2.3505979590117931365966796875">
        <ele>43.799999237060546875</ele>
        <time>2026-05-22T11:40:49.000Z</time>
        <extensions>
          <ns3:TrackPointExtension>
            <ns3:atemp>33.0</ns3:atemp>
          </ns3:TrackPointExtension>
        </extensions>
      </trkpt>
      <trkpt lat="48.8627754338085651397705078125" lon="2.35061715357005596160888671875">
        <ele>43.799999237060546875</ele>
        <time>2026-05-22T11:40:50.000Z</time>
        <extensions>
          <ns3:TrackPointExtension>
            <ns3:atemp>33.0</ns3:atemp>
          </ns3:TrackPointExtension>
        </extensions>
      </trkpt>
      <trkpt lat="48.86284726671874523162841796875" lon="2.35063056461513042449951171875">
        <ele>43.59999847412109375</ele>
        <time>2026-05-22T11:40:51.000Z</time>
        <extensions>
          <ns3:TrackPointExtension>
            <ns3:atemp>33.0</ns3:atemp>
          </ns3:TrackPointExtension>
        </extensions>
      </trkpt>
      <trkpt lat="48.86290468275547027587890625" lon="2.35063425265252590179443359375">
        <ele>43.59999847412109375</ele>
        <time>2026-05-22T11:40:52.000Z</time>
        <extensions>
          <ns3:TrackPointExtension>
            <ns3:atemp>33.0</ns3:atemp>
          </ns3:TrackPointExtension>
        </extensions>
      </trkpt>
      <trkpt lat="48.86294164694845676422119140625" lon="2.3506445623934268951416015625">
        <ele>43.40000152587890625</ele>
        <time>2026-05-22T11:40:53.000Z</time>
        <extensions>
          <ns3:TrackPointExtension>
            <ns3:atemp>33.0</ns3:atemp>
          </ns3:TrackPointExtension>
        </extensions>
      </trkpt>
      <trkpt lat="48.86298087425529956817626953125" lon="2.35065537504851818084716796875">
        <ele>43.200000762939453125</ele>
        <time>2026-05-22T11:40:54.000Z</time>
        <extensions>
          <ns3:TrackPointExtension>
            <ns3:atemp>33.0</ns3:atemp>
          </ns3:TrackPointExtension>
        </extensions>
      </trkpt>
      <trkpt lat="48.8630007393658161163330078125" lon="2.3506606556475162506103515625">
        <ele>43.200000762939453125</ele>
        <time>2026-05-22T11:40:55.000Z</time>
        <extensions>
          <ns3:TrackPointExtension>
            <ns3:atemp>33.0</ns3:atemp>
          </ns3:TrackPointExtension>
        </extensions>
      </trkpt>
      <trkpt lat="48.8630205206573009490966796875" lon="2.35068253241479396820068359375">
        <ele>43</ele>
        <time>2026-05-22T11:40:56.000Z</time>
        <extensions>
          <ns3:TrackPointExtension>
            <ns3:atemp>33.0</ns3:atemp>
          </ns3:TrackPointExtension>
        </extensions>
      </trkpt>
      <trkpt lat="48.86304155923426151275634765625" lon="2.3507112823426723480224609375">
        <ele>43</ele>
        <time>2026-05-22T11:40:57.000Z</time>
        <extensions>
          <ns3:TrackPointExtension>
            <ns3:atemp>33.0</ns3:atemp>
          </ns3:TrackPointExtension>
        </extensions>
      </trkpt>
      <trkpt lat="48.863070309162139892578125" lon="2.3507280461490154266357421875">
        <ele>43</ele>
        <time>2026-05-22T11:40:58.000Z</time>
        <extensions>
          <ns3:TrackPointExtension>
            <ns3:atemp>33.0</ns3:atemp>
          </ns3:TrackPointExtension>
        </extensions>
      </trkpt>
      <trkpt lat="48.8631029985845088958740234375" lon="2.35074673779308795928955078125">
        <ele>43</ele>
        <time>2026-05-22T11:40:59.000Z</time>
        <extensions>
          <ns3:TrackPointExtension>
            <ns3:atemp>33.0</ns3:atemp>
          </ns3:TrackPointExtension>
        </extensions>
      </trkpt>
      <trkpt lat="48.8631479255855083465576171875" lon="2.35077691264450550079345703125">
        <ele>43</ele>
        <time>2026-05-22T11:41:00.000Z</time>
        <extensions>
          <ns3:TrackPointExtension>
            <ns3:atemp>33.0</ns3:atemp>
          </ns3:TrackPointExtension>
        </extensions>
      </trkpt>
      <trkpt lat="48.863189332187175750732421875" lon="2.35081010498106479644775390625">
        <ele>43</ele>
        <time>2026-05-22T11:41:01.000Z</time>
        <extensions>
          <ns3:TrackPointExtension>
            <ns3:atemp>33.0</ns3:atemp>
          </ns3:TrackPointExtension>
        </extensions>
      </trkpt>
      <trkpt lat="48.8632290624082088470458984375" lon="2.35083977691829204559326171875">
        <ele>43</ele>
        <time>2026-05-22T11:41:02.000Z</time>
        <extensions>
          <ns3:TrackPointExtension>
            <ns3:atemp>33.0</ns3:atemp>
          </ns3:TrackPointExtension>
        </extensions>
      </trkpt>
      <trkpt lat="48.8632679544389247894287109375" lon="2.35086458735167980194091796875">
        <ele>43</ele>
        <time>2026-05-22T11:41:03.000Z</time>
        <extensions>
          <ns3:TrackPointExtension>
            <ns3:atemp>33.0</ns3:atemp>
          </ns3:TrackPointExtension>
        </extensions>
      </trkpt>
      <trkpt lat="48.86331883259117603302001953125" lon="2.35090414993464946746826171875">
        <ele>43</ele>
        <time>2026-05-22T11:41:04.000Z</time>
        <extensions>
          <ns3:TrackPointExtension>
            <ns3:atemp>33.0</ns3:atemp>
          </ns3:TrackPointExtension>
        </extensions>
      </trkpt>
      <trkpt lat="48.8633708842098712921142578125" lon="2.350916303694248199462890625">
        <ele>43.200000762939453125</ele>
        <time>2026-05-22T11:41:05.000Z</time>
        <extensions>
          <ns3:TrackPointExtension>
            <ns3:atemp>33.0</ns3:atemp>
          </ns3:TrackPointExtension>
        </extensions>
      </trkpt>
      <trkpt lat="48.8634251989424228668212890625" lon="2.35086676664650440216064453125">
        <ele>43.200000762939453125</ele>
        <time>2026-05-22T11:41:06.000Z</time>
        <extensions>
          <ns3:TrackPointExtension>
            <ns3:atemp>33.0</ns3:atemp>
          </ns3:TrackPointExtension>
        </extensions>
      </trkpt>
      <trkpt lat="48.86345797218382358551025390625" lon="2.3507867194712162017822265625">
        <ele>43.200000762939453125</ele>
        <time>2026-05-22T11:41:07.000Z</time>
        <extensions>
          <ns3:TrackPointExtension>
            <ns3:atemp>33.0</ns3:atemp>
          </ns3:TrackPointExtension>
        </extensions>
      </trkpt>
      <trkpt lat="48.86347590945661067962646484375" lon="2.3506955243647098541259765625">
        <ele>43.200000762939453125</ele>
        <time>2026-05-22T11:41:08.000Z</time>
        <extensions>
          <ns3:TrackPointExtension>
            <ns3:atemp>33.0</ns3:atemp>
          </ns3:TrackPointExtension>
        </extensions>
      </trkpt>
      <trkpt lat="48.86349921114742755889892578125" lon="2.3506115376949310302734375">
        <ele>43</ele>
        <time>2026-05-22T11:41:09.000Z</time>
        <extensions>
          <ns3:TrackPointExtension>
            <ns3:atemp>33.0</ns3:atemp>
          </ns3:TrackPointExtension>
        </extensions>
      </trkpt>
      <trkpt lat="48.86351681314408779144287109375" lon="2.35051824711263179779052734375">
        <ele>42.799999237060546875</ele>
        <time>2026-05-22T11:41:10.000Z</time>
        <extensions>
          <ns3:TrackPointExtension>
            <ns3:atemp>33.0</ns3:atemp>
          </ns3:TrackPointExtension>
        </extensions>
      </trkpt>
      <trkpt lat="48.86353558860719203948974609375" lon="2.35042738728225231170654296875">
        <ele>42.799999237060546875</ele>
        <time>2026-05-22T11:41:11.000Z</time>
        <extensions>
          <ns3:TrackPointExtension>
            <ns3:atemp>33.0</ns3:atemp>
          </ns3:TrackPointExtension>
        </extensions>
      </trkpt>
      <trkpt lat="48.86355578899383544921875" lon="2.3503299057483673095703125">
        <ele>42.59999847412109375</ele>
        <time>2026-05-22T11:41:12.000Z</time>
        <extensions>
          <ns3:TrackPointExtension>
            <ns3:atemp>33.0</ns3:atemp>
          </ns3:TrackPointExtension>
        </extensions>
      </trkpt>
      <trkpt lat="48.8635678589344024658203125" lon="2.35023535788059234619140625">
        <ele>42.40000152587890625</ele>
        <time>2026-05-22T11:41:13.000Z</time>
        <extensions>
          <ns3:TrackPointExtension>
            <ns3:atemp>33.0</ns3:atemp>
          </ns3:TrackPointExtension>
        </extensions>
      </trkpt>
      <trkpt lat="48.86357883922755718231201171875" lon="2.35016671009361743927001953125">
        <ele>42.200000762939453125</ele>
        <time>2026-05-22T11:41:14.000Z</time>
        <extensions>
          <ns3:TrackPointExtension>
            <ns3:atemp>33.0</ns3:atemp>
          </ns3:TrackPointExtension>
        </extensions>
      </trkpt>
      <trkpt lat="48.86358856223523616790771484375" lon="2.35010921023786067962646484375">
        <ele>42.200000762939453125</ele>
        <time>2026-05-22T11:41:15.000Z</time>
        <extensions>
          <ns3:TrackPointExtension>
            <ns3:atemp>33.0</ns3:atemp>
          </ns3:TrackPointExtension>
        </extensions>
      </trkpt>
      <trkpt lat="48.86359962634742259979248046875" lon="2.3500853218138217926025390625">
        <ele>42</ele>
        <time>2026-05-22T11:41:16.000Z</time>
        <extensions>
          <ns3:TrackPointExtension>
            <ns3:atemp>33.0</ns3:atemp>
          </ns3:TrackPointExtension>
        </extensions>
      </trkpt>
      <trkpt lat="48.86360649950802326202392578125" lon="2.3500745929777622222900390625">
        <ele>41.799999237060546875</ele>
        <time>2026-05-22T11:41:17.000Z</time>
        <extensions>
          <ns3:TrackPointExtension>
            <ns3:atemp>33.0</ns3:atemp>
          </ns3:TrackPointExtension>
        </extensions>
      </trkpt>
      <trkpt lat="48.86360683478415012359619140625" lon="2.35007040202617645263671875">
        <ele>41.799999237060546875</ele>
        <time>2026-05-22T11:41:18.000Z</time>
        <extensions>
          <ns3:TrackPointExtension>
            <ns3:atemp>33.0</ns3:atemp>
          </ns3:TrackPointExtension>
        </extensions>
      </trkpt>
      <trkpt lat="48.86360649950802326202392578125" lon="2.35006562434136867523193359375">
        <ele>41.59999847412109375</ele>
        <time>2026-05-22T11:41:19.000Z</time>
        <extensions>
          <ns3:TrackPointExtension>
            <ns3:atemp>33.0</ns3:atemp>
          </ns3:TrackPointExtension>
        </extensions>
      </trkpt>
      <trkpt lat="48.8636107742786407470703125" lon="2.35004919581115245819091796875">
        <ele>41.40000152587890625</ele>
        <time>2026-05-22T11:41:20.000Z</time>
        <extensions>
          <ns3:TrackPointExtension>
            <ns3:atemp>33.0</ns3:atemp>
          </ns3:TrackPointExtension>
        </extensions>
      </trkpt>
      <trkpt lat="48.86361949145793914794921875" lon="2.350037880241870880126953125">
        <ele>41.40000152587890625</ele>
        <time>2026-05-22T11:41:21.000Z</time>
        <extensions>
          <ns3:TrackPointExtension>
            <ns3:atemp>33.0</ns3:atemp>
          </ns3:TrackPointExtension>
        </extensions>
      </trkpt>
      <trkpt lat="48.8636297173798084259033203125" lon="2.35001005232334136962890625">
        <ele>41.59999847412109375</ele>
        <time>2026-05-22T11:41:22.000Z</time>
        <extensions>
          <ns3:TrackPointExtension>
            <ns3:atemp>33.0</ns3:atemp>
          </ns3:TrackPointExtension>
        </extensions>
      </trkpt>
      <trkpt lat="48.86363868601620197296142578125" lon="2.3499776981770992279052734375">
        <ele>41.59999847412109375</ele>
        <time>2026-05-22T11:41:23.000Z</time>
        <extensions>
          <ns3:TrackPointExtension>
            <ns3:atemp>33.0</ns3:atemp>
          </ns3:TrackPointExtension>
        </extensions>
      </trkpt>
      <trkpt lat="48.86365209706127643585205078125" lon="2.3499243892729282379150390625">
        <ele>41.59999847412109375</ele>
        <time>2026-05-22T11:41:24.000Z</time>
        <extensions>
          <ns3:TrackPointExtension>
            <ns3:atemp>33.0</ns3:atemp>
          </ns3:TrackPointExtension>
        </extensions>
      </trkpt>
      <trkpt lat="48.8636655919253826141357421875" lon="2.34986932016909122467041015625">
        <ele>41.59999847412109375</ele>
        <time>2026-05-22T11:41:25.000Z</time>
        <extensions>
          <ns3:TrackPointExtension>
            <ns3:atemp>33.0</ns3:atemp>
          </ns3:TrackPointExtension>
        </extensions>
      </trkpt>
      <trkpt lat="48.86368243955075740814208984375" lon="2.34981148503720760345458984375">
        <ele>41.59999847412109375</ele>
        <time>2026-05-22T11:41:26.000Z</time>
        <extensions>
          <ns3:TrackPointExtension>
            <ns3:atemp>33.0</ns3:atemp>
          </ns3:TrackPointExtension>
        </extensions>
      </trkpt>
      <trkpt lat="48.86370037682354450225830078125" lon="2.34974610619246959686279296875">
        <ele>41.40000152587890625</ele>
        <time>2026-05-22T11:41:27.000Z</time>
        <extensions>
          <ns3:TrackPointExtension>
            <ns3:atemp>33.0</ns3:atemp>
          </ns3:TrackPointExtension>
        </extensions>
      </trkpt>
      <trkpt lat="48.8637195713818073272705078125" lon="2.34966698102653026580810546875">
        <ele>41.40000152587890625</ele>
        <time>2026-05-22T11:41:28.000Z</time>
        <extensions>
          <ns3:TrackPointExtension>
            <ns3:atemp>33.0</ns3:atemp>
          </ns3:TrackPointExtension>
        </extensions>
      </trkpt>
      <trkpt lat="48.86373750865459442138671875" lon="2.3495797254145145416259765625">
        <ele>41.59999847412109375</ele>
        <time>2026-05-22T11:41:29.000Z</time>
        <extensions>
          <ns3:TrackPointExtension>
            <ns3:atemp>33.0</ns3:atemp>
          </ns3:TrackPointExtension>
        </extensions>
      </trkpt>
      <trkpt lat="48.8637577928602695465087890625" lon="2.34949079342186450958251953125">
        <ele>41.59999847412109375</ele>
        <time>2026-05-22T11:41:30.000Z</time>
        <extensions>
          <ns3:TrackPointExtension>
            <ns3:atemp>33.0</ns3:atemp>
          </ns3:TrackPointExtension>
        </extensions>
      </trkpt>
      <trkpt lat="48.86378251947462558746337890625" lon="2.3493973352015018463134765625">
        <ele>41.799999237060546875</ele>
        <time>2026-05-22T11:41:31.000Z</time>
        <extensions>
          <ns3:TrackPointExtension>
            <ns3:atemp>33.0</ns3:atemp>
          </ns3:TrackPointExtension>
        </extensions>
      </trkpt>
      <trkpt lat="48.8638060726225376129150390625" lon="2.3493118397891521453857421875">
        <ele>41.799999237060546875</ele>
        <time>2026-05-22T11:41:32.000Z</time>
        <extensions>
          <ns3:TrackPointExtension>
            <ns3:atemp>33.0</ns3:atemp>
          </ns3:TrackPointExtension>
        </extensions>
      </trkpt>
      <trkpt lat="48.8638372533023357391357421875" lon="2.34922559000551700592041015625">
        <ele>42</ele>
        <time>2026-05-22T11:41:33.000Z</time>
        <extensions>
          <ns3:TrackPointExtension>
            <ns3:atemp>33.0</ns3:atemp>
          </ns3:TrackPointExtension>
        </extensions>
      </trkpt>
      <trkpt lat="48.86386181227862834930419921875" lon="2.3491271026432514190673828125">
        <ele>42.200000762939453125</ele>
        <time>2026-05-22T11:41:34.000Z</time>
        <extensions>
          <ns3:TrackPointExtension>
            <ns3:atemp>33.0</ns3:atemp>
          </ns3:TrackPointExtension>
        </extensions>
      </trkpt>
      <trkpt lat="48.86388729326426982879638671875" lon="2.3490255139768123626708984375">
        <ele>42.40000152587890625</ele>
        <time>2026-05-22T11:41:35.000Z</time>
        <extensions>
          <ns3:TrackPointExtension>
            <ns3:atemp>33.0</ns3:atemp>
          </ns3:TrackPointExtension>
        </extensions>
      </trkpt>
      <trkpt lat="48.8639120198786258697509765625" lon="2.34892149455845355987548828125">
        <ele>42.59999847412109375</ele>
        <time>2026-05-22T11:41:36.000Z</time>
        <extensions>
          <ns3:TrackPointExtension>
            <ns3:atemp>33.0</ns3:atemp>
          </ns3:TrackPointExtension>
        </extensions>
      </trkpt>
      <trkpt lat="48.86394261382520198822021484375" lon="2.34881487675011157989501953125">
        <ele>42.59999847412109375</ele>
        <time>2026-05-22T11:41:37.000Z</time>
        <extensions>
          <ns3:TrackPointExtension>
            <ns3:atemp>33.0</ns3:atemp>
          </ns3:TrackPointExtension>
        </extensions>
      </trkpt>
      <trkpt lat="48.86396859772503376007080078125" lon="2.34870540909469127655029296875">
        <ele>42.59999847412109375</ele>
        <time>2026-05-22T11:41:38.000Z</time>
        <extensions>
          <ns3:TrackPointExtension>
            <ns3:atemp>33.0</ns3:atemp>
          </ns3:TrackPointExtension>
        </extensions>
      </trkpt>
      <trkpt lat="48.86399458162486553192138671875" lon="2.34859711490571498870849609375">
        <ele>42.59999847412109375</ele>
        <time>2026-05-22T11:41:39.000Z</time>
        <extensions>
          <ns3:TrackPointExtension>
            <ns3:atemp>33.0</ns3:atemp>
          </ns3:TrackPointExtension>
        </extensions>
      </trkpt>
      <trkpt lat="48.8640219904482364654541015625" lon="2.34848781488835811614990234375">
        <ele>42.40000152587890625</ele>
        <time>2026-05-22T11:41:40.000Z</time>
        <extensions>
          <ns3:TrackPointExtension>
            <ns3:atemp>33.0</ns3:atemp>
          </ns3:TrackPointExtension>
        </extensions>
      </trkpt>
      <trkpt lat="48.8640531711280345916748046875" lon="2.3483826220035552978515625">
        <ele>42.40000152587890625</ele>
        <time>2026-05-22T11:41:41.000Z</time>
        <extensions>
          <ns3:TrackPointExtension>
            <ns3:atemp>33.0</ns3:atemp>
          </ns3:TrackPointExtension>
        </extensions>
      </trkpt>
      <trkpt lat="48.86408108286559581756591796875" lon="2.3482721485197544097900390625">
        <ele>42.40000152587890625</ele>
        <time>2026-05-22T11:41:42.000Z</time>
        <extensions>
          <ns3:TrackPointExtension>
            <ns3:atemp>33.0</ns3:atemp>
          </ns3:TrackPointExtension>
        </extensions>
      </trkpt>
      <trkpt lat="48.86411176063120365142822265625" lon="2.3481678776443004608154296875">
        <ele>42.40000152587890625</ele>
        <time>2026-05-22T11:41:43.000Z</time>
        <extensions>
          <ns3:TrackPointExtension>
            <ns3:atemp>33.0</ns3:atemp>
          </ns3:TrackPointExtension>
        </extensions>
      </trkpt>
      <trkpt lat="48.86413975618779659271240234375" lon="2.34805782325565814971923828125">
        <ele>42.40000152587890625</ele>
        <time>2026-05-22T11:41:44.000Z</time>
        <extensions>
          <ns3:TrackPointExtension>
            <ns3:atemp>33.0</ns3:atemp>
          </ns3:TrackPointExtension>
        </extensions>
      </trkpt>
      <trkpt lat="48.8641671650111675262451171875" lon="2.3479579947888851165771484375">
        <ele>42.200000762939453125</ele>
        <time>2026-05-22T11:41:45.000Z</time>
        <extensions>
          <ns3:TrackPointExtension>
            <ns3:atemp>33.0</ns3:atemp>
          </ns3:TrackPointExtension>
        </extensions>
      </trkpt>
      <trkpt lat="48.8641909696161746978759765625" lon="2.34787425957620143890380859375">
        <ele>42.200000762939453125</ele>
        <time>2026-05-22T11:41:46.000Z</time>
        <extensions>
          <ns3:TrackPointExtension>
            <ns3:atemp>33.0</ns3:atemp>
          </ns3:TrackPointExtension>
        </extensions>
      </trkpt>
      <trkpt lat="48.8642070628702640533447265625" lon="2.347798235714435577392578125">
        <ele>42.200000762939453125</ele>
        <time>2026-05-22T11:41:47.000Z</time>
        <extensions>
          <ns3:TrackPointExtension>
            <ns3:atemp>33.0</ns3:atemp>
          </ns3:TrackPointExtension>
        </extensions>
      </trkpt>
      <trkpt lat="48.86422692798078060150146484375" lon="2.347750626504421234130859375">
        <ele>42</ele>
        <time>2026-05-22T11:41:48.000Z</time>
        <extensions>
          <ns3:TrackPointExtension>
            <ns3:atemp>33.0</ns3:atemp>
          </ns3:TrackPointExtension>
        </extensions>
      </trkpt>
      <trkpt lat="48.86423111893236637115478515625" lon="2.34772539697587490081787109375">
        <ele>42</ele>
        <time>2026-05-22T11:41:49.000Z</time>
        <extensions>
          <ns3:TrackPointExtension>
            <ns3:atemp>33.0</ns3:atemp>
          </ns3:TrackPointExtension>
        </extensions>
      </trkpt>
      <trkpt lat="48.86423237621784210205078125" lon="2.34770544804632663726806640625">
        <ele>41.799999237060546875</ele>
        <time>2026-05-22T11:41:50.000Z</time>
        <extensions>
          <ns3:TrackPointExtension>
            <ns3:atemp>33.0</ns3:atemp>
          </ns3:TrackPointExtension>
        </extensions>
      </trkpt>
      <trkpt lat="48.86422961018979549407958984375" lon="2.3476790450513362884521484375">
        <ele>41.799999237060546875</ele>
        <time>2026-05-22T11:41:51.000Z</time>
        <extensions>
          <ns3:TrackPointExtension>
            <ns3:atemp>33.0</ns3:atemp>
          </ns3:TrackPointExtension>
        </extensions>
      </trkpt>
      <trkpt lat="48.86423246003687381744384765625" lon="2.3476347886025905609130859375">
        <ele>41.59999847412109375</ele>
        <time>2026-05-22T11:41:52.000Z</time>
        <extensions>
          <ns3:TrackPointExtension>
            <ns3:atemp>33.0</ns3:atemp>
          </ns3:TrackPointExtension>
        </extensions>
      </trkpt>
      <trkpt lat="48.864229023456573486328125" lon="2.3475645482540130615234375">
        <ele>41.59999847412109375</ele>
        <time>2026-05-22T11:41:53.000Z</time>
        <extensions>
          <ns3:TrackPointExtension>
            <ns3:atemp>33.0</ns3:atemp>
          </ns3:TrackPointExtension>
        </extensions>
      </trkpt>
      <trkpt lat="48.8642357289791107177734375" lon="2.3475023545324802398681640625">
        <ele>41.59999847412109375</ele>
        <time>2026-05-22T11:41:54.000Z</time>
        <extensions>
          <ns3:TrackPointExtension>
            <ns3:atemp>33.0</ns3:atemp>
          </ns3:TrackPointExtension>
        </extensions>
      </trkpt>
      <trkpt lat="48.86424620635807514190673828125" lon="2.3474336229264736175537109375">
        <ele>41.59999847412109375</ele>
        <time>2026-05-22T11:41:55.000Z</time>
        <extensions>
          <ns3:TrackPointExtension>
            <ns3:atemp>33.0</ns3:atemp>
          </ns3:TrackPointExtension>
        </extensions>
      </trkpt>
      <trkpt lat="48.86426012031733989715576171875" lon="2.34736128710210323333740234375">
        <ele>41.59999847412109375</ele>
        <time>2026-05-22T11:41:56.000Z</time>
        <extensions>
          <ns3:TrackPointExtension>
            <ns3:atemp>33.0</ns3:atemp>
          </ns3:TrackPointExtension>
        </extensions>
      </trkpt>
      <trkpt lat="48.86427705176174640655517578125" lon="2.34728626906871795654296875">
        <ele>41.59999847412109375</ele>
        <time>2026-05-22T11:41:57.000Z</time>
        <extensions>
          <ns3:TrackPointExtension>
            <ns3:atemp>33.0</ns3:atemp>
          </ns3:TrackPointExtension>
        </extensions>
      </trkpt>
      <trkpt lat="48.86428962461650371551513671875" lon="2.3472106643021106719970703125">
        <ele>41.59999847412109375</ele>
        <time>2026-05-22T11:41:58.000Z</time>
        <extensions>
          <ns3:TrackPointExtension>
            <ns3:atemp>33.0</ns3:atemp>
          </ns3:TrackPointExtension>
        </extensions>
      </trkpt>
      <trkpt lat="48.86430404148995876312255859375" lon="2.34714486636221408843994140625">
        <ele>41.59999847412109375</ele>
        <time>2026-05-22T11:41:59.000Z</time>
        <extensions>
          <ns3:TrackPointExtension>
            <ns3:atemp>33.0</ns3:atemp>
          </ns3:TrackPointExtension>
        </extensions>
      </trkpt>
      <trkpt lat="48.86432164348661899566650390625" lon="2.34708250500261783599853515625">
        <ele>41.59999847412109375</ele>
        <time>2026-05-22T11:42:00.000Z</time>
        <extensions>
          <ns3:TrackPointExtension>
            <ns3:atemp>33.0</ns3:atemp>
          </ns3:TrackPointExtension>
        </extensions>
      </trkpt>
      <trkpt lat="48.8643358089029788970947265625" lon="2.3470219038426876068115234375">
        <ele>41.59999847412109375</ele>
        <time>2026-05-22T11:42:01.000Z</time>
        <extensions>
          <ns3:TrackPointExtension>
            <ns3:atemp>33.0</ns3:atemp>
          </ns3:TrackPointExtension>
        </extensions>
      </trkpt>
      <trkpt lat="48.8643475435674190521240234375" lon="2.34696264378726482391357421875">
        <ele>41.59999847412109375</ele>
        <time>2026-05-22T11:42:02.000Z</time>
        <extensions>
          <ns3:TrackPointExtension>
            <ns3:atemp>33.0</ns3:atemp>
          </ns3:TrackPointExtension>
        </extensions>
      </trkpt>
      <trkpt lat="48.86436422355473041534423828125" lon="2.34689810313284397125244140625">
        <ele>41.59999847412109375</ele>
        <time>2026-05-22T11:42:03.000Z</time>
        <extensions>
          <ns3:TrackPointExtension>
            <ns3:atemp>33.0</ns3:atemp>
          </ns3:TrackPointExtension>
        </extensions>
      </trkpt>
      <trkpt lat="48.864380232989788055419921875" lon="2.34683968126773834228515625">
        <ele>41.59999847412109375</ele>
        <time>2026-05-22T11:42:04.000Z</time>
        <extensions>
          <ns3:TrackPointExtension>
            <ns3:atemp>33.0</ns3:atemp>
          </ns3:TrackPointExtension>
        </extensions>
      </trkpt>
      <trkpt lat="48.864395655691623687744140625" lon="2.34678729437291622161865234375">
        <ele>41.40000152587890625</ele>
        <time>2026-05-22T11:42:05.000Z</time>
        <extensions>
          <ns3:TrackPointExtension>
            <ns3:atemp>33.0</ns3:atemp>
          </ns3:TrackPointExtension>
        </extensions>
      </trkpt>
      <trkpt lat="48.8644065521657466888427734375" lon="2.3467439599335193634033203125">
        <ele>41.40000152587890625</ele>
        <time>2026-05-22T11:42:06.000Z</time>
        <extensions>
          <ns3:TrackPointExtension>
            <ns3:atemp>33.0</ns3:atemp>
          </ns3:TrackPointExtension>
        </extensions>
      </trkpt>
      <trkpt lat="48.864423148334026336669921875" lon="2.34668989665806293487548828125">
        <ele>41.40000152587890625</ele>
        <time>2026-05-22T11:42:07.000Z</time>
        <extensions>
          <ns3:TrackPointExtension>
            <ns3:atemp>33.0</ns3:atemp>
          </ns3:TrackPointExtension>
        </extensions>
      </trkpt>
      <trkpt lat="48.86444091796875" lon="2.34662200324237346649169921875">
        <ele>41.40000152587890625</ele>
        <time>2026-05-22T11:42:08.000Z</time>
        <extensions>
          <ns3:TrackPointExtension>
            <ns3:atemp>33.0</ns3:atemp>
          </ns3:TrackPointExtension>
        </extensions>
      </trkpt>
      <trkpt lat="48.86445206589996814727783203125" lon="2.34654128551483154296875">
        <ele>41.59999847412109375</ele>
        <time>2026-05-22T11:42:09.000Z</time>
        <extensions>
          <ns3:TrackPointExtension>
            <ns3:atemp>33.0</ns3:atemp>
          </ns3:TrackPointExtension>
        </extensions>
      </trkpt>
      <trkpt lat="48.86446916498243808746337890625" lon="2.3464606516063213348388671875">
        <ele>41.59999847412109375</ele>
        <time>2026-05-22T11:42:10.000Z</time>
        <extensions>
          <ns3:TrackPointExtension>
            <ns3:atemp>33.0</ns3:atemp>
          </ns3:TrackPointExtension>
        </extensions>
      </trkpt>
      <trkpt lat="48.8644897006452083587646484375" lon="2.3463701270520687103271484375">
        <ele>41.59999847412109375</ele>
        <time>2026-05-22T11:42:11.000Z</time>
        <extensions>
          <ns3:TrackPointExtension>
            <ns3:atemp>33.0</ns3:atemp>
          </ns3:TrackPointExtension>
        </extensions>
      </trkpt>
      <trkpt lat="48.86451073922216892242431640625" lon="2.346280775964260101318359375">
        <ele>41.59999847412109375</ele>
        <time>2026-05-22T11:42:12.000Z</time>
        <extensions>
          <ns3:TrackPointExtension>
            <ns3:atemp>33.0</ns3:atemp>
          </ns3:TrackPointExtension>
        </extensions>
      </trkpt>
      <trkpt lat="48.8645306043326854705810546875" lon="2.3461917601525783538818359375">
        <ele>41.799999237060546875</ele>
        <time>2026-05-22T11:42:13.000Z</time>
        <extensions>
          <ns3:TrackPointExtension>
            <ns3:atemp>33.0</ns3:atemp>
          </ns3:TrackPointExtension>
        </extensions>
      </trkpt>
      <trkpt lat="48.86455331929028034210205078125" lon="2.34610349871218204498291015625">
        <ele>41.799999237060546875</ele>
        <time>2026-05-22T11:42:14.000Z</time>
        <extensions>
          <ns3:TrackPointExtension>
            <ns3:atemp>33.0</ns3:atemp>
          </ns3:TrackPointExtension>
        </extensions>
      </trkpt>
      <trkpt lat="48.86457762680947780609130859375" lon="2.346017248928546905517578125">
        <ele>41.799999237060546875</ele>
        <time>2026-05-22T11:42:15.000Z</time>
        <extensions>
          <ns3:TrackPointExtension>
            <ns3:atemp>33.0</ns3:atemp>
          </ns3:TrackPointExtension>
        </extensions>
      </trkpt>
      <trkpt lat="48.86460009030997753143310546875" lon="2.3459322564303874969482421875">
        <ele>41.59999847412109375</ele>
        <time>2026-05-22T11:42:16.000Z</time>
        <extensions>
          <ns3:TrackPointExtension>
            <ns3:atemp>33.0</ns3:atemp>
          </ns3:TrackPointExtension>
        </extensions>
      </trkpt>
      <trkpt lat="48.86462138034403324127197265625" lon="2.34584902413189411163330078125">
        <ele>41.59999847412109375</ele>
        <time>2026-05-22T11:42:17.000Z</time>
        <extensions>
          <ns3:TrackPointExtension>
            <ns3:atemp>33.0</ns3:atemp>
          </ns3:TrackPointExtension>
        </extensions>
      </trkpt>
      <trkpt lat="48.86464007198810577392578125" lon="2.3457642830908298492431640625">
        <ele>41.59999847412109375</ele>
        <time>2026-05-22T11:42:18.000Z</time>
        <extensions>
          <ns3:TrackPointExtension>
            <ns3:atemp>33.0</ns3:atemp>
          </ns3:TrackPointExtension>
        </extensions>
      </trkpt>
      <trkpt lat="48.86465809307992458343505859375" lon="2.345680296421051025390625">
        <ele>41.799999237060546875</ele>
        <time>2026-05-22T11:42:19.000Z</time>
        <extensions>
          <ns3:TrackPointExtension>
            <ns3:atemp>33.0</ns3:atemp>
          </ns3:TrackPointExtension>
        </extensions>
      </trkpt>
      <trkpt lat="48.86467351578176021575927734375" lon="2.34559723176062107086181640625">
        <ele>41.799999237060546875</ele>
        <time>2026-05-22T11:42:20.000Z</time>
        <extensions>
          <ns3:TrackPointExtension>
            <ns3:atemp>33.0</ns3:atemp>
          </ns3:TrackPointExtension>
        </extensions>
      </trkpt>
      <trkpt lat="48.86469245888292789459228515625" lon="2.3455118201673030853271484375">
        <ele>42</ele>
        <time>2026-05-22T11:42:21.000Z</time>
        <extensions>
          <ns3:TrackPointExtension>
            <ns3:atemp>33.0</ns3:atemp>
          </ns3:TrackPointExtension>
        </extensions>
      </trkpt>
      <trkpt lat="48.86471240781247615814208984375" lon="2.34542305581271648406982421875">
        <ele>42</ele>
        <time>2026-05-22T11:42:22.000Z</time>
        <extensions>
          <ns3:TrackPointExtension>
            <ns3:atemp>33.0</ns3:atemp>
          </ns3:TrackPointExtension>
        </extensions>
      </trkpt>
      <trkpt lat="48.8647357933223247528076171875" lon="2.345334626734256744384765625">
        <ele>42.200000762939453125</ele>
        <time>2026-05-22T11:42:23.000Z</time>
        <extensions>
          <ns3:TrackPointExtension>
            <ns3:atemp>33.0</ns3:atemp>
          </ns3:TrackPointExtension>
        </extensions>
      </trkpt>
      <trkpt lat="48.8647572509944438934326171875" lon="2.3452519811689853668212890625">
        <ele>42.200000762939453125</ele>
        <time>2026-05-22T11:42:24.000Z</time>
        <extensions>
          <ns3:TrackPointExtension>
            <ns3:atemp>33.0</ns3:atemp>
          </ns3:TrackPointExtension>
        </extensions>
      </trkpt>
      <trkpt lat="48.8647760264575481414794921875" lon="2.3451748676598072052001953125">
        <ele>42.200000762939453125</ele>
        <time>2026-05-22T11:42:25.000Z</time>
        <extensions>
          <ns3:TrackPointExtension>
            <ns3:atemp>33.0</ns3:atemp>
          </ns3:TrackPointExtension>
        </extensions>
      </trkpt>
      <trkpt lat="48.86480511166155338287353515625" lon="2.3451148532330989837646484375">
        <ele>42</ele>
        <time>2026-05-22T11:42:26.000Z</time>
        <extensions>
          <ns3:TrackPointExtension>
            <ns3:atemp>33.0</ns3:atemp>
          </ns3:TrackPointExtension>
        </extensions>
      </trkpt>
      <trkpt lat="48.86484350077807903289794921875" lon="2.34507017768919467926025390625">
        <ele>41.799999237060546875</ele>
        <time>2026-05-22T11:42:27.000Z</time>
        <extensions>
          <ns3:TrackPointExtension>
            <ns3:atemp>33.0</ns3:atemp>
          </ns3:TrackPointExtension>
        </extensions>
      </trkpt>
      <trkpt lat="48.86488976888358592987060546875" lon="2.3450451157987117767333984375">
        <ele>41.59999847412109375</ele>
        <time>2026-05-22T11:42:28.000Z</time>
        <extensions>
          <ns3:TrackPointExtension>
            <ns3:atemp>33.0</ns3:atemp>
          </ns3:TrackPointExtension>
        </extensions>
      </trkpt>
      <trkpt lat="48.86493511497974395751953125" lon="2.34503061510622501373291015625">
        <ele>41.59999847412109375</ele>
        <time>2026-05-22T11:42:29.000Z</time>
        <extensions>
          <ns3:TrackPointExtension>
            <ns3:atemp>33.0</ns3:atemp>
          </ns3:TrackPointExtension>
        </extensions>
      </trkpt>
      <trkpt lat="48.86498163454234600067138671875" lon="2.34501443803310394287109375">
        <ele>41.799999237060546875</ele>
        <time>2026-05-22T11:42:30.000Z</time>
        <extensions>
          <ns3:TrackPointExtension>
            <ns3:atemp>33.0</ns3:atemp>
          </ns3:TrackPointExtension>
        </extensions>
      </trkpt>
      <trkpt lat="48.86502639390528202056884765625" lon="2.3450038768351078033447265625">
        <ele>42</ele>
        <time>2026-05-22T11:42:31.000Z</time>
        <extensions>
          <ns3:TrackPointExtension>
            <ns3:atemp>33.0</ns3:atemp>
          </ns3:TrackPointExtension>
        </extensions>
      </trkpt>
      <trkpt lat="48.86508154682815074920654296875" lon="2.3449854366481304168701171875">
        <ele>42</ele>
        <time>2026-05-22T11:42:32.000Z</time>
        <extensions>
          <ns3:TrackPointExtension>
            <ns3:atemp>33.0</ns3:atemp>
          </ns3:TrackPointExtension>
        </extensions>
      </trkpt>
      <trkpt lat="48.86514189653098583221435546875" lon="2.3449713550508022308349609375">
        <ele>42.200000762939453125</ele>
        <time>2026-05-22T11:42:33.000Z</time>
        <extensions>
          <ns3:TrackPointExtension>
            <ns3:atemp>34.0</ns3:atemp>
          </ns3:TrackPointExtension>
        </extensions>
      </trkpt>
      <trkpt lat="48.8652028329670429229736328125" lon="2.344949729740619659423828125">
        <ele>42.200000762939453125</ele>
        <time>2026-05-22T11:42:34.000Z</time>
        <extensions>
          <ns3:TrackPointExtension>
            <ns3:atemp>33.0</ns3:atemp>
          </ns3:TrackPointExtension>
        </extensions>
      </trkpt>
      <trkpt lat="48.8652611710131168365478515625" lon="2.34492667950689792633056640625">
        <ele>42.40000152587890625</ele>
        <time>2026-05-22T11:42:35.000Z</time>
        <extensions>
          <ns3:TrackPointExtension>
            <ns3:atemp>33.0</ns3:atemp>
          </ns3:TrackPointExtension>
        </extensions>
      </trkpt>
      <trkpt lat="48.865322358906269073486328125" lon="2.34490656293928623199462890625">
        <ele>42.59999847412109375</ele>
        <time>2026-05-22T11:42:36.000Z</time>
        <extensions>
          <ns3:TrackPointExtension>
            <ns3:atemp>34.0</ns3:atemp>
          </ns3:TrackPointExtension>
        </extensions>
      </trkpt>
      <trkpt lat="48.86538706719875335693359375" lon="2.3448714427649974822998046875">
        <ele>42.59999847412109375</ele>
        <time>2026-05-22T11:42:37.000Z</time>
        <extensions>
          <ns3:TrackPointExtension>
            <ns3:atemp>33.0</ns3:atemp>
          </ns3:TrackPointExtension>
        </extensions>
      </trkpt>
      <trkpt lat="48.86542838998138904571533203125" lon="2.34484319575130939483642578125">
        <ele>42.59999847412109375</ele>
        <time>2026-05-22T11:42:38.000Z</time>
        <extensions>
          <ns3:TrackPointExtension>
            <ns3:atemp>33.0</ns3:atemp>
          </ns3:TrackPointExtension>
        </extensions>
      </trkpt>
      <trkpt lat="48.86546594090759754180908203125" lon="2.344816289842128753662109375">
        <ele>42.59999847412109375</ele>
        <time>2026-05-22T11:42:39.000Z</time>
        <extensions>
          <ns3:TrackPointExtension>
            <ns3:atemp>33.0</ns3:atemp>
          </ns3:TrackPointExtension>
        </extensions>
      </trkpt>
      <trkpt lat="48.8655015639960765838623046875" lon="2.34479860402643680572509765625">
        <ele>42.59999847412109375</ele>
        <time>2026-05-22T11:42:40.000Z</time>
        <extensions>
          <ns3:TrackPointExtension>
            <ns3:atemp>33.0</ns3:atemp>
          </ns3:TrackPointExtension>
        </extensions>
      </trkpt>
      <trkpt lat="48.865534923970699310302734375" lon="2.34478510916233062744140625">
        <ele>42.59999847412109375</ele>
        <time>2026-05-22T11:42:41.000Z</time>
        <extensions>
          <ns3:TrackPointExtension>
            <ns3:atemp>33.0</ns3:atemp>
          </ns3:TrackPointExtension>
        </extensions>
      </trkpt>
      <trkpt lat="48.865577839314937591552734375" lon="2.34477563761174678802490234375">
        <ele>42.59999847412109375</ele>
        <time>2026-05-22T11:42:42.000Z</time>
        <extensions>
          <ns3:TrackPointExtension>
            <ns3:atemp>33.0</ns3:atemp>
          </ns3:TrackPointExtension>
        </extensions>
      </trkpt>
      <trkpt lat="48.86562033556401729583740234375" lon="2.34477781690657138824462890625">
        <ele>42.40000152587890625</ele>
        <time>2026-05-22T11:42:43.000Z</time>
        <extensions>
          <ns3:TrackPointExtension>
            <ns3:atemp>33.0</ns3:atemp>
          </ns3:TrackPointExtension>
        </extensions>
      </trkpt>
      <trkpt lat="48.86566341854631900787353515625" lon="2.3447866179049015045166015625">
        <ele>42.40000152587890625</ele>
        <time>2026-05-22T11:42:44.000Z</time>
        <extensions>
          <ns3:TrackPointExtension>
            <ns3:atemp>33.0</ns3:atemp>
          </ns3:TrackPointExtension>
        </extensions>
      </trkpt>
      <trkpt lat="48.8657082617282867431640625" lon="2.34477966092526912689208984375">
        <ele>42.40000152587890625</ele>
        <time>2026-05-22T11:42:45.000Z</time>
        <extensions>
          <ns3:TrackPointExtension>
            <ns3:atemp>33.0</ns3:atemp>
          </ns3:TrackPointExtension>
        </extensions>
      </trkpt>
      <trkpt lat="48.86575142852962017059326171875" lon="2.344756610691547393798828125">
        <ele>42.40000152587890625</ele>
        <time>2026-05-22T11:42:46.000Z</time>
        <extensions>
          <ns3:TrackPointExtension>
            <ns3:atemp>33.0</ns3:atemp>
          </ns3:TrackPointExtension>
        </extensions>
      </trkpt>
      <trkpt lat="48.8658026419579982757568359375" lon="2.34473121352493762969970703125">
        <ele>42.59999847412109375</ele>
        <time>2026-05-22T11:42:47.000Z</time>
        <extensions>
          <ns3:TrackPointExtension>
            <ns3:atemp>33.0</ns3:atemp>
          </ns3:TrackPointExtension>
        </extensions>
      </trkpt>
      <trkpt lat="48.865856789052486419677734375" lon="2.344709672033786773681640625">
        <ele>42.59999847412109375</ele>
        <time>2026-05-22T11:42:48.000Z</time>
        <extensions>
          <ns3:TrackPointExtension>
            <ns3:atemp>33.0</ns3:atemp>
          </ns3:TrackPointExtension>
        </extensions>
      </trkpt>
      <trkpt lat="48.865917138755321502685546875" lon="2.3446930758655071258544921875">
        <ele>42.799999237060546875</ele>
        <time>2026-05-22T11:42:49.000Z</time>
        <extensions>
          <ns3:TrackPointExtension>
            <ns3:atemp>33.0</ns3:atemp>
          </ns3:TrackPointExtension>
        </extensions>
      </trkpt>
      <trkpt lat="48.86597807519137859344482421875" lon="2.3446800000965595245361328125">
        <ele>42.799999237060546875</ele>
        <time>2026-05-22T11:42:50.000Z</time>
        <extensions>
          <ns3:TrackPointExtension>
            <ns3:atemp>33.0</ns3:atemp>
          </ns3:TrackPointExtension>
        </extensions>
      </trkpt>
      <trkpt lat="48.86604043655097484588623046875" lon="2.344666086137294769287109375">
        <ele>43</ele>
        <time>2026-05-22T11:42:51.000Z</time>
        <extensions>
          <ns3:TrackPointExtension>
            <ns3:atemp>33.0</ns3:atemp>
          </ns3:TrackPointExtension>
        </extensions>
      </trkpt>
      <trkpt lat="48.8660929910838603973388671875" lon="2.34463247470557689666748046875">
        <ele>43</ele>
        <time>2026-05-22T11:42:52.000Z</time>
        <extensions>
          <ns3:TrackPointExtension>
            <ns3:atemp>33.0</ns3:atemp>
          </ns3:TrackPointExtension>
        </extensions>
      </trkpt>
      <trkpt lat="48.86615610681474208831787109375" lon="2.34455821104347705841064453125">
        <ele>43</ele>
        <time>2026-05-22T11:42:53.000Z</time>
        <extensions>
          <ns3:TrackPointExtension>
            <ns3:atemp>33.0</ns3:atemp>
          </ns3:TrackPointExtension>
        </extensions>
      </trkpt>
      <trkpt lat="48.8661955855786800384521484375" lon="2.3445277847349643707275390625">
        <ele>43.200000762939453125</ele>
        <time>2026-05-22T11:42:54.000Z</time>
        <extensions>
          <ns3:TrackPointExtension>
            <ns3:atemp>33.0</ns3:atemp>
          </ns3:TrackPointExtension>
        </extensions>
      </trkpt>
      <trkpt lat="48.86625342071056365966796875" lon="2.34450171701610088348388671875">
        <ele>43.40000152587890625</ele>
        <time>2026-05-22T11:42:55.000Z</time>
        <extensions>
          <ns3:TrackPointExtension>
            <ns3:atemp>33.0</ns3:atemp>
          </ns3:TrackPointExtension>
        </extensions>
      </trkpt>
      <trkpt lat="48.8663119263947010040283203125" lon="2.34449048526585102081298828125">
        <ele>43.59999847412109375</ele>
        <time>2026-05-22T11:42:56.000Z</time>
        <extensions>
          <ns3:TrackPointExtension>
            <ns3:atemp>33.0</ns3:atemp>
          </ns3:TrackPointExtension>
        </extensions>
      </trkpt>
      <trkpt lat="48.86637202464044094085693359375" lon="2.3444781638681888580322265625">
        <ele>43.59999847412109375</ele>
        <time>2026-05-22T11:42:57.000Z</time>
        <extensions>
          <ns3:TrackPointExtension>
            <ns3:atemp>33.0</ns3:atemp>
          </ns3:TrackPointExtension>
        </extensions>
      </trkpt>
      <trkpt lat="48.8664353080093860626220703125" lon="2.344470284879207611083984375">
        <ele>43.799999237060546875</ele>
        <time>2026-05-22T11:42:58.000Z</time>
        <extensions>
          <ns3:TrackPointExtension>
            <ns3:atemp>33.0</ns3:atemp>
          </ns3:TrackPointExtension>
        </extensions>
      </trkpt>
      <trkpt lat="48.8664993457496166229248046875" lon="2.34444371424615383148193359375">
        <ele>43.799999237060546875</ele>
        <time>2026-05-22T11:42:59.000Z</time>
        <extensions>
          <ns3:TrackPointExtension>
            <ns3:atemp>33.0</ns3:atemp>
          </ns3:TrackPointExtension>
        </extensions>
      </trkpt>
      <trkpt lat="48.86657520197331905364990234375" lon="2.3443762399256229400634765625">
        <ele>43.799999237060546875</ele>
        <time>2026-05-22T11:43:00.000Z</time>
        <extensions>
          <ns3:TrackPointExtension>
            <ns3:atemp>33.0</ns3:atemp>
          </ns3:TrackPointExtension>
        </extensions>
      </trkpt>
      <trkpt lat="48.8666428439319133758544921875" lon="2.34431664459407329559326171875">
        <ele>44</ele>
        <time>2026-05-22T11:43:01.000Z</time>
        <extensions>
          <ns3:TrackPointExtension>
            <ns3:atemp>33.0</ns3:atemp>
          </ns3:TrackPointExtension>
        </extensions>
      </trkpt>
      <trkpt lat="48.86670109815895557403564453125" lon="2.34426735900342464447021484375">
        <ele>44</ele>
        <time>2026-05-22T11:43:02.000Z</time>
        <extensions>
          <ns3:TrackPointExtension>
            <ns3:atemp>33.0</ns3:atemp>
          </ns3:TrackPointExtension>
        </extensions>
      </trkpt>
      <trkpt lat="48.8667581789195537567138671875" lon="2.34422385692596435546875">
        <ele>44.200000762939453125</ele>
        <time>2026-05-22T11:43:03.000Z</time>
        <extensions>
          <ns3:TrackPointExtension>
            <ns3:atemp>33.0</ns3:atemp>
          </ns3:TrackPointExtension>
        </extensions>
      </trkpt>
      <trkpt lat="48.86681207455694675445556640625" lon="2.34418873675167560577392578125">
        <ele>44.200000762939453125</ele>
        <time>2026-05-22T11:43:04.000Z</time>
        <extensions>
          <ns3:TrackPointExtension>
            <ns3:atemp>33.0</ns3:atemp>
          </ns3:TrackPointExtension>
        </extensions>
      </trkpt>
      <trkpt lat="48.8668589293956756591796875" lon="2.34417029656469821929931640625">
        <ele>44.40000152587890625</ele>
        <time>2026-05-22T11:43:05.000Z</time>
        <extensions>
          <ns3:TrackPointExtension>
            <ns3:atemp>33.0</ns3:atemp>
          </ns3:TrackPointExtension>
        </extensions>
      </trkpt>
      <trkpt lat="48.866904191672801971435546875" lon="2.34415085054934024810791015625">
        <ele>44.40000152587890625</ele>
        <time>2026-05-22T11:43:06.000Z</time>
        <extensions>
          <ns3:TrackPointExtension>
            <ns3:atemp>33.0</ns3:atemp>
          </ns3:TrackPointExtension>
        </extensions>
      </trkpt>
      <trkpt lat="48.8669439218938350677490234375" lon="2.344124615192413330078125">
        <ele>44.59999847412109375</ele>
        <time>2026-05-22T11:43:07.000Z</time>
        <extensions>
          <ns3:TrackPointExtension>
            <ns3:atemp>33.0</ns3:atemp>
          </ns3:TrackPointExtension>
        </extensions>
      </trkpt>
      <trkpt lat="48.866987340152263641357421875" lon="2.34409888274967670440673828125">
        <ele>44.59999847412109375</ele>
        <time>2026-05-22T11:43:08.000Z</time>
        <extensions>
          <ns3:TrackPointExtension>
            <ns3:atemp>33.0</ns3:atemp>
          </ns3:TrackPointExtension>
        </extensions>
      </trkpt>
      <trkpt lat="48.86703268624842166900634765625" lon="2.34407373704016208648681640625">
        <ele>44.59999847412109375</ele>
        <time>2026-05-22T11:43:09.000Z</time>
        <extensions>
          <ns3:TrackPointExtension>
            <ns3:atemp>33.0</ns3:atemp>
          </ns3:TrackPointExtension>
        </extensions>
      </trkpt>
      <trkpt lat="48.86708113364875316619873046875" lon="2.34404884278774261474609375">
        <ele>44.799999237060546875</ele>
        <time>2026-05-22T11:43:10.000Z</time>
        <extensions>
          <ns3:TrackPointExtension>
            <ns3:atemp>33.0</ns3:atemp>
          </ns3:TrackPointExtension>
        </extensions>
      </trkpt>
      <trkpt lat="48.8671256415545940399169921875" lon="2.344027720391750335693359375">
        <ele>44.799999237060546875</ele>
        <time>2026-05-22T11:43:11.000Z</time>
        <extensions>
          <ns3:TrackPointExtension>
            <ns3:atemp>33.0</ns3:atemp>
          </ns3:TrackPointExtension>
        </extensions>
      </trkpt>
      <trkpt lat="48.86716931127011775970458984375" lon="2.34399930573999881744384765625">
        <ele>44.799999237060546875</ele>
        <time>2026-05-22T11:43:12.000Z</time>
        <extensions>
          <ns3:TrackPointExtension>
            <ns3:atemp>33.0</ns3:atemp>
          </ns3:TrackPointExtension>
        </extensions>
      </trkpt>
      <trkpt lat="48.8672235421836376190185546875" lon="2.343981452286243438720703125">
        <ele>44.799999237060546875</ele>
        <time>2026-05-22T11:43:13.000Z</time>
        <extensions>
          <ns3:TrackPointExtension>
            <ns3:atemp>33.0</ns3:atemp>
          </ns3:TrackPointExtension>
        </extensions>
      </trkpt>
      <trkpt lat="48.867276348173618316650390625" lon="2.3439645208418369293212890625">
        <ele>44.799999237060546875</ele>
        <time>2026-05-22T11:43:14.000Z</time>
        <extensions>
          <ns3:TrackPointExtension>
            <ns3:atemp>33.0</ns3:atemp>
          </ns3:TrackPointExtension>
        </extensions>
      </trkpt>
      <trkpt lat="48.86733158491551876068115234375" lon="2.34395286999642848968505859375">
        <ele>45</ele>
        <time>2026-05-22T11:43:15.000Z</time>
        <extensions>
          <ns3:TrackPointExtension>
            <ns3:atemp>33.0</ns3:atemp>
          </ns3:TrackPointExtension>
        </extensions>
      </trkpt>
      <trkpt lat="48.8673898391425609588623046875" lon="2.34393275342881679534912109375">
        <ele>45</ele>
        <time>2026-05-22T11:43:16.000Z</time>
        <extensions>
          <ns3:TrackPointExtension>
            <ns3:atemp>33.0</ns3:atemp>
          </ns3:TrackPointExtension>
        </extensions>
      </trkpt>
      <trkpt lat="48.86744826100766658782958984375" lon="2.3439169116318225860595703125">
        <ele>45.200000762939453125</ele>
        <time>2026-05-22T11:43:17.000Z</time>
        <extensions>
          <ns3:TrackPointExtension>
            <ns3:atemp>33.0</ns3:atemp>
          </ns3:TrackPointExtension>
        </extensions>
      </trkpt>
      <trkpt lat="48.86750274337828159332275390625" lon="2.34390123747289180755615234375">
        <ele>45.40000152587890625</ele>
        <time>2026-05-22T11:43:18.000Z</time>
        <extensions>
          <ns3:TrackPointExtension>
            <ns3:atemp>33.0</ns3:atemp>
          </ns3:TrackPointExtension>
        </extensions>
      </trkpt>
      <trkpt lat="48.86756292544305324554443359375" lon="2.3438870720565319061279296875">
        <ele>45.40000152587890625</ele>
        <time>2026-05-22T11:43:19.000Z</time>
        <extensions>
          <ns3:TrackPointExtension>
            <ns3:atemp>33.0</ns3:atemp>
          </ns3:TrackPointExtension>
        </extensions>
      </trkpt>
      <trkpt lat="48.86762537062168121337890625" lon="2.34386133961379528045654296875">
        <ele>45.59999847412109375</ele>
        <time>2026-05-22T11:43:20.000Z</time>
        <extensions>
          <ns3:TrackPointExtension>
            <ns3:atemp>33.0</ns3:atemp>
          </ns3:TrackPointExtension>
        </extensions>
      </trkpt>
      <trkpt lat="48.86769485659897327423095703125" lon="2.3438260518014430999755859375">
        <ele>45.799999237060546875</ele>
        <time>2026-05-22T11:43:21.000Z</time>
        <extensions>
          <ns3:TrackPointExtension>
            <ns3:atemp>33.0</ns3:atemp>
          </ns3:TrackPointExtension>
        </extensions>
      </trkpt>
      <trkpt lat="48.867758475244045257568359375" lon="2.3438029177486896514892578125">
        <ele>45.799999237060546875</ele>
        <time>2026-05-22T11:43:22.000Z</time>
        <extensions>
          <ns3:TrackPointExtension>
            <ns3:atemp>34.0</ns3:atemp>
          </ns3:TrackPointExtension>
        </extensions>
      </trkpt>
      <trkpt lat="48.86782075278460979461669921875" lon="2.343779616057872772216796875">
        <ele>45.799999237060546875</ele>
        <time>2026-05-22T11:43:23.000Z</time>
        <extensions>
          <ns3:TrackPointExtension>
            <ns3:atemp>34.0</ns3:atemp>
          </ns3:TrackPointExtension>
        </extensions>
      </trkpt>
      <trkpt lat="48.86788663454353809356689453125" lon="2.34374038875102996826171875">
        <ele>45.799999237060546875</ele>
        <time>2026-05-22T11:43:24.000Z</time>
        <extensions>
          <ns3:TrackPointExtension>
            <ns3:atemp>34.0</ns3:atemp>
          </ns3:TrackPointExtension>
        </extensions>
      </trkpt>
      <trkpt lat="48.867964334785938262939453125" lon="2.3437217809259891510009765625">
        <ele>46</ele>
        <time>2026-05-22T11:43:25.000Z</time>
        <extensions>
          <ns3:TrackPointExtension>
            <ns3:atemp>33.0</ns3:atemp>
          </ns3:TrackPointExtension>
        </extensions>
      </trkpt>
      <trkpt lat="48.8680496625602245330810546875" lon="2.34368548728525638580322265625">
        <ele>46</ele>
        <time>2026-05-22T11:43:26.000Z</time>
        <extensions>
          <ns3:TrackPointExtension>
            <ns3:atemp>34.0</ns3:atemp>
          </ns3:TrackPointExtension>
        </extensions>
      </trkpt>
      <trkpt lat="48.868125267326831817626953125" lon="2.343641482293605804443359375">
        <ele>46.200000762939453125</ele>
        <time>2026-05-22T11:43:27.000Z</time>
        <extensions>
          <ns3:TrackPointExtension>
            <ns3:atemp>34.0</ns3:atemp>
          </ns3:TrackPointExtension>
        </extensions>
      </trkpt>
      <trkpt lat="48.868183605372905731201171875" lon="2.3435841500759124755859375">
        <ele>46.200000762939453125</ele>
        <time>2026-05-22T11:43:28.000Z</time>
        <extensions>
          <ns3:TrackPointExtension>
            <ns3:atemp>34.0</ns3:atemp>
          </ns3:TrackPointExtension>
        </extensions>
      </trkpt>
      <trkpt lat="48.86824764311313629150390625" lon="2.3435514606535434722900390625">
        <ele>46.200000762939453125</ele>
        <time>2026-05-22T11:43:29.000Z</time>
        <extensions>
          <ns3:TrackPointExtension>
            <ns3:atemp>34.0</ns3:atemp>
          </ns3:TrackPointExtension>
        </extensions>
      </trkpt>
      <trkpt lat="48.86831981129944324493408203125" lon="2.3435293324291706085205078125">
        <ele>46.200000762939453125</ele>
        <time>2026-05-22T11:43:30.000Z</time>
        <extensions>
          <ns3:TrackPointExtension>
            <ns3:atemp>34.0</ns3:atemp>
          </ns3:TrackPointExtension>
        </extensions>
      </trkpt>
      <trkpt lat="48.86839340440928936004638671875" lon="2.3434947989881038665771484375">
        <ele>46</ele>
        <time>2026-05-22T11:43:31.000Z</time>
        <extensions>
          <ns3:TrackPointExtension>
            <ns3:atemp>34.0</ns3:atemp>
          </ns3:TrackPointExtension>
        </extensions>
      </trkpt>
      <trkpt lat="48.86846900917589664459228515625" lon="2.3434512130916118621826171875">
        <ele>46</ele>
        <time>2026-05-22T11:43:32.000Z</time>
        <extensions>
          <ns3:TrackPointExtension>
            <ns3:atemp>34.0</ns3:atemp>
          </ns3:TrackPointExtension>
        </extensions>
      </trkpt>
      <trkpt lat="48.8685384951531887054443359375" lon="2.34339748509228229522705078125">
        <ele>46</ele>
        <time>2026-05-22T11:43:33.000Z</time>
        <extensions>
          <ns3:TrackPointExtension>
            <ns3:atemp>34.0</ns3:atemp>
          </ns3:TrackPointExtension>
        </extensions>
      </trkpt>
      <trkpt lat="48.8686142675578594207763671875" lon="2.34335088171064853668212890625">
        <ele>45.799999237060546875</ele>
        <time>2026-05-22T11:43:34.000Z</time>
        <extensions>
          <ns3:TrackPointExtension>
            <ns3:atemp>34.0</ns3:atemp>
          </ns3:TrackPointExtension>
        </extensions>
      </trkpt>
      <trkpt lat="48.86869062669575214385986328125" lon="2.34331014566123485565185546875">
        <ele>45.799999237060546875</ele>
        <time>2026-05-22T11:43:35.000Z</time>
        <extensions>
          <ns3:TrackPointExtension>
            <ns3:atemp>34.0</ns3:atemp>
          </ns3:TrackPointExtension>
        </extensions>
      </trkpt>
      <trkpt lat="48.8687705062329769134521484375" lon="2.34326899051666259765625">
        <ele>45.59999847412109375</ele>
        <time>2026-05-22T11:43:36.000Z</time>
        <extensions>
          <ns3:TrackPointExtension>
            <ns3:atemp>34.0</ns3:atemp>
          </ns3:TrackPointExtension>
        </extensions>
      </trkpt>
      <trkpt lat="48.868848793208599090576171875" lon="2.34322431497275829315185546875">
        <ele>45.59999847412109375</ele>
        <time>2026-05-22T11:43:37.000Z</time>
        <extensions>
          <ns3:TrackPointExtension>
            <ns3:atemp>34.0</ns3:atemp>
          </ns3:TrackPointExtension>
        </extensions>
      </trkpt>
      <trkpt lat="48.8689270801842212677001953125" lon="2.3431907035410404205322265625">
        <ele>45.59999847412109375</ele>
        <time>2026-05-22T11:43:38.000Z</time>
        <extensions>
          <ns3:TrackPointExtension>
            <ns3:atemp>34.0</ns3:atemp>
          </ns3:TrackPointExtension>
        </extensions>
      </trkpt>
      <trkpt lat="48.86900628916919231414794921875" lon="2.34315122477710247039794921875">
        <ele>45.59999847412109375</ele>
        <time>2026-05-22T11:43:39.000Z</time>
        <extensions>
          <ns3:TrackPointExtension>
            <ns3:atemp>34.0</ns3:atemp>
          </ns3:TrackPointExtension>
        </extensions>
      </trkpt>
      <trkpt lat="48.86907619424164295196533203125" lon="2.34312356449663639068603515625">
        <ele>45.40000152587890625</ele>
        <time>2026-05-22T11:43:40.000Z</time>
        <extensions>
          <ns3:TrackPointExtension>
            <ns3:atemp>34.0</ns3:atemp>
          </ns3:TrackPointExtension>
        </extensions>
      </trkpt>
      <trkpt lat="48.869145177304744720458984375" lon="2.34309540130198001861572265625">
        <ele>45.40000152587890625</ele>
        <time>2026-05-22T11:43:41.000Z</time>
        <extensions>
          <ns3:TrackPointExtension>
            <ns3:atemp>34.0</ns3:atemp>
          </ns3:TrackPointExtension>
        </extensions>
      </trkpt>
      <trkpt lat="48.8692150823771953582763671875" lon="2.34307293780148029327392578125">
        <ele>45.200000762939453125</ele>
        <time>2026-05-22T11:43:42.000Z</time>
        <extensions>
          <ns3:TrackPointExtension>
            <ns3:atemp>34.0</ns3:atemp>
          </ns3:TrackPointExtension>
        </extensions>
      </trkpt>
      <trkpt lat="48.8692730851471424102783203125" lon="2.3430438525974750518798828125">
        <ele>45</ele>
        <time>2026-05-22T11:43:43.000Z</time>
        <extensions>
          <ns3:TrackPointExtension>
            <ns3:atemp>34.0</ns3:atemp>
          </ns3:TrackPointExtension>
        </extensions>
      </trkpt>
      <trkpt lat="48.8693240471184253692626953125" lon="2.343017198145389556884765625">
        <ele>45</ele>
        <time>2026-05-22T11:43:44.000Z</time>
        <extensions>
          <ns3:TrackPointExtension>
            <ns3:atemp>34.0</ns3:atemp>
          </ns3:TrackPointExtension>
        </extensions>
      </trkpt>
      <trkpt lat="48.8693672977387905120849609375" lon="2.34298911876976490020751953125">
        <ele>44.799999237060546875</ele>
        <time>2026-05-22T11:43:45.000Z</time>
        <extensions>
          <ns3:TrackPointExtension>
            <ns3:atemp>34.0</ns3:atemp>
          </ns3:TrackPointExtension>
        </extensions>
      </trkpt>
      <trkpt lat="48.86941582895815372467041015625" lon="2.34295609407126903533935546875">
        <ele>44.799999237060546875</ele>
        <time>2026-05-22T11:43:46.000Z</time>
        <extensions>
          <ns3:TrackPointExtension>
            <ns3:atemp>34.0</ns3:atemp>
          </ns3:TrackPointExtension>
        </extensions>
      </trkpt>
      <trkpt lat="48.869467042386531829833984375" lon="2.34292591921985149383544921875">
        <ele>44.59999847412109375</ele>
        <time>2026-05-22T11:43:47.000Z</time>
        <extensions>
          <ns3:TrackPointExtension>
            <ns3:atemp>33.0</ns3:atemp>
          </ns3:TrackPointExtension>
        </extensions>
      </trkpt>
      <trkpt lat="48.8695201836526393890380859375" lon="2.34289641492068767547607421875">
        <ele>44.59999847412109375</ele>
        <time>2026-05-22T11:43:48.000Z</time>
        <extensions>
          <ns3:TrackPointExtension>
            <ns3:atemp>33.0</ns3:atemp>
          </ns3:TrackPointExtension>
        </extensions>
      </trkpt>
      <trkpt lat="48.86957667768001556396484375" lon="2.342864312231540679931640625">
        <ele>44.40000152587890625</ele>
        <time>2026-05-22T11:43:49.000Z</time>
        <extensions>
          <ns3:TrackPointExtension>
            <ns3:atemp>33.0</ns3:atemp>
          </ns3:TrackPointExtension>
        </extensions>
      </trkpt>
      <trkpt lat="48.86963778175413608551025390625" lon="2.34283120371401309967041015625">
        <ele>44.40000152587890625</ele>
        <time>2026-05-22T11:43:50.000Z</time>
        <extensions>
          <ns3:TrackPointExtension>
            <ns3:atemp>33.0</ns3:atemp>
          </ns3:TrackPointExtension>
        </extensions>
      </trkpt>
      <trkpt lat="48.86969863437116146087646484375" lon="2.342797257006168365478515625">
        <ele>44.40000152587890625</ele>
        <time>2026-05-22T11:43:51.000Z</time>
        <extensions>
          <ns3:TrackPointExtension>
            <ns3:atemp>33.0</ns3:atemp>
          </ns3:TrackPointExtension>
        </extensions>
      </trkpt>
      <trkpt lat="48.86976937763392925262451171875" lon="2.34276817180216312408447265625">
        <ele>44.40000152587890625</ele>
        <time>2026-05-22T11:43:52.000Z</time>
        <extensions>
          <ns3:TrackPointExtension>
            <ns3:atemp>33.0</ns3:atemp>
          </ns3:TrackPointExtension>
        </extensions>
      </trkpt>
      <trkpt lat="48.86983157135546207427978515625" lon="2.3427473008632659912109375">
        <ele>44.40000152587890625</ele>
        <time>2026-05-22T11:43:53.000Z</time>
        <extensions>
          <ns3:TrackPointExtension>
            <ns3:atemp>33.0</ns3:atemp>
          </ns3:TrackPointExtension>
        </extensions>
      </trkpt>
      <trkpt lat="48.86989711783826351165771484375" lon="2.34271503053605556488037109375">
        <ele>44.59999847412109375</ele>
        <time>2026-05-22T11:43:54.000Z</time>
        <extensions>
          <ns3:TrackPointExtension>
            <ns3:atemp>33.0</ns3:atemp>
          </ns3:TrackPointExtension>
        </extensions>
      </trkpt>
      <trkpt lat="48.86996802873909473419189453125" lon="2.34268636442720890045166015625">
        <ele>44.59999847412109375</ele>
        <time>2026-05-22T11:43:55.000Z</time>
        <extensions>
          <ns3:TrackPointExtension>
            <ns3:atemp>33.0</ns3:atemp>
          </ns3:TrackPointExtension>
        </extensions>
      </trkpt>
      <trkpt lat="48.870038688182830810546875" lon="2.34265250153839588165283203125">
        <ele>44.799999237060546875</ele>
        <time>2026-05-22T11:43:56.000Z</time>
        <extensions>
          <ns3:TrackPointExtension>
            <ns3:atemp>33.0</ns3:atemp>
          </ns3:TrackPointExtension>
        </extensions>
      </trkpt>
      <trkpt lat="48.870106749236583709716796875" lon="2.34262232668697834014892578125">
        <ele>45</ele>
        <time>2026-05-22T11:43:57.000Z</time>
        <extensions>
          <ns3:TrackPointExtension>
            <ns3:atemp>33.0</ns3:atemp>
          </ns3:TrackPointExtension>
        </extensions>
      </trkpt>
      <trkpt lat="48.8701712898910045623779296875" lon="2.34261210076510906219482421875">
        <ele>45</ele>
        <time>2026-05-22T11:43:58.000Z</time>
        <extensions>
          <ns3:TrackPointExtension>
            <ns3:atemp>33.0</ns3:atemp>
          </ns3:TrackPointExtension>
        </extensions>
      </trkpt>
      <trkpt lat="48.8702299632132053375244140625" lon="2.34262266196310520172119140625">
        <ele>45</ele>
        <time>2026-05-22T11:43:59.000Z</time>
        <extensions>
          <ns3:TrackPointExtension>
            <ns3:atemp>33.0</ns3:atemp>
          </ns3:TrackPointExtension>
        </extensions>
      </trkpt>
      <trkpt lat="48.87028788216412067413330078125" lon="2.342634983360767364501953125">
        <ele>45.200000762939453125</ele>
        <time>2026-05-22T11:44:00.000Z</time>
        <extensions>
          <ns3:TrackPointExtension>
            <ns3:atemp>33.0</ns3:atemp>
          </ns3:TrackPointExtension>
        </extensions>
      </trkpt>
      <trkpt lat="48.87034454382956027984619140625" lon="2.34265048988163471221923828125">
        <ele>45.200000762939453125</ele>
        <time>2026-05-22T11:44:01.000Z</time>
        <extensions>
          <ns3:TrackPointExtension>
            <ns3:atemp>33.0</ns3:atemp>
          </ns3:TrackPointExtension>
        </extensions>
      </trkpt>
      <trkpt lat="48.8704026304185390472412109375" lon="2.34267345629632472991943359375">
        <ele>45.200000762939453125</ele>
        <time>2026-05-22T11:44:02.000Z</time>
        <extensions>
          <ns3:TrackPointExtension>
            <ns3:atemp>33.0</ns3:atemp>
          </ns3:TrackPointExtension>
        </extensions>
      </trkpt>
      <trkpt lat="48.87046138755977153778076171875" lon="2.34269860200583934783935546875">
        <ele>45.40000152587890625</ele>
        <time>2026-05-22T11:44:03.000Z</time>
        <extensions>
          <ns3:TrackPointExtension>
            <ns3:atemp>33.0</ns3:atemp>
          </ns3:TrackPointExtension>
        </extensions>
      </trkpt>
      <trkpt lat="48.870521821081638336181640625" lon="2.34271955676376819610595703125">
        <ele>45.40000152587890625</ele>
        <time>2026-05-22T11:44:04.000Z</time>
        <extensions>
          <ns3:TrackPointExtension>
            <ns3:atemp>33.0</ns3:atemp>
          </ns3:TrackPointExtension>
        </extensions>
      </trkpt>
      <trkpt lat="48.87058007530868053436279296875" lon="2.3427434451878070831298828125">
        <ele>45.40000152587890625</ele>
        <time>2026-05-22T11:44:05.000Z</time>
        <extensions>
          <ns3:TrackPointExtension>
            <ns3:atemp>33.0</ns3:atemp>
          </ns3:TrackPointExtension>
        </extensions>
      </trkpt>
      <trkpt lat="48.8706413470208644866943359375" lon="2.3427632264792919158935546875">
        <ele>45.59999847412109375</ele>
        <time>2026-05-22T11:44:06.000Z</time>
        <extensions>
          <ns3:TrackPointExtension>
            <ns3:atemp>33.0</ns3:atemp>
          </ns3:TrackPointExtension>
        </extensions>
      </trkpt>
      <trkpt lat="48.87069993652403354644775390625" lon="2.34278946183621883392333984375">
        <ele>45.59999847412109375</ele>
        <time>2026-05-22T11:44:07.000Z</time>
        <extensions>
          <ns3:TrackPointExtension>
            <ns3:atemp>33.0</ns3:atemp>
          </ns3:TrackPointExtension>
        </extensions>
      </trkpt>
      <trkpt lat="48.8707613758742809295654296875" lon="2.3428229056298732757568359375">
        <ele>45.799999237060546875</ele>
        <time>2026-05-22T11:44:08.000Z</time>
        <extensions>
          <ns3:TrackPointExtension>
            <ns3:atemp>33.0</ns3:atemp>
          </ns3:TrackPointExtension>
        </extensions>
      </trkpt>
      <trkpt lat="48.8708210550248622894287109375" lon="2.342842184007167816162109375">
        <ele>45.799999237060546875</ele>
        <time>2026-05-22T11:44:09.000Z</time>
        <extensions>
          <ns3:TrackPointExtension>
            <ns3:atemp>33.0</ns3:atemp>
          </ns3:TrackPointExtension>
        </extensions>
      </trkpt>
      <trkpt lat="48.87087444774806499481201171875" lon="2.34285299666225910186767578125">
        <ele>46</ele>
        <time>2026-05-22T11:44:10.000Z</time>
        <extensions>
          <ns3:TrackPointExtension>
            <ns3:atemp>33.0</ns3:atemp>
          </ns3:TrackPointExtension>
        </extensions>
      </trkpt>
      <trkpt lat="48.87092272751033306121826171875" lon="2.34286892227828502655029296875">
        <ele>46</ele>
        <time>2026-05-22T11:44:11.000Z</time>
        <extensions>
          <ns3:TrackPointExtension>
            <ns3:atemp>33.0</ns3:atemp>
          </ns3:TrackPointExtension>
        </extensions>
      </trkpt>
      <trkpt lat="48.87098005972802639007568359375" lon="2.342883087694644927978515625">
        <ele>46.200000762939453125</ele>
        <time>2026-05-22T11:44:12.000Z</time>
        <extensions>
          <ns3:TrackPointExtension>
            <ns3:atemp>33.0</ns3:atemp>
          </ns3:TrackPointExtension>
        </extensions>
      </trkpt>
      <trkpt lat="48.87104040943086147308349609375" lon="2.3429010249674320220947265625">
        <ele>46.200000762939453125</ele>
        <time>2026-05-22T11:44:13.000Z</time>
        <extensions>
          <ns3:TrackPointExtension>
            <ns3:atemp>33.0</ns3:atemp>
          </ns3:TrackPointExtension>
        </extensions>
      </trkpt>
      <trkpt lat="48.871097154915332794189453125" lon="2.34291552565991878509521484375">
        <ele>46.200000762939453125</ele>
        <time>2026-05-22T11:44:14.000Z</time>
        <extensions>
          <ns3:TrackPointExtension>
            <ns3:atemp>33.0</ns3:atemp>
          </ns3:TrackPointExtension>
        </extensions>
      </trkpt>
      <trkpt lat="48.87114753015339374542236328125" lon="2.34292457811534404754638671875">
        <ele>46</ele>
        <time>2026-05-22T11:44:15.000Z</time>
        <extensions>
          <ns3:TrackPointExtension>
            <ns3:atemp>33.0</ns3:atemp>
          </ns3:TrackPointExtension>
        </extensions>
      </trkpt>
      <trkpt lat="48.8712002523243427276611328125" lon="2.3429278470575809478759765625">
        <ele>46</ele>
        <time>2026-05-22T11:44:16.000Z</time>
        <extensions>
          <ns3:TrackPointExtension>
            <ns3:atemp>33.0</ns3:atemp>
          </ns3:TrackPointExtension>
        </extensions>
      </trkpt>
      <trkpt lat="48.87123151682317256927490234375" lon="2.3429291881620883941650390625">
        <ele>46</ele>
        <time>2026-05-22T11:44:17.000Z</time>
        <extensions>
          <ns3:TrackPointExtension>
            <ns3:atemp>33.0</ns3:atemp>
          </ns3:TrackPointExtension>
        </extensions>
      </trkpt>
      <trkpt lat="48.8712575845420360565185546875" lon="2.34293849207460880279541015625">
        <ele>45.799999237060546875</ele>
        <time>2026-05-22T11:44:18.000Z</time>
        <extensions>
          <ns3:TrackPointExtension>
            <ns3:atemp>33.0</ns3:atemp>
          </ns3:TrackPointExtension>
        </extensions>
      </trkpt>
      <trkpt lat="48.8712683133780956268310546875" lon="2.342946790158748626708984375">
        <ele>45.799999237060546875</ele>
        <time>2026-05-22T11:44:19.000Z</time>
        <extensions>
          <ns3:TrackPointExtension>
            <ns3:atemp>33.0</ns3:atemp>
          </ns3:TrackPointExtension>
        </extensions>
      </trkpt>
      <trkpt lat="48.87125783599913120269775390625" lon="2.34294184483587741851806640625">
        <ele>45.799999237060546875</ele>
        <time>2026-05-22T11:44:20.000Z</time>
        <extensions>
          <ns3:TrackPointExtension>
            <ns3:atemp>33.0</ns3:atemp>
          </ns3:TrackPointExtension>
        </extensions>
      </trkpt>
      <trkpt lat="48.87142379768192768096923828125" lon="2.34306841157376766204833984375">
        <ele>45.40000152587890625</ele>
        <time>2026-05-22T11:44:38.000Z</time>
        <extensions>
          <ns3:TrackPointExtension>
            <ns3:atemp>33.0</ns3:atemp>
          </ns3:TrackPointExtension>
        </extensions>
      </trkpt>
      <trkpt lat="48.87143134139478206634521484375" lon="2.34309322200715541839599609375">
        <ele>45.200000762939453125</ele>
        <time>2026-05-22T11:44:39.000Z</time>
        <extensions>
          <ns3:TrackPointExtension>
            <ns3:atemp>33.0</ns3:atemp>
          </ns3:TrackPointExtension>
        </extensions>
      </trkpt>
      <trkpt lat="48.871444165706634521484375" lon="2.34310830943286418914794921875">
        <ele>45.200000762939453125</ele>
        <time>2026-05-22T11:44:40.000Z</time>
        <extensions>
          <ns3:TrackPointExtension>
            <ns3:atemp>33.0</ns3:atemp>
          </ns3:TrackPointExtension>
        </extensions>
      </trkpt>
      <trkpt lat="48.87145598419010639190673828125" lon="2.3431206308305263519287109375">
        <ele>45.200000762939453125</ele>
        <time>2026-05-22T11:44:41.000Z</time>
        <extensions>
          <ns3:TrackPointExtension>
            <ns3:atemp>33.0</ns3:atemp>
          </ns3:TrackPointExtension>
        </extensions>
      </trkpt>
      <trkpt lat="48.8714674673974514007568359375" lon="2.343132533133029937744140625">
        <ele>45.200000762939453125</ele>
        <time>2026-05-22T11:44:42.000Z</time>
        <extensions>
          <ns3:TrackPointExtension>
            <ns3:atemp>33.0</ns3:atemp>
          </ns3:TrackPointExtension>
        </extensions>
      </trkpt>
      <trkpt lat="48.87147794477641582489013671875" lon="2.343138568103313446044921875">
        <ele>45.40000152587890625</ele>
        <time>2026-05-22T11:44:43.000Z</time>
        <extensions>
          <ns3:TrackPointExtension>
            <ns3:atemp>33.0</ns3:atemp>
          </ns3:TrackPointExtension>
        </extensions>
      </trkpt>
      <trkpt lat="48.87148599140346050262451171875" lon="2.34314250759780406951904296875">
        <ele>45.59999847412109375</ele>
        <time>2026-05-22T11:44:44.000Z</time>
        <extensions>
          <ns3:TrackPointExtension>
            <ns3:atemp>33.0</ns3:atemp>
          </ns3:TrackPointExtension>
        </extensions>
      </trkpt>
      <trkpt lat="48.8714919425547122955322265625" lon="2.34314837493002414703369140625">
        <ele>45.799999237060546875</ele>
        <time>2026-05-22T11:44:45.000Z</time>
        <extensions>
          <ns3:TrackPointExtension>
            <ns3:atemp>33.0</ns3:atemp>
          </ns3:TrackPointExtension>
        </extensions>
      </trkpt>
      <trkpt lat="48.87149588204920291900634765625" lon="2.34315105713903903961181640625">
        <ele>45.799999237060546875</ele>
        <time>2026-05-22T11:44:46.000Z</time>
        <extensions>
          <ns3:TrackPointExtension>
            <ns3:atemp>33.0</ns3:atemp>
          </ns3:TrackPointExtension>
        </extensions>
      </trkpt>
      <trkpt lat="48.87155489064753055572509765625" lon="2.34314921312034130096435546875">
        <ele>46</ele>
        <time>2026-05-22T11:44:49.000Z</time>
        <extensions>
          <ns3:TrackPointExtension>
            <ns3:atemp>33.0</ns3:atemp>
          </ns3:TrackPointExtension>
        </extensions>
      </trkpt>
      <trkpt lat="48.871593363583087921142578125" lon="2.3431424237787723541259765625">
        <ele>45.799999237060546875</ele>
        <time>2026-05-22T11:44:50.000Z</time>
        <extensions>
          <ns3:TrackPointExtension>
            <ns3:atemp>33.0</ns3:atemp>
          </ns3:TrackPointExtension>
        </extensions>
      </trkpt>
      <trkpt lat="48.87163954786956310272216796875" lon="2.34314485453069210052490234375">
        <ele>45.799999237060546875</ele>
        <time>2026-05-22T11:44:51.000Z</time>
        <extensions>
          <ns3:TrackPointExtension>
            <ns3:atemp>33.0</ns3:atemp>
          </ns3:TrackPointExtension>
        </extensions>
      </trkpt>
      <trkpt lat="48.871683217585086822509765625" lon="2.343156337738037109375">
        <ele>45.799999237060546875</ele>
        <time>2026-05-22T11:44:52.000Z</time>
        <extensions>
          <ns3:TrackPointExtension>
            <ns3:atemp>33.0</ns3:atemp>
          </ns3:TrackPointExtension>
        </extensions>
      </trkpt>
      <trkpt lat="48.871736861765384674072265625" lon="2.34317134134471416473388671875">
        <ele>45.59999847412109375</ele>
        <time>2026-05-22T11:44:53.000Z</time>
        <extensions>
          <ns3:TrackPointExtension>
            <ns3:atemp>33.0</ns3:atemp>
          </ns3:TrackPointExtension>
        </extensions>
      </trkpt>
      <trkpt lat="48.87179729528725147247314453125" lon="2.343192882835865020751953125">
        <ele>45.59999847412109375</ele>
        <time>2026-05-22T11:44:54.000Z</time>
        <extensions>
          <ns3:TrackPointExtension>
            <ns3:atemp>33.0</ns3:atemp>
          </ns3:TrackPointExtension>
        </extensions>
      </trkpt>
      <trkpt lat="48.87186083011329174041748046875" lon="2.34320587478578090667724609375">
        <ele>45.40000152587890625</ele>
        <time>2026-05-22T11:44:55.000Z</time>
        <extensions>
          <ns3:TrackPointExtension>
            <ns3:atemp>33.0</ns3:atemp>
          </ns3:TrackPointExtension>
        </extensions>
      </trkpt>
      <trkpt lat="48.8719267956912517547607421875" lon="2.34321844764053821563720703125">
        <ele>45.40000152587890625</ele>
        <time>2026-05-22T11:44:56.000Z</time>
        <extensions>
          <ns3:TrackPointExtension>
            <ns3:atemp>33.0</ns3:atemp>
          </ns3:TrackPointExtension>
        </extensions>
      </trkpt>
      <trkpt lat="48.8719961978495121002197265625" lon="2.34322096221148967742919921875">
        <ele>45.200000762939453125</ele>
        <time>2026-05-22T11:44:57.000Z</time>
        <extensions>
          <ns3:TrackPointExtension>
            <ns3:atemp>33.0</ns3:atemp>
          </ns3:TrackPointExtension>
        </extensions>
      </trkpt>
      <trkpt lat="48.87206400744616985321044921875" lon="2.34321626834571361541748046875">
        <ele>45.200000762939453125</ele>
        <time>2026-05-22T11:44:58.000Z</time>
        <extensions>
          <ns3:TrackPointExtension>
            <ns3:atemp>33.0</ns3:atemp>
          </ns3:TrackPointExtension>
        </extensions>
      </trkpt>
      <trkpt lat="48.8721410371363162994384765625" lon="2.34322071075439453125">
        <ele>45.200000762939453125</ele>
        <time>2026-05-22T11:44:59.000Z</time>
        <extensions>
          <ns3:TrackPointExtension>
            <ns3:atemp>33.0</ns3:atemp>
          </ns3:TrackPointExtension>
        </extensions>
      </trkpt>
      <trkpt lat="48.87221639044582843780517578125" lon="2.343217693269252777099609375">
        <ele>45.200000762939453125</ele>
        <time>2026-05-22T11:45:00.000Z</time>
        <extensions>
          <ns3:TrackPointExtension>
            <ns3:atemp>33.0</ns3:atemp>
          </ns3:TrackPointExtension>
        </extensions>
      </trkpt>
      <trkpt lat="48.87229266576468944549560546875" lon="2.3432135023176670074462890625">
        <ele>45</ele>
        <time>2026-05-22T11:45:01.000Z</time>
        <extensions>
          <ns3:TrackPointExtension>
            <ns3:atemp>33.0</ns3:atemp>
          </ns3:TrackPointExtension>
        </extensions>
      </trkpt>
      <trkpt lat="48.87236592359840869903564453125" lon="2.34320889227092266082763671875">
        <ele>45</ele>
        <time>2026-05-22T11:45:02.000Z</time>
        <extensions>
          <ns3:TrackPointExtension>
            <ns3:atemp>33.0</ns3:atemp>
          </ns3:TrackPointExtension>
        </extensions>
      </trkpt>
      <trkpt lat="48.8724240101873874664306640625" lon="2.3432047851383686065673828125">
        <ele>44.799999237060546875</ele>
        <time>2026-05-22T11:45:03.000Z</time>
        <extensions>
          <ns3:TrackPointExtension>
            <ns3:atemp>33.0</ns3:atemp>
          </ns3:TrackPointExtension>
        </extensions>
      </trkpt>
      <trkpt lat="48.87246851809322834014892578125" lon="2.34319992363452911376953125">
        <ele>44.799999237060546875</ele>
        <time>2026-05-22T11:45:04.000Z</time>
        <extensions>
          <ns3:TrackPointExtension>
            <ns3:atemp>33.0</ns3:atemp>
          </ns3:TrackPointExtension>
        </extensions>
      </trkpt>
      <trkpt lat="48.872496597468852996826171875" lon="2.34319615177810192108154296875">
        <ele>44.59999847412109375</ele>
        <time>2026-05-22T11:45:05.000Z</time>
        <extensions>
          <ns3:TrackPointExtension>
            <ns3:atemp>33.0</ns3:atemp>
          </ns3:TrackPointExtension>
        </extensions>
      </trkpt>
      <trkpt lat="48.87251780368387699127197265625" lon="2.3431967385113239288330078125">
        <ele>44.40000152587890625</ele>
        <time>2026-05-22T11:45:06.000Z</time>
        <extensions>
          <ns3:TrackPointExtension>
            <ns3:atemp>33.0</ns3:atemp>
          </ns3:TrackPointExtension>
        </extensions>
      </trkpt>
      <trkpt lat="48.87253255583345890045166015625" lon="2.34319950453937053680419921875">
        <ele>44.40000152587890625</ele>
        <time>2026-05-22T11:45:07.000Z</time>
        <extensions>
          <ns3:TrackPointExtension>
            <ns3:atemp>33.0</ns3:atemp>
          </ns3:TrackPointExtension>
        </extensions>
      </trkpt>
      <trkpt lat="48.872553594410419464111328125" lon="2.34319732524454593658447265625">
        <ele>44.200000762939453125</ele>
        <time>2026-05-22T11:45:08.000Z</time>
        <extensions>
          <ns3:TrackPointExtension>
            <ns3:atemp>33.0</ns3:atemp>
          </ns3:TrackPointExtension>
        </extensions>
      </trkpt>
      <trkpt lat="48.87257597409188747406005859375" lon="2.343203611671924591064453125">
        <ele>44.200000762939453125</ele>
        <time>2026-05-22T11:45:09.000Z</time>
        <extensions>
          <ns3:TrackPointExtension>
            <ns3:atemp>33.0</ns3:atemp>
          </ns3:TrackPointExtension>
        </extensions>
      </trkpt>
      <trkpt lat="48.87260396964848041534423828125" lon="2.34320185147225856781005859375">
        <ele>44.200000762939453125</ele>
        <time>2026-05-22T11:45:10.000Z</time>
        <extensions>
          <ns3:TrackPointExtension>
            <ns3:atemp>33.0</ns3:atemp>
          </ns3:TrackPointExtension>
        </extensions>
      </trkpt>
      <trkpt lat="48.8726365752518177032470703125" lon="2.343196570873260498046875">
        <ele>44.200000762939453125</ele>
        <time>2026-05-22T11:45:11.000Z</time>
        <extensions>
          <ns3:TrackPointExtension>
            <ns3:atemp>33.0</ns3:atemp>
          </ns3:TrackPointExtension>
        </extensions>
      </trkpt>
      <trkpt lat="48.87267605401575565338134765625" lon="2.3431890271604061126708984375">
        <ele>44.200000762939453125</ele>
        <time>2026-05-22T11:45:12.000Z</time>
        <extensions>
          <ns3:TrackPointExtension>
            <ns3:atemp>33.0</ns3:atemp>
          </ns3:TrackPointExtension>
        </extensions>
      </trkpt>
      <trkpt lat="48.8727197237312793731689453125" lon="2.34317871741950511932373046875">
        <ele>44.200000762939453125</ele>
        <time>2026-05-22T11:45:13.000Z</time>
        <extensions>
          <ns3:TrackPointExtension>
            <ns3:atemp>33.0</ns3:atemp>
          </ns3:TrackPointExtension>
        </extensions>
      </trkpt>
      <trkpt lat="48.87276574037969112396240234375" lon="2.34315759502351284027099609375">
        <ele>44.200000762939453125</ele>
        <time>2026-05-22T11:45:14.000Z</time>
        <extensions>
          <ns3:TrackPointExtension>
            <ns3:atemp>33.0</ns3:atemp>
          </ns3:TrackPointExtension>
        </extensions>
      </trkpt>
      <trkpt lat="48.8728219829499721527099609375" lon="2.34312725253403186798095703125">
        <ele>44.200000762939453125</ele>
        <time>2026-05-22T11:45:15.000Z</time>
        <extensions>
          <ns3:TrackPointExtension>
            <ns3:atemp>33.0</ns3:atemp>
          </ns3:TrackPointExtension>
        </extensions>
      </trkpt>
      <trkpt lat="48.87286799959838390350341796875" lon="2.34308919869363307952880859375">
        <ele>44.200000762939453125</ele>
        <time>2026-05-22T11:45:16.000Z</time>
        <extensions>
          <ns3:TrackPointExtension>
            <ns3:atemp>33.0</ns3:atemp>
          </ns3:TrackPointExtension>
        </extensions>
      </trkpt>
      <trkpt lat="48.87291041202843189239501953125" lon="2.34305801801383495330810546875">
        <ele>44.200000762939453125</ele>
        <time>2026-05-22T11:45:17.000Z</time>
        <extensions>
          <ns3:TrackPointExtension>
            <ns3:atemp>33.0</ns3:atemp>
          </ns3:TrackPointExtension>
        </extensions>
      </trkpt>
      <trkpt lat="48.87295131571590900421142578125" lon="2.34304762445390224456787109375">
        <ele>44.200000762939453125</ele>
        <time>2026-05-22T11:45:18.000Z</time>
        <extensions>
          <ns3:TrackPointExtension>
            <ns3:atemp>33.0</ns3:atemp>
          </ns3:TrackPointExtension>
        </extensions>
      </trkpt>
      <trkpt lat="48.873005546629428863525390625" lon="2.343068830668926239013671875">
        <ele>44.200000762939453125</ele>
        <time>2026-05-22T11:45:19.000Z</time>
        <extensions>
          <ns3:TrackPointExtension>
            <ns3:atemp>33.0</ns3:atemp>
          </ns3:TrackPointExtension>
        </extensions>
      </trkpt>
      <trkpt lat="48.8730539940297603607177734375" lon="2.34307712875306606292724609375">
        <ele>44</ele>
        <time>2026-05-22T11:45:20.000Z</time>
        <extensions>
          <ns3:TrackPointExtension>
            <ns3:atemp>33.0</ns3:atemp>
          </ns3:TrackPointExtension>
        </extensions>
      </trkpt>
      <trkpt lat="48.8730999268591403961181640625" lon="2.34308232553303241729736328125">
        <ele>44</ele>
        <time>2026-05-22T11:45:21.000Z</time>
        <extensions>
          <ns3:TrackPointExtension>
            <ns3:atemp>33.0</ns3:atemp>
          </ns3:TrackPointExtension>
        </extensions>
      </trkpt>
      <trkpt lat="48.87314845807850360870361328125" lon="2.3430691659450531005859375">
        <ele>44</ele>
        <time>2026-05-22T11:45:22.000Z</time>
        <extensions>
          <ns3:TrackPointExtension>
            <ns3:atemp>33.0</ns3:atemp>
          </ns3:TrackPointExtension>
        </extensions>
      </trkpt>
      <trkpt lat="48.87320428155362606048583984375" lon="2.34305198304355144500732421875">
        <ele>43.799999237060546875</ele>
        <time>2026-05-22T11:45:23.000Z</time>
        <extensions>
          <ns3:TrackPointExtension>
            <ns3:atemp>33.0</ns3:atemp>
          </ns3:TrackPointExtension>
        </extensions>
      </trkpt>
      <trkpt lat="48.87326563708484172821044921875" lon="2.34303521923720836639404296875">
        <ele>43.799999237060546875</ele>
        <time>2026-05-22T11:45:24.000Z</time>
        <extensions>
          <ns3:TrackPointExtension>
            <ns3:atemp>33.0</ns3:atemp>
          </ns3:TrackPointExtension>
        </extensions>
      </trkpt>
      <trkpt lat="48.8733577542006969451904296875" lon="2.34299079515039920806884765625">
        <ele>43.59999847412109375</ele>
        <time>2026-05-22T11:45:25.000Z</time>
        <extensions>
          <ns3:TrackPointExtension>
            <ns3:atemp>33.0</ns3:atemp>
          </ns3:TrackPointExtension>
        </extensions>
      </trkpt>
      <trkpt lat="48.8734388910233974456787109375" lon="2.34295005910098552703857421875">
        <ele>43.59999847412109375</ele>
        <time>2026-05-22T11:45:26.000Z</time>
        <extensions>
          <ns3:TrackPointExtension>
            <ns3:atemp>33.0</ns3:atemp>
          </ns3:TrackPointExtension>
        </extensions>
      </trkpt>
      <trkpt lat="48.873516507446765899658203125" lon="2.34289574436843395233154296875">
        <ele>43.59999847412109375</ele>
        <time>2026-05-22T11:45:27.000Z</time>
        <extensions>
          <ns3:TrackPointExtension>
            <ns3:atemp>33.0</ns3:atemp>
          </ns3:TrackPointExtension>
        </extensions>
      </trkpt>
      <trkpt lat="48.87358783744275569915771484375" lon="2.34283204190433025360107421875">
        <ele>43.59999847412109375</ele>
        <time>2026-05-22T11:45:28.000Z</time>
        <extensions>
          <ns3:TrackPointExtension>
            <ns3:atemp>33.0</ns3:atemp>
          </ns3:TrackPointExtension>
        </extensions>
      </trkpt>
      <trkpt lat="48.8736564852297306060791015625" lon="2.34276616014540195465087890625">
        <ele>43.59999847412109375</ele>
        <time>2026-05-22T11:45:29.000Z</time>
        <extensions>
          <ns3:TrackPointExtension>
            <ns3:atemp>33.0</ns3:atemp>
          </ns3:TrackPointExtension>
        </extensions>
      </trkpt>
      <trkpt lat="48.87371876277029514312744140625" lon="2.342698685824871063232421875">
        <ele>43.40000152587890625</ele>
        <time>2026-05-22T11:45:30.000Z</time>
        <extensions>
          <ns3:TrackPointExtension>
            <ns3:atemp>33.0</ns3:atemp>
          </ns3:TrackPointExtension>
        </extensions>
      </trkpt>
      <trkpt lat="48.87378036975860595703125" lon="2.3426266014575958251953125">
        <ele>43.200000762939453125</ele>
        <time>2026-05-22T11:45:31.000Z</time>
        <extensions>
          <ns3:TrackPointExtension>
            <ns3:atemp>33.0</ns3:atemp>
          </ns3:TrackPointExtension>
        </extensions>
      </trkpt>
      <trkpt lat="48.8738314993679523468017578125" lon="2.34256264753639698028564453125">
        <ele>43</ele>
        <time>2026-05-22T11:45:32.000Z</time>
        <extensions>
          <ns3:TrackPointExtension>
            <ns3:atemp>33.0</ns3:atemp>
          </ns3:TrackPointExtension>
        </extensions>
      </trkpt>
      <trkpt lat="48.873879276216030120849609375" lon="2.3425094224512577056884765625">
        <ele>42.799999237060546875</ele>
        <time>2026-05-22T11:45:33.000Z</time>
        <extensions>
          <ns3:TrackPointExtension>
            <ns3:atemp>33.0</ns3:atemp>
          </ns3:TrackPointExtension>
        </extensions>
      </trkpt>
      <trkpt lat="48.87391003780066967010498046875" lon="2.3424728773534297943115234375">
        <ele>42.59999847412109375</ele>
        <time>2026-05-22T11:45:34.000Z</time>
        <extensions>
          <ns3:TrackPointExtension>
            <ns3:atemp>33.0</ns3:atemp>
          </ns3:TrackPointExtension>
        </extensions>
      </trkpt>
      <trkpt lat="48.87393116019666194915771484375" lon="2.34244764782488346099853515625">
        <ele>42.40000152587890625</ele>
        <time>2026-05-22T11:45:35.000Z</time>
        <extensions>
          <ns3:TrackPointExtension>
            <ns3:atemp>33.0</ns3:atemp>
          </ns3:TrackPointExtension>
        </extensions>
      </trkpt>
      <trkpt lat="48.87395429424941539764404296875" lon="2.3424323089420795440673828125">
        <ele>42.200000762939453125</ele>
        <time>2026-05-22T11:45:36.000Z</time>
        <extensions>
          <ns3:TrackPointExtension>
            <ns3:atemp>33.0</ns3:atemp>
          </ns3:TrackPointExtension>
        </extensions>
      </trkpt>
      <trkpt lat="48.873963765799999237060546875" lon="2.3424289561808109283447265625">
        <ele>42.200000762939453125</ele>
        <time>2026-05-22T11:45:37.000Z</time>
        <extensions>
          <ns3:TrackPointExtension>
            <ns3:atemp>33.0</ns3:atemp>
          </ns3:TrackPointExtension>
        </extensions>
      </trkpt>
      <trkpt lat="48.87397625483572483062744140625" lon="2.34242476522922515869140625">
        <ele>42.200000762939453125</ele>
        <time>2026-05-22T11:45:38.000Z</time>
        <extensions>
          <ns3:TrackPointExtension>
            <ns3:atemp>33.0</ns3:atemp>
          </ns3:TrackPointExtension>
        </extensions>
      </trkpt>
      <trkpt lat="48.8739739917218685150146484375" lon="2.34242216683924198150634765625">
        <ele>42.40000152587890625</ele>
        <time>2026-05-22T11:45:39.000Z</time>
        <extensions>
          <ns3:TrackPointExtension>
            <ns3:atemp>33.0</ns3:atemp>
          </ns3:TrackPointExtension>
        </extensions>
      </trkpt>
      <trkpt lat="48.87397206388413906097412109375" lon="2.34242971055209636688232421875">
        <ele>42.40000152587890625</ele>
        <time>2026-05-22T11:45:40.000Z</time>
        <extensions>
          <ns3:TrackPointExtension>
            <ns3:atemp>33.0</ns3:atemp>
          </ns3:TrackPointExtension>
        </extensions>
      </trkpt>
      <trkpt lat="48.87400366365909576416015625" lon="2.34239651821553707122802734375">
        <ele>41.59999847412109375</ele>
        <time>2026-05-22T11:46:01.000Z</time>
        <extensions>
          <ns3:TrackPointExtension>
            <ns3:atemp>33.0</ns3:atemp>
          </ns3:TrackPointExtension>
        </extensions>
      </trkpt>
      <trkpt lat="48.87402822263538837432861328125" lon="2.34236500225961208343505859375">
        <ele>41.59999847412109375</ele>
        <time>2026-05-22T11:46:02.000Z</time>
        <extensions>
          <ns3:TrackPointExtension>
            <ns3:atemp>33.0</ns3:atemp>
          </ns3:TrackPointExtension>
        </extensions>
      </trkpt>
      <trkpt lat="48.8740568049252033233642578125" lon="2.3423256911337375640869140625">
        <ele>41.59999847412109375</ele>
        <time>2026-05-22T11:46:03.000Z</time>
        <extensions>
          <ns3:TrackPointExtension>
            <ns3:atemp>33.0</ns3:atemp>
          </ns3:TrackPointExtension>
        </extensions>
      </trkpt>
      <trkpt lat="48.87409058399498462677001953125" lon="2.3422740586102008819580078125">
        <ele>41.59999847412109375</ele>
        <time>2026-05-22T11:46:04.000Z</time>
        <extensions>
          <ns3:TrackPointExtension>
            <ns3:atemp>33.0</ns3:atemp>
          </ns3:TrackPointExtension>
        </extensions>
      </trkpt>
      <trkpt lat="48.874123357236385345458984375" lon="2.342216558754444122314453125">
        <ele>41.59999847412109375</ele>
        <time>2026-05-22T11:46:05.000Z</time>
        <extensions>
          <ns3:TrackPointExtension>
            <ns3:atemp>33.0</ns3:atemp>
          </ns3:TrackPointExtension>
        </extensions>
      </trkpt>
      <trkpt lat="48.87416325509548187255859375" lon="2.3421654291450977325439453125">
        <ele>41.59999847412109375</ele>
        <time>2026-05-22T11:46:06.000Z</time>
        <extensions>
          <ns3:TrackPointExtension>
            <ns3:atemp>33.0</ns3:atemp>
          </ns3:TrackPointExtension>
        </extensions>
      </trkpt>
      <trkpt lat="48.8742049969732761383056640625" lon="2.34210566617548465728759765625">
        <ele>41.799999237060546875</ele>
        <time>2026-05-22T11:46:07.000Z</time>
        <extensions>
          <ns3:TrackPointExtension>
            <ns3:atemp>34.0</ns3:atemp>
          </ns3:TrackPointExtension>
        </extensions>
      </trkpt>
      <trkpt lat="48.87425134889781475067138671875" lon="2.34204280190169811248779296875">
        <ele>42</ele>
        <time>2026-05-22T11:46:08.000Z</time>
        <extensions>
          <ns3:TrackPointExtension>
            <ns3:atemp>34.0</ns3:atemp>
          </ns3:TrackPointExtension>
        </extensions>
      </trkpt>
      <trkpt lat="48.87429996393620967864990234375" lon="2.341979183256626129150390625">
        <ele>42.200000762939453125</ele>
        <time>2026-05-22T11:46:09.000Z</time>
        <extensions>
          <ns3:TrackPointExtension>
            <ns3:atemp>34.0</ns3:atemp>
          </ns3:TrackPointExtension>
        </extensions>
      </trkpt>
      <trkpt lat="48.874347321689128875732421875" lon="2.341913469135761260986328125">
        <ele>42.40000152587890625</ele>
        <time>2026-05-22T11:46:10.000Z</time>
        <extensions>
          <ns3:TrackPointExtension>
            <ns3:atemp>34.0</ns3:atemp>
          </ns3:TrackPointExtension>
        </extensions>
      </trkpt>
      <trkpt lat="48.8743934221565723419189453125" lon="2.34184817411005496978759765625">
        <ele>42.40000152587890625</ele>
        <time>2026-05-22T11:46:11.000Z</time>
        <extensions>
          <ns3:TrackPointExtension>
            <ns3:atemp>34.0</ns3:atemp>
          </ns3:TrackPointExtension>
        </extensions>
      </trkpt>
      <trkpt lat="48.87443675659596920013427734375" lon="2.34177558682858943939208984375">
        <ele>42.40000152587890625</ele>
        <time>2026-05-22T11:46:12.000Z</time>
        <extensions>
          <ns3:TrackPointExtension>
            <ns3:atemp>34.0</ns3:atemp>
          </ns3:TrackPointExtension>
        </extensions>
      </trkpt>
      <trkpt lat="48.87448335997760295867919921875" lon="2.3417119681835174560546875">
        <ele>42.40000152587890625</ele>
        <time>2026-05-22T11:46:13.000Z</time>
        <extensions>
          <ns3:TrackPointExtension>
            <ns3:atemp>34.0</ns3:atemp>
          </ns3:TrackPointExtension>
        </extensions>
      </trkpt>
      <trkpt lat="48.87452862225472927093505859375" lon="2.34164818190038204193115234375">
        <ele>42.40000152587890625</ele>
        <time>2026-05-22T11:46:14.000Z</time>
        <extensions>
          <ns3:TrackPointExtension>
            <ns3:atemp>34.0</ns3:atemp>
          </ns3:TrackPointExtension>
        </extensions>
      </trkpt>
      <trkpt lat="48.874573297798633575439453125" lon="2.3415843956172466278076171875">
        <ele>42.40000152587890625</ele>
        <time>2026-05-22T11:46:15.000Z</time>
        <extensions>
          <ns3:TrackPointExtension>
            <ns3:atemp>34.0</ns3:atemp>
          </ns3:TrackPointExtension>
        </extensions>
      </trkpt>
      <trkpt lat="48.87461931444704532623291015625" lon="2.34151625074446201324462890625">
        <ele>42.40000152587890625</ele>
        <time>2026-05-22T11:46:16.000Z</time>
        <extensions>
          <ns3:TrackPointExtension>
            <ns3:atemp>34.0</ns3:atemp>
          </ns3:TrackPointExtension>
        </extensions>
      </trkpt>
      <trkpt lat="48.8746636547148227691650390625" lon="2.34144785441458225250244140625">
        <ele>42.40000152587890625</ele>
        <time>2026-05-22T11:46:17.000Z</time>
        <extensions>
          <ns3:TrackPointExtension>
            <ns3:atemp>34.0</ns3:atemp>
          </ns3:TrackPointExtension>
        </extensions>
      </trkpt>
      <trkpt lat="48.87470883317291736602783203125" lon="2.341377697885036468505859375">
        <ele>42.40000152587890625</ele>
        <time>2026-05-22T11:46:18.000Z</time>
        <extensions>
          <ns3:TrackPointExtension>
            <ns3:atemp>34.0</ns3:atemp>
          </ns3:TrackPointExtension>
        </extensions>
      </trkpt>
      <trkpt lat="48.87475526891648769378662109375" lon="2.34131407923996448516845703125">
        <ele>42.40000152587890625</ele>
        <time>2026-05-22T11:46:19.000Z</time>
        <extensions>
          <ns3:TrackPointExtension>
            <ns3:atemp>34.0</ns3:atemp>
          </ns3:TrackPointExtension>
        </extensions>
      </trkpt>
      <trkpt lat="48.87480220757424831390380859375" lon="2.34124987386167049407958984375">
        <ele>42.40000152587890625</ele>
        <time>2026-05-22T11:46:20.000Z</time>
        <extensions>
          <ns3:TrackPointExtension>
            <ns3:atemp>34.0</ns3:atemp>
          </ns3:TrackPointExtension>
        </extensions>
      </trkpt>
      <trkpt lat="48.87484780512750148773193359375" lon="2.3411904461681842803955078125">
        <ele>42.40000152587890625</ele>
        <time>2026-05-22T11:46:21.000Z</time>
        <extensions>
          <ns3:TrackPointExtension>
            <ns3:atemp>34.0</ns3:atemp>
          </ns3:TrackPointExtension>
        </extensions>
      </trkpt>
      <trkpt lat="48.87488552369177341461181640625" lon="2.3411379754543304443359375">
        <ele>42.40000152587890625</ele>
        <time>2026-05-22T11:46:22.000Z</time>
        <extensions>
          <ns3:TrackPointExtension>
            <ns3:atemp>34.0</ns3:atemp>
          </ns3:TrackPointExtension>
        </extensions>
      </trkpt>
      <trkpt lat="48.87491402216255664825439453125" lon="2.34108273871243000030517578125">
        <ele>42.59999847412109375</ele>
        <time>2026-05-22T11:46:23.000Z</time>
        <extensions>
          <ns3:TrackPointExtension>
            <ns3:atemp>34.0</ns3:atemp>
          </ns3:TrackPointExtension>
        </extensions>
      </trkpt>
      <trkpt lat="48.87493330053985118865966796875" lon="2.3410580120980739593505859375">
        <ele>42.59999847412109375</ele>
        <time>2026-05-22T11:46:24.000Z</time>
        <extensions>
          <ns3:TrackPointExtension>
            <ns3:atemp>34.0</ns3:atemp>
          </ns3:TrackPointExtension>
        </extensions>
      </trkpt>
      <trkpt lat="48.8749540038406848907470703125" lon="2.341034375131130218505859375">
        <ele>42.59999847412109375</ele>
        <time>2026-05-22T11:46:25.000Z</time>
        <extensions>
          <ns3:TrackPointExtension>
            <ns3:atemp>34.0</ns3:atemp>
          </ns3:TrackPointExtension>
        </extensions>
      </trkpt>
      <trkpt lat="48.87497889809310436248779296875" lon="2.34103177674114704132080078125">
        <ele>42.799999237060546875</ele>
        <time>2026-05-22T11:46:26.000Z</time>
        <extensions>
          <ns3:TrackPointExtension>
            <ns3:atemp>34.0</ns3:atemp>
          </ns3:TrackPointExtension>
        </extensions>
      </trkpt>
      <trkpt lat="48.8750032894313335418701171875" lon="2.34103135764598846435546875">
        <ele>42.799999237060546875</ele>
        <time>2026-05-22T11:46:27.000Z</time>
        <extensions>
          <ns3:TrackPointExtension>
            <ns3:atemp>34.0</ns3:atemp>
          </ns3:TrackPointExtension>
        </extensions>
      </trkpt>
      <trkpt lat="48.8750284351408481597900390625" lon="2.3410358838737010955810546875">
        <ele>43</ele>
        <time>2026-05-22T11:46:28.000Z</time>
        <extensions>
          <ns3:TrackPointExtension>
            <ns3:atemp>34.0</ns3:atemp>
          </ns3:TrackPointExtension>
        </extensions>
      </trkpt>
      <trkpt lat="48.8750445283949375152587890625" lon="2.34103739261627197265625">
        <ele>43</ele>
        <time>2026-05-22T11:46:29.000Z</time>
        <extensions>
          <ns3:TrackPointExtension>
            <ns3:atemp>34.0</ns3:atemp>
          </ns3:TrackPointExtension>
        </extensions>
      </trkpt>
      <trkpt lat="48.8750582747161388397216796875" lon="2.34104476869106292724609375">
        <ele>43.200000762939453125</ele>
        <time>2026-05-22T11:46:30.000Z</time>
        <extensions>
          <ns3:TrackPointExtension>
            <ns3:atemp>34.0</ns3:atemp>
          </ns3:TrackPointExtension>
        </extensions>
      </trkpt>
      <trkpt lat="48.87505869381129741668701171875" lon="2.34104485251009464263916015625">
        <ele>43.200000762939453125</ele>
        <time>2026-05-22T11:46:31.000Z</time>
        <extensions>
          <ns3:TrackPointExtension>
            <ns3:atemp>34.0</ns3:atemp>
          </ns3:TrackPointExtension>
        </extensions>
      </trkpt>
      <trkpt lat="48.875082246959209442138671875" lon="2.34104183502495288848876953125">
        <ele>43.40000152587890625</ele>
        <time>2026-05-22T11:46:32.000Z</time>
        <extensions>
          <ns3:TrackPointExtension>
            <ns3:atemp>34.0</ns3:atemp>
          </ns3:TrackPointExtension>
        </extensions>
      </trkpt>
      <trkpt lat="48.87510261498391628265380859375" lon="2.3410355485975742340087890625">
        <ele>43.40000152587890625</ele>
        <time>2026-05-22T11:46:33.000Z</time>
        <extensions>
          <ns3:TrackPointExtension>
            <ns3:atemp>34.0</ns3:atemp>
          </ns3:TrackPointExtension>
        </extensions>
      </trkpt>
      <trkpt lat="48.87511543929576873779296875" lon="2.34102859161794185638427734375">
        <ele>43.40000152587890625</ele>
        <time>2026-05-22T11:46:34.000Z</time>
        <extensions>
          <ns3:TrackPointExtension>
            <ns3:atemp>34.0</ns3:atemp>
          </ns3:TrackPointExtension>
        </extensions>
      </trkpt>
      <trkpt lat="48.87512474320828914642333984375" lon="2.34101249836385250091552734375">
        <ele>43.59999847412109375</ele>
        <time>2026-05-22T11:46:35.000Z</time>
        <extensions>
          <ns3:TrackPointExtension>
            <ns3:atemp>34.0</ns3:atemp>
          </ns3:TrackPointExtension>
        </extensions>
      </trkpt>
      <trkpt lat="48.875131197273731231689453125" lon="2.3409877717494964599609375">
        <ele>43.59999847412109375</ele>
        <time>2026-05-22T11:46:36.000Z</time>
        <extensions>
          <ns3:TrackPointExtension>
            <ns3:atemp>34.0</ns3:atemp>
          </ns3:TrackPointExtension>
        </extensions>
      </trkpt>
      <trkpt lat="48.87513362802565097808837890625" lon="2.34096723608672618865966796875">
        <ele>43.40000152587890625</ele>
        <time>2026-05-22T11:46:37.000Z</time>
        <extensions>
          <ns3:TrackPointExtension>
            <ns3:atemp>34.0</ns3:atemp>
          </ns3:TrackPointExtension>
        </extensions>
      </trkpt>
      <trkpt lat="48.87513815425336360931396484375" lon="2.3409544117748737335205078125">
        <ele>43.40000152587890625</ele>
        <time>2026-05-22T11:46:38.000Z</time>
        <extensions>
          <ns3:TrackPointExtension>
            <ns3:atemp>34.0</ns3:atemp>
          </ns3:TrackPointExtension>
        </extensions>
      </trkpt>
      <trkpt lat="48.8751357235014438629150390625" lon="2.340935803949832916259765625">
        <ele>43.40000152587890625</ele>
        <time>2026-05-22T11:46:39.000Z</time>
        <extensions>
          <ns3:TrackPointExtension>
            <ns3:atemp>34.0</ns3:atemp>
          </ns3:TrackPointExtension>
        </extensions>
      </trkpt>
      <trkpt lat="48.8751229830086231231689453125" lon="2.3409074731171131134033203125">
        <ele>43.200000762939453125</ele>
        <time>2026-05-22T11:46:40.000Z</time>
        <extensions>
          <ns3:TrackPointExtension>
            <ns3:atemp>34.0</ns3:atemp>
          </ns3:TrackPointExtension>
        </extensions>
      </trkpt>
      <trkpt lat="48.875101692974567413330078125" lon="2.34086564742028713226318359375">
        <ele>43.200000762939453125</ele>
        <time>2026-05-22T11:46:41.000Z</time>
        <extensions>
          <ns3:TrackPointExtension>
            <ns3:atemp>34.0</ns3:atemp>
          </ns3:TrackPointExtension>
        </extensions>
      </trkpt>
      <trkpt lat="48.87508618645370006561279296875" lon="2.3408067226409912109375">
        <ele>43</ele>
        <time>2026-05-22T11:46:42.000Z</time>
        <extensions>
          <ns3:TrackPointExtension>
            <ns3:atemp>34.0</ns3:atemp>
          </ns3:TrackPointExtension>
        </extensions>
      </trkpt>
      <trkpt lat="48.875068835914134979248046875" lon="2.34073773957788944244384765625">
        <ele>43</ele>
        <time>2026-05-22T11:46:43.000Z</time>
        <extensions>
          <ns3:TrackPointExtension>
            <ns3:atemp>34.0</ns3:atemp>
          </ns3:TrackPointExtension>
        </extensions>
      </trkpt>
      <trkpt lat="48.87504578568041324615478515625" lon="2.3406499810516834259033203125">
        <ele>43</ele>
        <time>2026-05-22T11:46:44.000Z</time>
        <extensions>
          <ns3:TrackPointExtension>
            <ns3:atemp>34.0</ns3:atemp>
          </ns3:TrackPointExtension>
        </extensions>
      </trkpt>
      <trkpt lat="48.87502885423600673675537109375" lon="2.340553589165210723876953125">
        <ele>43</ele>
        <time>2026-05-22T11:46:45.000Z</time>
        <extensions>
          <ns3:TrackPointExtension>
            <ns3:atemp>34.0</ns3:atemp>
          </ns3:TrackPointExtension>
        </extensions>
      </trkpt>
      <trkpt lat="48.8750128448009490966796875" lon="2.3404528386890888214111328125">
        <ele>43</ele>
        <time>2026-05-22T11:46:46.000Z</time>
        <extensions>
          <ns3:TrackPointExtension>
            <ns3:atemp>34.0</ns3:atemp>
          </ns3:TrackPointExtension>
        </extensions>
      </trkpt>
      <trkpt lat="48.87498610652983188629150390625" lon="2.34035812318325042724609375">
        <ele>43.200000762939453125</ele>
        <time>2026-05-22T11:46:47.000Z</time>
        <extensions>
          <ns3:TrackPointExtension>
            <ns3:atemp>34.0</ns3:atemp>
          </ns3:TrackPointExtension>
        </extensions>
      </trkpt>
      <trkpt lat="48.87495853006839752197265625" lon="2.34027229249477386474609375">
        <ele>43.200000762939453125</ele>
        <time>2026-05-22T11:46:48.000Z</time>
        <extensions>
          <ns3:TrackPointExtension>
            <ns3:atemp>34.0</ns3:atemp>
          </ns3:TrackPointExtension>
        </extensions>
      </trkpt>
      <trkpt lat="48.87493346817791461944580078125" lon="2.34018436633050441741943359375">
        <ele>43.40000152587890625</ele>
        <time>2026-05-22T11:46:49.000Z</time>
        <extensions>
          <ns3:TrackPointExtension>
            <ns3:atemp>34.0</ns3:atemp>
          </ns3:TrackPointExtension>
        </extensions>
      </trkpt>
      <trkpt lat="48.87490849010646343231201171875" lon="2.3400961048901081085205078125">
        <ele>43.59999847412109375</ele>
        <time>2026-05-22T11:46:50.000Z</time>
        <extensions>
          <ns3:TrackPointExtension>
            <ns3:atemp>34.0</ns3:atemp>
          </ns3:TrackPointExtension>
        </extensions>
      </trkpt>
      <trkpt lat="48.87487948872148990631103515625" lon="2.34000549651682376861572265625">
        <ele>43.59999847412109375</ele>
        <time>2026-05-22T11:46:51.000Z</time>
        <extensions>
          <ns3:TrackPointExtension>
            <ns3:atemp>34.0</ns3:atemp>
          </ns3:TrackPointExtension>
        </extensions>
      </trkpt>
      <trkpt lat="48.87485467828810214996337890625" lon="2.33992016874253749847412109375">
        <ele>43.799999237060546875</ele>
        <time>2026-05-22T11:46:52.000Z</time>
        <extensions>
          <ns3:TrackPointExtension>
            <ns3:atemp>34.0</ns3:atemp>
          </ns3:TrackPointExtension>
        </extensions>
      </trkpt>
      <trkpt lat="48.87482785619795322418212890625" lon="2.33983651734888553619384765625">
        <ele>43.799999237060546875</ele>
        <time>2026-05-22T11:46:53.000Z</time>
        <extensions>
          <ns3:TrackPointExtension>
            <ns3:atemp>34.0</ns3:atemp>
          </ns3:TrackPointExtension>
        </extensions>
      </trkpt>
      <trkpt lat="48.87480807490646839141845703125" lon="2.339757978916168212890625">
        <ele>43.799999237060546875</ele>
        <time>2026-05-22T11:46:54.000Z</time>
        <extensions>
          <ns3:TrackPointExtension>
            <ns3:atemp>34.0</ns3:atemp>
          </ns3:TrackPointExtension>
        </extensions>
      </trkpt>
      <trkpt lat="48.87479248456656932830810546875" lon="2.339693605899810791015625">
        <ele>43.59999847412109375</ele>
        <time>2026-05-22T11:46:55.000Z</time>
        <extensions>
          <ns3:TrackPointExtension>
            <ns3:atemp>34.0</ns3:atemp>
          </ns3:TrackPointExtension>
        </extensions>
      </trkpt>
      <trkpt lat="48.87478192336857318878173828125" lon="2.33964423649013042449951171875">
        <ele>43.59999847412109375</ele>
        <time>2026-05-22T11:46:56.000Z</time>
        <extensions>
          <ns3:TrackPointExtension>
            <ns3:atemp>34.0</ns3:atemp>
          </ns3:TrackPointExtension>
        </extensions>
      </trkpt>
      <trkpt lat="48.87477404437959194183349609375" lon="2.33962143771350383758544921875">
        <ele>43.40000152587890625</ele>
        <time>2026-05-22T11:46:57.000Z</time>
        <extensions>
          <ns3:TrackPointExtension>
            <ns3:atemp>34.0</ns3:atemp>
          </ns3:TrackPointExtension>
        </extensions>
      </trkpt>
      <trkpt lat="48.874767757952213287353515625" lon="2.3395962081849575042724609375">
        <ele>43.40000152587890625</ele>
        <time>2026-05-22T11:46:58.000Z</time>
        <extensions>
          <ns3:TrackPointExtension>
            <ns3:atemp>34.0</ns3:atemp>
          </ns3:TrackPointExtension>
        </extensions>
      </trkpt>
      <trkpt lat="48.87476272881031036376953125" lon="2.33956980518996715545654296875">
        <ele>43.200000762939453125</ele>
        <time>2026-05-22T11:46:59.000Z</time>
        <extensions>
          <ns3:TrackPointExtension>
            <ns3:atemp>34.0</ns3:atemp>
          </ns3:TrackPointExtension>
        </extensions>
      </trkpt>
      <trkpt lat="48.87476406991481781005859375" lon="2.33955287374556064605712890625">
        <ele>43.200000762939453125</ele>
        <time>2026-05-22T11:47:00.000Z</time>
        <extensions>
          <ns3:TrackPointExtension>
            <ns3:atemp>34.0</ns3:atemp>
          </ns3:TrackPointExtension>
        </extensions>
      </trkpt>
      <trkpt lat="48.87476130388677120208740234375" lon="2.3395402170717716217041015625">
        <ele>43</ele>
        <time>2026-05-22T11:47:01.000Z</time>
        <extensions>
          <ns3:TrackPointExtension>
            <ns3:atemp>34.0</ns3:atemp>
          </ns3:TrackPointExtension>
        </extensions>
      </trkpt>
      <trkpt lat="48.87475728057324886322021484375" lon="2.3395304940640926361083984375">
        <ele>43</ele>
        <time>2026-05-22T11:47:02.000Z</time>
        <extensions>
          <ns3:TrackPointExtension>
            <ns3:atemp>34.0</ns3:atemp>
          </ns3:TrackPointExtension>
        </extensions>
      </trkpt>
      <trkpt lat="48.87475677765905857086181640625" lon="2.33951859176158905029296875">
        <ele>43</ele>
        <time>2026-05-22T11:47:03.000Z</time>
        <extensions>
          <ns3:TrackPointExtension>
            <ns3:atemp>34.0</ns3:atemp>
          </ns3:TrackPointExtension>
        </extensions>
      </trkpt>
      <trkpt lat="48.87475828640162944793701171875" lon="2.339494116604328155517578125">
        <ele>43</ele>
        <time>2026-05-22T11:47:04.000Z</time>
        <extensions>
          <ns3:TrackPointExtension>
            <ns3:atemp>34.0</ns3:atemp>
          </ns3:TrackPointExtension>
        </extensions>
      </trkpt>
      <trkpt lat="48.874749653041362762451171875" lon="2.33946385793387889862060546875">
        <ele>43</ele>
        <time>2026-05-22T11:47:05.000Z</time>
        <extensions>
          <ns3:TrackPointExtension>
            <ns3:atemp>34.0</ns3:atemp>
          </ns3:TrackPointExtension>
        </extensions>
      </trkpt>
      <trkpt lat="48.87473322451114654541015625" lon="2.3394392989575862884521484375">
        <ele>43</ele>
        <time>2026-05-22T11:47:06.000Z</time>
        <extensions>
          <ns3:TrackPointExtension>
            <ns3:atemp>34.0</ns3:atemp>
          </ns3:TrackPointExtension>
        </extensions>
      </trkpt>
      <trkpt lat="48.8747193105518817901611328125" lon="2.3394232057034969329833984375">
        <ele>43</ele>
        <time>2026-05-22T11:47:07.000Z</time>
        <extensions>
          <ns3:TrackPointExtension>
            <ns3:atemp>34.0</ns3:atemp>
          </ns3:TrackPointExtension>
        </extensions>
      </trkpt>
      <trkpt lat="48.87470715679228305816650390625" lon="2.33939521014690399169921875">
        <ele>43.200000762939453125</ele>
        <time>2026-05-22T11:47:08.000Z</time>
        <extensions>
          <ns3:TrackPointExtension>
            <ns3:atemp>34.0</ns3:atemp>
          </ns3:TrackPointExtension>
        </extensions>
      </trkpt>
      <trkpt lat="48.87469575740396976470947265625" lon="2.3393474332988262176513671875">
        <ele>43.200000762939453125</ele>
        <time>2026-05-22T11:47:09.000Z</time>
        <extensions>
          <ns3:TrackPointExtension>
            <ns3:atemp>34.0</ns3:atemp>
          </ns3:TrackPointExtension>
        </extensions>
      </trkpt>
      <trkpt lat="48.8746814243495464324951171875" lon="2.339293621480464935302734375">
        <ele>43.40000152587890625</ele>
        <time>2026-05-22T11:47:10.000Z</time>
        <extensions>
          <ns3:TrackPointExtension>
            <ns3:atemp>34.0</ns3:atemp>
          </ns3:TrackPointExtension>
        </extensions>
      </trkpt>
      <trkpt lat="48.87466558255255222320556640625" lon="2.339237630367279052734375">
        <ele>43.40000152587890625</ele>
        <time>2026-05-22T11:47:11.000Z</time>
        <extensions>
          <ns3:TrackPointExtension>
            <ns3:atemp>34.0</ns3:atemp>
          </ns3:TrackPointExtension>
        </extensions>
      </trkpt>
      <trkpt lat="48.8746442086994647979736328125" lon="2.3391759395599365234375">
        <ele>43.40000152587890625</ele>
        <time>2026-05-22T11:47:12.000Z</time>
        <extensions>
          <ns3:TrackPointExtension>
            <ns3:atemp>34.0</ns3:atemp>
          </ns3:TrackPointExtension>
        </extensions>
      </trkpt>
      <trkpt lat="48.87462534941732883453369140625" lon="2.3391067050397396087646484375">
        <ele>43.59999847412109375</ele>
        <time>2026-05-22T11:47:13.000Z</time>
        <extensions>
          <ns3:TrackPointExtension>
            <ns3:atemp>34.0</ns3:atemp>
          </ns3:TrackPointExtension>
        </extensions>
      </trkpt>
      <trkpt lat="48.87460405938327312469482421875" lon="2.33901760540902614593505859375">
        <ele>43.59999847412109375</ele>
        <time>2026-05-22T11:47:14.000Z</time>
        <extensions>
          <ns3:TrackPointExtension>
            <ns3:atemp>34.0</ns3:atemp>
          </ns3:TrackPointExtension>
        </extensions>
      </trkpt>
      <trkpt lat="48.8745761476457118988037109375" lon="2.33892314136028289794921875">
        <ele>43.59999847412109375</ele>
        <time>2026-05-22T11:47:15.000Z</time>
        <extensions>
          <ns3:TrackPointExtension>
            <ns3:atemp>34.0</ns3:atemp>
          </ns3:TrackPointExtension>
        </extensions>
      </trkpt>
      <trkpt lat="48.87454840354621410369873046875" lon="2.33883194625377655029296875">
        <ele>43.799999237060546875</ele>
        <time>2026-05-22T11:47:16.000Z</time>
        <extensions>
          <ns3:TrackPointExtension>
            <ns3:atemp>34.0</ns3:atemp>
          </ns3:TrackPointExtension>
        </extensions>
      </trkpt>
      <trkpt lat="48.874521665275096893310546875" lon="2.33873178251087665557861328125">
        <ele>43.799999237060546875</ele>
        <time>2026-05-22T11:47:17.000Z</time>
        <extensions>
          <ns3:TrackPointExtension>
            <ns3:atemp>34.0</ns3:atemp>
          </ns3:TrackPointExtension>
        </extensions>
      </trkpt>
      <trkpt lat="48.87449408881366252899169921875" lon="2.33861963264644145965576171875">
        <ele>44</ele>
        <time>2026-05-22T11:47:18.000Z</time>
        <extensions>
          <ns3:TrackPointExtension>
            <ns3:atemp>34.0</ns3:atemp>
          </ns3:TrackPointExtension>
        </extensions>
      </trkpt>
      <trkpt lat="48.87445829808712005615234375" lon="2.3385149426758289337158203125">
        <ele>44.200000762939453125</ele>
        <time>2026-05-22T11:47:19.000Z</time>
        <extensions>
          <ns3:TrackPointExtension>
            <ns3:atemp>34.0</ns3:atemp>
          </ns3:TrackPointExtension>
        </extensions>
      </trkpt>
      <trkpt lat="48.874419741332530975341796875" lon="2.3384006135165691375732421875">
        <ele>44.40000152587890625</ele>
        <time>2026-05-22T11:47:20.000Z</time>
        <extensions>
          <ns3:TrackPointExtension>
            <ns3:atemp>34.0</ns3:atemp>
          </ns3:TrackPointExtension>
        </extensions>
      </trkpt>
      <trkpt lat="48.8743857108056545257568359375" lon="2.3383010365068912506103515625">
        <ele>44.59999847412109375</ele>
        <time>2026-05-22T11:47:21.000Z</time>
        <extensions>
          <ns3:TrackPointExtension>
            <ns3:atemp>34.0</ns3:atemp>
          </ns3:TrackPointExtension>
        </extensions>
      </trkpt>
      <trkpt lat="48.8743583858013153076171875" lon="2.338203974068164825439453125">
        <ele>44.59999847412109375</ele>
        <time>2026-05-22T11:47:22.000Z</time>
        <extensions>
          <ns3:TrackPointExtension>
            <ns3:atemp>34.0</ns3:atemp>
          </ns3:TrackPointExtension>
        </extensions>
      </trkpt>
      <trkpt lat="48.874331898987293243408203125" lon="2.33810909092426300048828125">
        <ele>44.799999237060546875</ele>
        <time>2026-05-22T11:47:23.000Z</time>
        <extensions>
          <ns3:TrackPointExtension>
            <ns3:atemp>34.0</ns3:atemp>
          </ns3:TrackPointExtension>
        </extensions>
      </trkpt>
      <trkpt lat="48.874305076897144317626953125" lon="2.33801898546516895294189453125">
        <ele>44.799999237060546875</ele>
        <time>2026-05-22T11:47:24.000Z</time>
        <extensions>
          <ns3:TrackPointExtension>
            <ns3:atemp>34.0</ns3:atemp>
          </ns3:TrackPointExtension>
        </extensions>
      </trkpt>
      <trkpt lat="48.87427766807377338409423828125" lon="2.33792326413094997406005859375">
        <ele>44.59999847412109375</ele>
        <time>2026-05-22T11:47:25.000Z</time>
        <extensions>
          <ns3:TrackPointExtension>
            <ns3:atemp>34.0</ns3:atemp>
          </ns3:TrackPointExtension>
        </extensions>
      </trkpt>
      <trkpt lat="48.87425310909748077392578125" lon="2.33782703988254070281982421875">
        <ele>44.59999847412109375</ele>
        <time>2026-05-22T11:47:26.000Z</time>
        <extensions>
          <ns3:TrackPointExtension>
            <ns3:atemp>34.0</ns3:atemp>
          </ns3:TrackPointExtension>
        </extensions>
      </trkpt>
      <trkpt lat="48.87422771193087100982666015625" lon="2.33772427774965763092041015625">
        <ele>44.59999847412109375</ele>
        <time>2026-05-22T11:47:27.000Z</time>
        <extensions>
          <ns3:TrackPointExtension>
            <ns3:atemp>34.0</ns3:atemp>
          </ns3:TrackPointExtension>
        </extensions>
      </trkpt>
      <trkpt lat="48.8742056675255298614501953125" lon="2.337616570293903350830078125">
        <ele>44.59999847412109375</ele>
        <time>2026-05-22T11:47:28.000Z</time>
        <extensions>
          <ns3:TrackPointExtension>
            <ns3:atemp>34.0</ns3:atemp>
          </ns3:TrackPointExtension>
        </extensions>
      </trkpt>
      <trkpt lat="48.8741818629205226898193359375" lon="2.33748790808022022247314453125">
        <ele>44.59999847412109375</ele>
        <time>2026-05-22T11:47:29.000Z</time>
        <extensions>
          <ns3:TrackPointExtension>
            <ns3:atemp>34.0</ns3:atemp>
          </ns3:TrackPointExtension>
        </extensions>
      </trkpt>
      <trkpt lat="48.8741614110767841339111328125" lon="2.337372489273548126220703125">
        <ele>44.799999237060546875</ele>
        <time>2026-05-22T11:47:30.000Z</time>
        <extensions>
          <ns3:TrackPointExtension>
            <ns3:atemp>34.0</ns3:atemp>
          </ns3:TrackPointExtension>
        </extensions>
      </trkpt>
      <trkpt lat="48.874140121042728424072265625" lon="2.3372499458491802215576171875">
        <ele>45</ele>
        <time>2026-05-22T11:47:31.000Z</time>
        <extensions>
          <ns3:TrackPointExtension>
            <ns3:atemp>34.0</ns3:atemp>
          </ns3:TrackPointExtension>
        </extensions>
      </trkpt>
      <trkpt lat="48.87412142939865589141845703125" lon="2.3371496982872486114501953125">
        <ele>45</ele>
        <time>2026-05-22T11:47:32.000Z</time>
        <extensions>
          <ns3:TrackPointExtension>
            <ns3:atemp>34.0</ns3:atemp>
          </ns3:TrackPointExtension>
        </extensions>
      </trkpt>
      <trkpt lat="48.87409812770783901214599609375" lon="2.3370484448969364166259765625">
        <ele>45.200000762939453125</ele>
        <time>2026-05-22T11:47:33.000Z</time>
        <extensions>
          <ns3:TrackPointExtension>
            <ns3:atemp>34.0</ns3:atemp>
          </ns3:TrackPointExtension>
        </extensions>
      </trkpt>
      <trkpt lat="48.87407365255057811737060546875" lon="2.33694727532565593719482421875">
        <ele>45.200000762939453125</ele>
        <time>2026-05-22T11:47:34.000Z</time>
        <extensions>
          <ns3:TrackPointExtension>
            <ns3:atemp>34.0</ns3:atemp>
          </ns3:TrackPointExtension>
        </extensions>
      </trkpt>
      <trkpt lat="48.8740474171936511993408203125" lon="2.33684602193534374237060546875">
        <ele>45.40000152587890625</ele>
        <time>2026-05-22T11:47:35.000Z</time>
        <extensions>
          <ns3:TrackPointExtension>
            <ns3:atemp>34.0</ns3:atemp>
          </ns3:TrackPointExtension>
        </extensions>
      </trkpt>
      <trkpt lat="48.8740217685699462890625" lon="2.3367470316588878631591796875">
        <ele>45.40000152587890625</ele>
        <time>2026-05-22T11:47:36.000Z</time>
        <extensions>
          <ns3:TrackPointExtension>
            <ns3:atemp>34.0</ns3:atemp>
          </ns3:TrackPointExtension>
        </extensions>
      </trkpt>
      <trkpt lat="48.87398622930049896240234375" lon="2.33663387596607208251953125">
        <ele>45.40000152587890625</ele>
        <time>2026-05-22T11:47:37.000Z</time>
        <extensions>
          <ns3:TrackPointExtension>
            <ns3:atemp>34.0</ns3:atemp>
          </ns3:TrackPointExtension>
        </extensions>
      </trkpt>
      <trkpt lat="48.8739552162587642669677734375" lon="2.33652918599545955657958984375">
        <ele>45.40000152587890625</ele>
        <time>2026-05-22T11:47:38.000Z</time>
        <extensions>
          <ns3:TrackPointExtension>
            <ns3:atemp>34.0</ns3:atemp>
          </ns3:TrackPointExtension>
        </extensions>
      </trkpt>
      <trkpt lat="48.8739185035228729248046875" lon="2.33642709441483020782470703125">
        <ele>45.40000152587890625</ele>
        <time>2026-05-22T11:47:39.000Z</time>
        <extensions>
          <ns3:TrackPointExtension>
            <ns3:atemp>34.0</ns3:atemp>
          </ns3:TrackPointExtension>
        </extensions>
      </trkpt>
      <trkpt lat="48.8738901726901531219482421875" lon="2.33632785268127918243408203125">
        <ele>45.40000152587890625</ele>
        <time>2026-05-22T11:47:40.000Z</time>
        <extensions>
          <ns3:TrackPointExtension>
            <ns3:atemp>34.0</ns3:atemp>
          </ns3:TrackPointExtension>
        </extensions>
      </trkpt>
      <trkpt lat="48.87386091984808444976806640625" lon="2.336231209337711334228515625">
        <ele>45.59999847412109375</ele>
        <time>2026-05-22T11:47:41.000Z</time>
        <extensions>
          <ns3:TrackPointExtension>
            <ns3:atemp>34.0</ns3:atemp>
          </ns3:TrackPointExtension>
        </extensions>
      </trkpt>
      <trkpt lat="48.8738338463008403778076171875" lon="2.33613758347928524017333984375">
        <ele>45.59999847412109375</ele>
        <time>2026-05-22T11:47:42.000Z</time>
        <extensions>
          <ns3:TrackPointExtension>
            <ns3:atemp>34.0</ns3:atemp>
          </ns3:TrackPointExtension>
        </extensions>
      </trkpt>
      <trkpt lat="48.87380710802972316741943359375" lon="2.33604739420115947723388671875">
        <ele>45.59999847412109375</ele>
        <time>2026-05-22T11:47:43.000Z</time>
        <extensions>
          <ns3:TrackPointExtension>
            <ns3:atemp>34.0</ns3:atemp>
          </ns3:TrackPointExtension>
        </extensions>
      </trkpt>
      <trkpt lat="48.87378196232020854949951171875" lon="2.3359505832195281982421875">
        <ele>45.59999847412109375</ele>
        <time>2026-05-22T11:47:44.000Z</time>
        <extensions>
          <ns3:TrackPointExtension>
            <ns3:atemp>34.0</ns3:atemp>
          </ns3:TrackPointExtension>
        </extensions>
      </trkpt>
      <trkpt lat="48.87375849299132823944091796875" lon="2.335852682590484619140625">
        <ele>45.59999847412109375</ele>
        <time>2026-05-22T11:47:45.000Z</time>
        <extensions>
          <ns3:TrackPointExtension>
            <ns3:atemp>34.0</ns3:atemp>
          </ns3:TrackPointExtension>
        </extensions>
      </trkpt>
      <trkpt lat="48.8737399689853191375732421875" lon="2.33576081693172454833984375">
        <ele>45.59999847412109375</ele>
        <time>2026-05-22T11:47:46.000Z</time>
        <extensions>
          <ns3:TrackPointExtension>
            <ns3:atemp>34.0</ns3:atemp>
          </ns3:TrackPointExtension>
        </extensions>
      </trkpt>
      <trkpt lat="48.8737191818654537200927734375" lon="2.335667274892330169677734375">
        <ele>45.40000152587890625</ele>
        <time>2026-05-22T11:47:47.000Z</time>
        <extensions>
          <ns3:TrackPointExtension>
            <ns3:atemp>34.0</ns3:atemp>
          </ns3:TrackPointExtension>
        </extensions>
      </trkpt>
      <trkpt lat="48.87370769865810871124267578125" lon="2.33559988439083099365234375">
        <ele>45.40000152587890625</ele>
        <time>2026-05-22T11:47:48.000Z</time>
        <extensions>
          <ns3:TrackPointExtension>
            <ns3:atemp>34.0</ns3:atemp>
          </ns3:TrackPointExtension>
        </extensions>
      </trkpt>
      <trkpt lat="48.8736977241933345794677734375" lon="2.33555219136178493499755859375">
        <ele>45.200000762939453125</ele>
        <time>2026-05-22T11:47:49.000Z</time>
        <extensions>
          <ns3:TrackPointExtension>
            <ns3:atemp>34.0</ns3:atemp>
          </ns3:TrackPointExtension>
        </extensions>
      </trkpt>
      <trkpt lat="48.87368942610919475555419921875" lon="2.3355098627507686614990234375">
        <ele>45.200000762939453125</ele>
        <time>2026-05-22T11:47:50.000Z</time>
        <extensions>
          <ns3:TrackPointExtension>
            <ns3:atemp>34.0</ns3:atemp>
          </ns3:TrackPointExtension>
        </extensions>
      </trkpt>
      <trkpt lat="48.87367584742605686187744140625" lon="2.33547105453908443450927734375">
        <ele>45</ele>
        <time>2026-05-22T11:47:51.000Z</time>
        <extensions>
          <ns3:TrackPointExtension>
            <ns3:atemp>34.0</ns3:atemp>
          </ns3:TrackPointExtension>
        </extensions>
      </trkpt>
      <trkpt lat="48.87365640141069889068603515625" lon="2.3354307375848293304443359375">
        <ele>45</ele>
        <time>2026-05-22T11:47:52.000Z</time>
        <extensions>
          <ns3:TrackPointExtension>
            <ns3:atemp>34.0</ns3:atemp>
          </ns3:TrackPointExtension>
        </extensions>
      </trkpt>
      <trkpt lat="48.8736380450427532196044921875" lon="2.33537935651838779449462890625">
        <ele>44.799999237060546875</ele>
        <time>2026-05-22T11:47:53.000Z</time>
        <extensions>
          <ns3:TrackPointExtension>
            <ns3:atemp>34.0</ns3:atemp>
          </ns3:TrackPointExtension>
        </extensions>
      </trkpt>
      <trkpt lat="48.87362270615994930267333984375" lon="2.33531179837882518768310546875">
        <ele>44.799999237060546875</ele>
        <time>2026-05-22T11:47:54.000Z</time>
        <extensions>
          <ns3:TrackPointExtension>
            <ns3:atemp>34.0</ns3:atemp>
          </ns3:TrackPointExtension>
        </extensions>
      </trkpt>
      <trkpt lat="48.873600997030735015869140625" lon="2.3352409712970256805419921875">
        <ele>44.799999237060546875</ele>
        <time>2026-05-22T11:47:55.000Z</time>
        <extensions>
          <ns3:TrackPointExtension>
            <ns3:atemp>34.0</ns3:atemp>
          </ns3:TrackPointExtension>
        </extensions>
      </trkpt>
      <trkpt lat="48.87358079664409160614013671875" lon="2.335166037082672119140625">
        <ele>44.799999237060546875</ele>
        <time>2026-05-22T11:47:56.000Z</time>
        <extensions>
          <ns3:TrackPointExtension>
            <ns3:atemp>34.0</ns3:atemp>
          </ns3:TrackPointExtension>
        </extensions>
      </trkpt>
      <trkpt lat="48.873562105000019073486328125" lon="2.33509470708668231964111328125">
        <ele>45</ele>
        <time>2026-05-22T11:47:57.000Z</time>
        <extensions>
          <ns3:TrackPointExtension>
            <ns3:atemp>34.0</ns3:atemp>
          </ns3:TrackPointExtension>
        </extensions>
      </trkpt>
      <trkpt lat="48.8735424913465976715087890625" lon="2.33502312563359737396240234375">
        <ele>45</ele>
        <time>2026-05-22T11:47:58.000Z</time>
        <extensions>
          <ns3:TrackPointExtension>
            <ns3:atemp>34.0</ns3:atemp>
          </ns3:TrackPointExtension>
        </extensions>
      </trkpt>
      <trkpt lat="48.87352430261671543121337890625" lon="2.3349502868950366973876953125">
        <ele>45</ele>
        <time>2026-05-22T11:47:59.000Z</time>
        <extensions>
          <ns3:TrackPointExtension>
            <ns3:atemp>34.0</ns3:atemp>
          </ns3:TrackPointExtension>
        </extensions>
      </trkpt>
      <trkpt lat="48.87350401841104030609130859375" lon="2.33486671932041645050048828125">
        <ele>45</ele>
        <time>2026-05-22T11:48:00.000Z</time>
        <extensions>
          <ns3:TrackPointExtension>
            <ns3:atemp>34.0</ns3:atemp>
          </ns3:TrackPointExtension>
        </extensions>
      </trkpt>
      <trkpt lat="48.87349069118499755859375" lon="2.33477099798619747161865234375">
        <ele>45.200000762939453125</ele>
        <time>2026-05-22T11:48:01.000Z</time>
        <extensions>
          <ns3:TrackPointExtension>
            <ns3:atemp>34.0</ns3:atemp>
          </ns3:TrackPointExtension>
        </extensions>
      </trkpt>
      <trkpt lat="48.8734764419496059417724609375" lon="2.33465013094246387481689453125">
        <ele>45</ele>
        <time>2026-05-22T11:48:02.000Z</time>
        <extensions>
          <ns3:TrackPointExtension>
            <ns3:atemp>35.0</ns3:atemp>
          </ns3:TrackPointExtension>
        </extensions>
      </trkpt>
      <trkpt lat="48.873459510505199432373046875" lon="2.33456052839756011962890625">
        <ele>45</ele>
        <time>2026-05-22T11:48:03.000Z</time>
        <extensions>
          <ns3:TrackPointExtension>
            <ns3:atemp>34.0</ns3:atemp>
          </ns3:TrackPointExtension>
        </extensions>
      </trkpt>
      <trkpt lat="48.8734368793666362762451171875" lon="2.33447679318487644195556640625">
        <ele>45</ele>
        <time>2026-05-22T11:48:04.000Z</time>
        <extensions>
          <ns3:TrackPointExtension>
            <ns3:atemp>34.0</ns3:atemp>
          </ns3:TrackPointExtension>
        </extensions>
      </trkpt>
      <trkpt lat="48.87341491878032684326171875" lon="2.33440320007503032684326171875">
        <ele>45</ele>
        <time>2026-05-22T11:48:05.000Z</time>
        <extensions>
          <ns3:TrackPointExtension>
            <ns3:atemp>35.0</ns3:atemp>
          </ns3:TrackPointExtension>
        </extensions>
      </trkpt>
      <trkpt lat="48.8733983226120471954345703125" lon="2.33433228917419910430908203125">
        <ele>45</ele>
        <time>2026-05-22T11:48:06.000Z</time>
        <extensions>
          <ns3:TrackPointExtension>
            <ns3:atemp>35.0</ns3:atemp>
          </ns3:TrackPointExtension>
        </extensions>
      </trkpt>
      <trkpt lat="48.8733802177011966705322265625" lon="2.33425685204565525054931640625">
        <ele>45.200000762939453125</ele>
        <time>2026-05-22T11:48:07.000Z</time>
        <extensions>
          <ns3:TrackPointExtension>
            <ns3:atemp>35.0</ns3:atemp>
          </ns3:TrackPointExtension>
        </extensions>
      </trkpt>
      <trkpt lat="48.8733594305813312530517578125" lon="2.334186024963855743408203125">
        <ele>45.200000762939453125</ele>
        <time>2026-05-22T11:48:08.000Z</time>
        <extensions>
          <ns3:TrackPointExtension>
            <ns3:atemp>35.0</ns3:atemp>
          </ns3:TrackPointExtension>
        </extensions>
      </trkpt>
      <trkpt lat="48.87333772145211696624755859375" lon="2.334111593663692474365234375">
        <ele>45.40000152587890625</ele>
        <time>2026-05-22T11:48:09.000Z</time>
        <extensions>
          <ns3:TrackPointExtension>
            <ns3:atemp>35.0</ns3:atemp>
          </ns3:TrackPointExtension>
        </extensions>
      </trkpt>
      <trkpt lat="48.8733150064945220947265625" lon="2.33403841964900493621826171875">
        <ele>45.40000152587890625</ele>
        <time>2026-05-22T11:48:10.000Z</time>
        <extensions>
          <ns3:TrackPointExtension>
            <ns3:atemp>35.0</ns3:atemp>
          </ns3:TrackPointExtension>
        </extensions>
      </trkpt>
      <trkpt lat="48.873285837471485137939453125" lon="2.3339504934847354888916015625">
        <ele>45.40000152587890625</ele>
        <time>2026-05-22T11:48:11.000Z</time>
        <extensions>
          <ns3:TrackPointExtension>
            <ns3:atemp>35.0</ns3:atemp>
          </ns3:TrackPointExtension>
        </extensions>
      </trkpt>
      <trkpt lat="48.8732601888477802276611328125" lon="2.33386524952948093414306640625">
        <ele>45.40000152587890625</ele>
        <time>2026-05-22T11:48:12.000Z</time>
        <extensions>
          <ns3:TrackPointExtension>
            <ns3:atemp>35.0</ns3:atemp>
          </ns3:TrackPointExtension>
        </extensions>
      </trkpt>
      <trkpt lat="48.8732350431382656097412109375" lon="2.33379182405769824981689453125">
        <ele>45.40000152587890625</ele>
        <time>2026-05-22T11:48:13.000Z</time>
        <extensions>
          <ns3:TrackPointExtension>
            <ns3:atemp>35.0</ns3:atemp>
          </ns3:TrackPointExtension>
        </extensions>
      </trkpt>
      <trkpt lat="48.87321098707616329193115234375" lon="2.333714626729488372802734375">
        <ele>45.40000152587890625</ele>
        <time>2026-05-22T11:48:14.000Z</time>
        <extensions>
          <ns3:TrackPointExtension>
            <ns3:atemp>35.0</ns3:atemp>
          </ns3:TrackPointExtension>
        </extensions>
      </trkpt>
      <trkpt lat="48.87318952940404415130615234375" lon="2.3336393572390079498291015625">
        <ele>45.40000152587890625</ele>
        <time>2026-05-22T11:48:15.000Z</time>
        <extensions>
          <ns3:TrackPointExtension>
            <ns3:atemp>35.0</ns3:atemp>
          </ns3:TrackPointExtension>
        </extensions>
      </trkpt>
      <trkpt lat="48.8731683231890201568603515625" lon="2.33356484211981296539306640625">
        <ele>45.200000762939453125</ele>
        <time>2026-05-22T11:48:16.000Z</time>
        <extensions>
          <ns3:TrackPointExtension>
            <ns3:atemp>35.0</ns3:atemp>
          </ns3:TrackPointExtension>
        </extensions>
      </trkpt>
      <trkpt lat="48.8731492124497890472412109375" lon="2.33348898589611053466796875">
        <ele>45.200000762939453125</ele>
        <time>2026-05-22T11:48:17.000Z</time>
        <extensions>
          <ns3:TrackPointExtension>
            <ns3:atemp>35.0</ns3:atemp>
          </ns3:TrackPointExtension>
        </extensions>
      </trkpt>
      <trkpt lat="48.87313663959503173828125" lon="2.33342201448976993560791015625">
        <ele>45</ele>
        <time>2026-05-22T11:48:18.000Z</time>
        <extensions>
          <ns3:TrackPointExtension>
            <ns3:atemp>35.0</ns3:atemp>
          </ns3:TrackPointExtension>
        </extensions>
      </trkpt>
      <trkpt lat="48.87313102371990680694580078125" lon="2.3333808593451976776123046875">
        <ele>45</ele>
        <time>2026-05-22T11:48:19.000Z</time>
        <extensions>
          <ns3:TrackPointExtension>
            <ns3:atemp>35.0</ns3:atemp>
          </ns3:TrackPointExtension>
        </extensions>
      </trkpt>
      <trkpt lat="48.87312867678701877593994140625" lon="2.3333754949271678924560546875">
        <ele>44.799999237060546875</ele>
        <time>2026-05-22T11:48:20.000Z</time>
        <extensions>
          <ns3:TrackPointExtension>
            <ns3:atemp>35.0</ns3:atemp>
          </ns3:TrackPointExtension>
        </extensions>
      </trkpt>
      <trkpt lat="48.8731287606060504913330078125" lon="2.3333949409425258636474609375">
        <ele>44.799999237060546875</ele>
        <time>2026-05-22T11:48:21.000Z</time>
        <extensions>
          <ns3:TrackPointExtension>
            <ns3:atemp>35.0</ns3:atemp>
          </ns3:TrackPointExtension>
        </extensions>
      </trkpt>
      <trkpt lat="48.873129598796367645263671875" lon="2.3333922587335109710693359375">
        <ele>44.799999237060546875</ele>
        <time>2026-05-22T11:48:22.000Z</time>
        <extensions>
          <ns3:TrackPointExtension>
            <ns3:atemp>35.0</ns3:atemp>
          </ns3:TrackPointExtension>
        </extensions>
      </trkpt>
      <trkpt lat="48.87311576865613460540771484375" lon="2.3332849703729152679443359375">
        <ele>43.59999847412109375</ele>
        <time>2026-05-22T11:48:42.000Z</time>
        <extensions>
          <ns3:TrackPointExtension>
            <ns3:atemp>35.0</ns3:atemp>
          </ns3:TrackPointExtension>
        </extensions>
      </trkpt>
      <trkpt lat="48.87309866957366466522216796875" lon="2.3332568071782588958740234375">
        <ele>43.59999847412109375</ele>
        <time>2026-05-22T11:48:43.000Z</time>
        <extensions>
          <ns3:TrackPointExtension>
            <ns3:atemp>35.0</ns3:atemp>
          </ns3:TrackPointExtension>
        </extensions>
      </trkpt>
      <trkpt lat="48.87307553552091121673583984375" lon="2.33322076499462127685546875">
        <ele>43.59999847412109375</ele>
        <time>2026-05-22T11:48:44.000Z</time>
        <extensions>
          <ns3:TrackPointExtension>
            <ns3:atemp>35.0</ns3:atemp>
          </ns3:TrackPointExtension>
        </extensions>
      </trkpt>
      <trkpt lat="48.87305374257266521453857421875" lon="2.33316385187208652496337890625">
        <ele>43.799999237060546875</ele>
        <time>2026-05-22T11:48:45.000Z</time>
        <extensions>
          <ns3:TrackPointExtension>
            <ns3:atemp>35.0</ns3:atemp>
          </ns3:TrackPointExtension>
        </extensions>
      </trkpt>
      <trkpt lat="48.87303060851991176605224609375" lon="2.33310702256858348846435546875">
        <ele>43.799999237060546875</ele>
        <time>2026-05-22T11:48:46.000Z</time>
        <extensions>
          <ns3:TrackPointExtension>
            <ns3:atemp>35.0</ns3:atemp>
          </ns3:TrackPointExtension>
        </extensions>
      </trkpt>
      <trkpt lat="48.87302323244512081146240234375" lon="2.3330512829124927520751953125">
        <ele>43.799999237060546875</ele>
        <time>2026-05-22T11:48:47.000Z</time>
        <extensions>
          <ns3:TrackPointExtension>
            <ns3:atemp>35.0</ns3:atemp>
          </ns3:TrackPointExtension>
        </extensions>
      </trkpt>
      <trkpt lat="48.87302859686315059661865234375" lon="2.33298397623002529144287109375">
        <ele>44</ele>
        <time>2026-05-22T11:48:48.000Z</time>
        <extensions>
          <ns3:TrackPointExtension>
            <ns3:atemp>35.0</ns3:atemp>
          </ns3:TrackPointExtension>
        </extensions>
      </trkpt>
      <trkpt lat="48.87304008007049560546875" lon="2.332927398383617401123046875">
        <ele>44</ele>
        <time>2026-05-22T11:48:49.000Z</time>
        <extensions>
          <ns3:TrackPointExtension>
            <ns3:atemp>35.0</ns3:atemp>
          </ns3:TrackPointExtension>
        </extensions>
      </trkpt>
      <trkpt lat="48.8730513118207454681396484375" lon="2.33286260627210140228271484375">
        <ele>44.200000762939453125</ele>
        <time>2026-05-22T11:48:50.000Z</time>
        <extensions>
          <ns3:TrackPointExtension>
            <ns3:atemp>35.0</ns3:atemp>
          </ns3:TrackPointExtension>
        </extensions>
      </trkpt>
      <trkpt lat="48.8730623759329319000244140625" lon="2.332797311246395111083984375">
        <ele>44.200000762939453125</ele>
        <time>2026-05-22T11:48:51.000Z</time>
        <extensions>
          <ns3:TrackPointExtension>
            <ns3:atemp>35.0</ns3:atemp>
          </ns3:TrackPointExtension>
        </extensions>
      </trkpt>
      <trkpt lat="48.873073272407054901123046875" lon="2.3327277414500713348388671875">
        <ele>44.200000762939453125</ele>
        <time>2026-05-22T11:48:52.000Z</time>
        <extensions>
          <ns3:TrackPointExtension>
            <ns3:atemp>35.0</ns3:atemp>
          </ns3:TrackPointExtension>
        </extensions>
      </trkpt>
      <trkpt lat="48.87308232486248016357421875" lon="2.3326559923589229583740234375">
        <ele>44.200000762939453125</ele>
        <time>2026-05-22T11:48:53.000Z</time>
        <extensions>
          <ns3:TrackPointExtension>
            <ns3:atemp>35.0</ns3:atemp>
          </ns3:TrackPointExtension>
        </extensions>
      </trkpt>
      <trkpt lat="48.87309045530855655670166015625" lon="2.3325721733272075653076171875">
        <ele>44.200000762939453125</ele>
        <time>2026-05-22T11:48:54.000Z</time>
        <extensions>
          <ns3:TrackPointExtension>
            <ns3:atemp>35.0</ns3:atemp>
          </ns3:TrackPointExtension>
        </extensions>
      </trkpt>
      <trkpt lat="48.87309934012591838836669921875" lon="2.33248776756227016448974609375">
        <ele>44.200000762939453125</ele>
        <time>2026-05-22T11:48:55.000Z</time>
        <extensions>
          <ns3:TrackPointExtension>
            <ns3:atemp>35.0</ns3:atemp>
          </ns3:TrackPointExtension>
        </extensions>
      </trkpt>
      <trkpt lat="48.87310445308685302734375" lon="2.33239674009382724761962890625">
        <ele>44.200000762939453125</ele>
        <time>2026-05-22T11:48:56.000Z</time>
        <extensions>
          <ns3:TrackPointExtension>
            <ns3:atemp>35.0</ns3:atemp>
          </ns3:TrackPointExtension>
        </extensions>
      </trkpt>
      <trkpt lat="48.87311585247516632080078125" lon="2.3323083110153675079345703125">
        <ele>44.200000762939453125</ele>
        <time>2026-05-22T11:48:57.000Z</time>
        <extensions>
          <ns3:TrackPointExtension>
            <ns3:atemp>35.0</ns3:atemp>
          </ns3:TrackPointExtension>
        </extensions>
      </trkpt>
      <trkpt lat="48.873125575482845306396484375" lon="2.332218624651432037353515625">
        <ele>44.200000762939453125</ele>
        <time>2026-05-22T11:48:58.000Z</time>
        <extensions>
          <ns3:TrackPointExtension>
            <ns3:atemp>35.0</ns3:atemp>
          </ns3:TrackPointExtension>
        </extensions>
      </trkpt>
      <trkpt lat="48.87312733568251132965087890625" lon="2.33213606290519237518310546875">
        <ele>44.200000762939453125</ele>
        <time>2026-05-22T11:48:59.000Z</time>
        <extensions>
          <ns3:TrackPointExtension>
            <ns3:atemp>35.0</ns3:atemp>
          </ns3:TrackPointExtension>
        </extensions>
      </trkpt>
      <trkpt lat="48.87313119135797023773193359375" lon="2.332066409289836883544921875">
        <ele>44.40000152587890625</ele>
        <time>2026-05-22T11:49:00.000Z</time>
        <extensions>
          <ns3:TrackPointExtension>
            <ns3:atemp>35.0</ns3:atemp>
          </ns3:TrackPointExtension>
        </extensions>
      </trkpt>
      <trkpt lat="48.87314275838434696197509765625" lon="2.3320238292217254638671875">
        <ele>44.40000152587890625</ele>
        <time>2026-05-22T11:49:01.000Z</time>
        <extensions>
          <ns3:TrackPointExtension>
            <ns3:atemp>35.0</ns3:atemp>
          </ns3:TrackPointExtension>
        </extensions>
      </trkpt>
      <trkpt lat="48.87315474450588226318359375" lon="2.33199524693191051483154296875">
        <ele>44.59999847412109375</ele>
        <time>2026-05-22T11:49:02.000Z</time>
        <extensions>
          <ns3:TrackPointExtension>
            <ns3:atemp>35.0</ns3:atemp>
          </ns3:TrackPointExtension>
        </extensions>
      </trkpt>
      <trkpt lat="48.873160444200038909912109375" lon="2.33195451088249683380126953125">
        <ele>44.59999847412109375</ele>
        <time>2026-05-22T11:49:03.000Z</time>
        <extensions>
          <ns3:TrackPointExtension>
            <ns3:atemp>35.0</ns3:atemp>
          </ns3:TrackPointExtension>
        </extensions>
      </trkpt>
      <trkpt lat="48.8731699995696544647216796875" lon="2.3319106735289096832275390625">
        <ele>44.40000152587890625</ele>
        <time>2026-05-22T11:49:04.000Z</time>
        <extensions>
          <ns3:TrackPointExtension>
            <ns3:atemp>35.0</ns3:atemp>
          </ns3:TrackPointExtension>
        </extensions>
      </trkpt>
      <trkpt lat="48.8731827400624752044677734375" lon="2.3318682610988616943359375">
        <ele>44.40000152587890625</ele>
        <time>2026-05-22T11:49:05.000Z</time>
        <extensions>
          <ns3:TrackPointExtension>
            <ns3:atemp>35.0</ns3:atemp>
          </ns3:TrackPointExtension>
        </extensions>
      </trkpt>
      <trkpt lat="48.87319589965045452117919921875" lon="2.33181218616664409637451171875">
        <ele>44.40000152587890625</ele>
        <time>2026-05-22T11:49:06.000Z</time>
        <extensions>
          <ns3:TrackPointExtension>
            <ns3:atemp>35.0</ns3:atemp>
          </ns3:TrackPointExtension>
        </extensions>
      </trkpt>
      <trkpt lat="48.8732050359249114990234375" lon="2.33175368048250675201416015625">
        <ele>44.40000152587890625</ele>
        <time>2026-05-22T11:49:07.000Z</time>
        <extensions>
          <ns3:TrackPointExtension>
            <ns3:atemp>35.0</ns3:atemp>
          </ns3:TrackPointExtension>
        </extensions>
      </trkpt>
      <trkpt lat="48.873211406171321868896484375" lon="2.3316903971135616302490234375">
        <ele>44.40000152587890625</ele>
        <time>2026-05-22T11:49:08.000Z</time>
        <extensions>
          <ns3:TrackPointExtension>
            <ns3:atemp>35.0</ns3:atemp>
          </ns3:TrackPointExtension>
        </extensions>
      </trkpt>
      <trkpt lat="48.8732226379215717315673828125" lon="2.331627197563648223876953125">
        <ele>44.40000152587890625</ele>
        <time>2026-05-22T11:49:09.000Z</time>
        <extensions>
          <ns3:TrackPointExtension>
            <ns3:atemp>35.0</ns3:atemp>
          </ns3:TrackPointExtension>
        </extensions>
      </trkpt>
      <trkpt lat="48.87322842143476009368896484375" lon="2.33156156726181507110595703125">
        <ele>44.40000152587890625</ele>
        <time>2026-05-22T11:49:10.000Z</time>
        <extensions>
          <ns3:TrackPointExtension>
            <ns3:atemp>35.0</ns3:atemp>
          </ns3:TrackPointExtension>
        </extensions>
      </trkpt>
      <trkpt lat="48.87322925962507724761962890625" lon="2.3315006308257579803466796875">
        <ele>44.40000152587890625</ele>
        <time>2026-05-22T11:49:11.000Z</time>
        <extensions>
          <ns3:TrackPointExtension>
            <ns3:atemp>35.0</ns3:atemp>
          </ns3:TrackPointExtension>
        </extensions>
      </trkpt>
      <trkpt lat="48.87322071008384227752685546875" lon="2.33146316371858119964599609375">
        <ele>44.40000152587890625</ele>
        <time>2026-05-22T11:49:12.000Z</time>
        <extensions>
          <ns3:TrackPointExtension>
            <ns3:atemp>35.0</ns3:atemp>
          </ns3:TrackPointExtension>
        </extensions>
      </trkpt>
      <trkpt lat="48.87321450747549533843994140625" lon="2.33143835328519344329833984375">
        <ele>44.40000152587890625</ele>
        <time>2026-05-22T11:49:13.000Z</time>
        <extensions>
          <ns3:TrackPointExtension>
            <ns3:atemp>35.0</ns3:atemp>
          </ns3:TrackPointExtension>
        </extensions>
      </trkpt>
      <trkpt lat="48.8732202909886837005615234375" lon="2.33143181540071964263916015625">
        <ele>44.40000152587890625</ele>
        <time>2026-05-22T11:49:14.000Z</time>
        <extensions>
          <ns3:TrackPointExtension>
            <ns3:atemp>35.0</ns3:atemp>
          </ns3:TrackPointExtension>
        </extensions>
      </trkpt>
      <trkpt lat="48.8732283376157283782958984375" lon="2.33141354285180568695068359375">
        <ele>44.200000762939453125</ele>
        <time>2026-05-22T11:49:15.000Z</time>
        <extensions>
          <ns3:TrackPointExtension>
            <ns3:atemp>35.0</ns3:atemp>
          </ns3:TrackPointExtension>
        </extensions>
      </trkpt>
      <trkpt lat="48.8732390664517879486083984375" lon="2.3313908278942108154296875">
        <ele>44.200000762939453125</ele>
        <time>2026-05-22T11:49:16.000Z</time>
        <extensions>
          <ns3:TrackPointExtension>
            <ns3:atemp>35.0</ns3:atemp>
          </ns3:TrackPointExtension>
        </extensions>
      </trkpt>
      <trkpt lat="48.8732452690601348876953125" lon="2.33138211071491241455078125">
        <ele>44</ele>
        <time>2026-05-22T11:49:17.000Z</time>
        <extensions>
          <ns3:TrackPointExtension>
            <ns3:atemp>35.0</ns3:atemp>
          </ns3:TrackPointExtension>
        </extensions>
      </trkpt>
      <trkpt lat="48.87325172312557697296142578125" lon="2.3313635028898715972900390625">
        <ele>44</ele>
        <time>2026-05-22T11:49:18.000Z</time>
        <extensions>
          <ns3:TrackPointExtension>
            <ns3:atemp>35.0</ns3:atemp>
          </ns3:TrackPointExtension>
        </extensions>
      </trkpt>
      <trkpt lat="48.87325038202106952667236328125" lon="2.33135419897735118865966796875">
        <ele>43.799999237060546875</ele>
        <time>2026-05-22T11:49:19.000Z</time>
        <extensions>
          <ns3:TrackPointExtension>
            <ns3:atemp>35.0</ns3:atemp>
          </ns3:TrackPointExtension>
        </extensions>
      </trkpt>
      <trkpt lat="48.8732501305639743804931640625" lon="2.33135394752025604248046875">
        <ele>43.799999237060546875</ele>
        <time>2026-05-22T11:49:20.000Z</time>
        <extensions>
          <ns3:TrackPointExtension>
            <ns3:atemp>35.0</ns3:atemp>
          </ns3:TrackPointExtension>
        </extensions>
      </trkpt>
      <trkpt lat="48.87325239367783069610595703125" lon="2.3313276283442974090576171875">
        <ele>43.799999237060546875</ele>
        <time>2026-05-22T11:49:21.000Z</time>
        <extensions>
          <ns3:TrackPointExtension>
            <ns3:atemp>35.0</ns3:atemp>
          </ns3:TrackPointExtension>
        </extensions>
      </trkpt>
      <trkpt lat="48.87325800955295562744140625" lon="2.33130021952092647552490234375">
        <ele>43.799999237060546875</ele>
        <time>2026-05-22T11:49:22.000Z</time>
        <extensions>
          <ns3:TrackPointExtension>
            <ns3:atemp>35.0</ns3:atemp>
          </ns3:TrackPointExtension>
        </extensions>
      </trkpt>
      <trkpt lat="48.8732709176838397979736328125" lon="2.33126199804246425628662109375">
        <ele>43.799999237060546875</ele>
        <time>2026-05-22T11:49:23.000Z</time>
        <extensions>
          <ns3:TrackPointExtension>
            <ns3:atemp>35.0</ns3:atemp>
          </ns3:TrackPointExtension>
        </extensions>
      </trkpt>
      <trkpt lat="48.873281814157962799072265625" lon="2.33121472410857677459716796875">
        <ele>43.799999237060546875</ele>
        <time>2026-05-22T11:49:24.000Z</time>
        <extensions>
          <ns3:TrackPointExtension>
            <ns3:atemp>35.0</ns3:atemp>
          </ns3:TrackPointExtension>
        </extensions>
      </trkpt>
      <trkpt lat="48.8732906989753246307373046875" lon="2.33117164112627506256103515625">
        <ele>43.59999847412109375</ele>
        <time>2026-05-22T11:49:25.000Z</time>
        <extensions>
          <ns3:TrackPointExtension>
            <ns3:atemp>35.0</ns3:atemp>
          </ns3:TrackPointExtension>
        </extensions>
      </trkpt>
      <trkpt lat="48.87329715304076671600341796875" lon="2.33112956397235393524169921875">
        <ele>43.59999847412109375</ele>
        <time>2026-05-22T11:49:26.000Z</time>
        <extensions>
          <ns3:TrackPointExtension>
            <ns3:atemp>35.0</ns3:atemp>
          </ns3:TrackPointExtension>
        </extensions>
      </trkpt>
      <trkpt lat="48.87329983524978160858154296875" lon="2.3311038315296173095703125">
        <ele>43.59999847412109375</ele>
        <time>2026-05-22T11:49:27.000Z</time>
        <extensions>
          <ns3:TrackPointExtension>
            <ns3:atemp>35.0</ns3:atemp>
          </ns3:TrackPointExtension>
        </extensions>
      </trkpt>
      <trkpt lat="48.87330285273492336273193359375" lon="2.331094443798065185546875">
        <ele>43.59999847412109375</ele>
        <time>2026-05-22T11:49:28.000Z</time>
        <extensions>
          <ns3:TrackPointExtension>
            <ns3:atemp>35.0</ns3:atemp>
          </ns3:TrackPointExtension>
        </extensions>
      </trkpt>
      <trkpt lat="48.8733069598674774169921875" lon="2.33107457868754863739013671875">
        <ele>43.59999847412109375</ele>
        <time>2026-05-22T11:49:29.000Z</time>
        <extensions>
          <ns3:TrackPointExtension>
            <ns3:atemp>35.0</ns3:atemp>
          </ns3:TrackPointExtension>
        </extensions>
      </trkpt>
      <trkpt lat="48.87331156991422176361083984375" lon="2.3310716450214385986328125">
        <ele>43.59999847412109375</ele>
        <time>2026-05-22T11:49:30.000Z</time>
        <extensions>
          <ns3:TrackPointExtension>
            <ns3:atemp>35.0</ns3:atemp>
          </ns3:TrackPointExtension>
        </extensions>
      </trkpt>
      <trkpt lat="48.8733121566474437713623046875" lon="2.33107290230691432952880859375">
        <ele>43.59999847412109375</ele>
        <time>2026-05-22T11:49:31.000Z</time>
        <extensions>
          <ns3:TrackPointExtension>
            <ns3:atemp>35.0</ns3:atemp>
          </ns3:TrackPointExtension>
        </extensions>
      </trkpt>
      <trkpt lat="48.87329556047916412353515625" lon="2.3310231976211071014404296875">
        <ele>43.59999847412109375</ele>
        <time>2026-05-22T11:49:39.000Z</time>
        <extensions>
          <ns3:TrackPointExtension>
            <ns3:atemp>35.0</ns3:atemp>
          </ns3:TrackPointExtension>
        </extensions>
      </trkpt>
      <trkpt lat="48.87329380027949810028076171875" lon="2.330989502370357513427734375">
        <ele>43.59999847412109375</ele>
        <time>2026-05-22T11:49:40.000Z</time>
        <extensions>
          <ns3:TrackPointExtension>
            <ns3:atemp>36.0</ns3:atemp>
          </ns3:TrackPointExtension>
        </extensions>
      </trkpt>
      <trkpt lat="48.8733007572591304779052734375" lon="2.33095186762511730194091796875">
        <ele>43.59999847412109375</ele>
        <time>2026-05-22T11:49:41.000Z</time>
        <extensions>
          <ns3:TrackPointExtension>
            <ns3:atemp>36.0</ns3:atemp>
          </ns3:TrackPointExtension>
        </extensions>
      </trkpt>
      <trkpt lat="48.8733114860951900482177734375" lon="2.3309028334915637969970703125">
        <ele>43.59999847412109375</ele>
        <time>2026-05-22T11:49:42.000Z</time>
        <extensions>
          <ns3:TrackPointExtension>
            <ns3:atemp>36.0</ns3:atemp>
          </ns3:TrackPointExtension>
        </extensions>
      </trkpt>
      <trkpt lat="48.873324058949947357177734375" lon="2.3308441601693630218505859375">
        <ele>43.799999237060546875</ele>
        <time>2026-05-22T11:49:43.000Z</time>
        <extensions>
          <ns3:TrackPointExtension>
            <ns3:atemp>36.0</ns3:atemp>
          </ns3:TrackPointExtension>
        </extensions>
      </trkpt>
      <trkpt lat="48.8733352907001972198486328125" lon="2.330780960619449615478515625">
        <ele>43.799999237060546875</ele>
        <time>2026-05-22T11:49:44.000Z</time>
        <extensions>
          <ns3:TrackPointExtension>
            <ns3:atemp>36.0</ns3:atemp>
          </ns3:TrackPointExtension>
        </extensions>
      </trkpt>
      <trkpt lat="48.87334694154560565948486328125" lon="2.33071164228022098541259765625">
        <ele>44</ele>
        <time>2026-05-22T11:49:45.000Z</time>
        <extensions>
          <ns3:TrackPointExtension>
            <ns3:atemp>36.0</ns3:atemp>
          </ns3:TrackPointExtension>
        </extensions>
      </trkpt>
      <trkpt lat="48.8733594305813312530517578125" lon="2.33063654042780399322509765625">
        <ele>44</ele>
        <time>2026-05-22T11:49:46.000Z</time>
        <extensions>
          <ns3:TrackPointExtension>
            <ns3:atemp>36.0</ns3:atemp>
          </ns3:TrackPointExtension>
        </extensions>
      </trkpt>
      <trkpt lat="48.8733718357980251312255859375" lon="2.3305621929466724395751953125">
        <ele>44.200000762939453125</ele>
        <time>2026-05-22T11:49:47.000Z</time>
        <extensions>
          <ns3:TrackPointExtension>
            <ns3:atemp>36.0</ns3:atemp>
          </ns3:TrackPointExtension>
        </extensions>
      </trkpt>
      <trkpt lat="48.87338583357632160186767578125" lon="2.33048759400844573974609375">
        <ele>44.40000152587890625</ele>
        <time>2026-05-22T11:49:48.000Z</time>
        <extensions>
          <ns3:TrackPointExtension>
            <ns3:atemp>36.0</ns3:atemp>
          </ns3:TrackPointExtension>
        </extensions>
      </trkpt>
      <trkpt lat="48.8733979873359203338623046875" lon="2.3304076306521892547607421875">
        <ele>44.59999847412109375</ele>
        <time>2026-05-22T11:49:49.000Z</time>
        <extensions>
          <ns3:TrackPointExtension>
            <ns3:atemp>36.0</ns3:atemp>
          </ns3:TrackPointExtension>
        </extensions>
      </trkpt>
      <trkpt lat="48.8734110631048679351806640625" lon="2.33031987212598323822021484375">
        <ele>44.59999847412109375</ele>
        <time>2026-05-22T11:49:50.000Z</time>
        <extensions>
          <ns3:TrackPointExtension>
            <ns3:atemp>36.0</ns3:atemp>
          </ns3:TrackPointExtension>
        </extensions>
      </trkpt>
      <trkpt lat="48.873421959578990936279296875" lon="2.33022968284785747528076171875">
        <ele>44.40000152587890625</ele>
        <time>2026-05-22T11:49:51.000Z</time>
        <extensions>
          <ns3:TrackPointExtension>
            <ns3:atemp>36.0</ns3:atemp>
          </ns3:TrackPointExtension>
        </extensions>
      </trkpt>
      <trkpt lat="48.8734348677098751068115234375" lon="2.33013756573200225830078125">
        <ele>44.40000152587890625</ele>
        <time>2026-05-22T11:49:52.000Z</time>
        <extensions>
          <ns3:TrackPointExtension>
            <ns3:atemp>36.0</ns3:atemp>
          </ns3:TrackPointExtension>
        </extensions>
      </trkpt>
      <trkpt lat="48.87344484217464923858642578125" lon="2.3300401680171489715576171875">
        <ele>44.40000152587890625</ele>
        <time>2026-05-22T11:49:53.000Z</time>
        <extensions>
          <ns3:TrackPointExtension>
            <ns3:atemp>36.0</ns3:atemp>
          </ns3:TrackPointExtension>
        </extensions>
      </trkpt>
      <trkpt lat="48.87345707975327968597412109375" lon="2.32994042336940765380859375">
        <ele>44.200000762939453125</ele>
        <time>2026-05-22T11:49:54.000Z</time>
        <extensions>
          <ns3:TrackPointExtension>
            <ns3:atemp>36.0</ns3:atemp>
          </ns3:TrackPointExtension>
        </extensions>
      </trkpt>
      <trkpt lat="48.87346629984676837921142578125" lon="2.32984562404453754425048828125">
        <ele>44.200000762939453125</ele>
        <time>2026-05-22T11:49:55.000Z</time>
        <extensions>
          <ns3:TrackPointExtension>
            <ns3:atemp>36.0</ns3:atemp>
          </ns3:TrackPointExtension>
        </extensions>
      </trkpt>
      <trkpt lat="48.8734774477779865264892578125" lon="2.329740934073925018310546875">
        <ele>44.200000762939453125</ele>
        <time>2026-05-22T11:49:56.000Z</time>
        <extensions>
          <ns3:TrackPointExtension>
            <ns3:atemp>36.0</ns3:atemp>
          </ns3:TrackPointExtension>
        </extensions>
      </trkpt>
      <trkpt lat="48.8734918646514415740966796875" lon="2.32963155023753643035888671875">
        <ele>44.200000762939453125</ele>
        <time>2026-05-22T11:49:57.000Z</time>
        <extensions>
          <ns3:TrackPointExtension>
            <ns3:atemp>36.0</ns3:atemp>
          </ns3:TrackPointExtension>
        </extensions>
      </trkpt>
      <trkpt lat="48.8734982348978519439697265625" lon="2.3295221664011478424072265625">
        <ele>44.200000762939453125</ele>
        <time>2026-05-22T11:49:58.000Z</time>
        <extensions>
          <ns3:TrackPointExtension>
            <ns3:atemp>36.0</ns3:atemp>
          </ns3:TrackPointExtension>
        </extensions>
      </trkpt>
      <trkpt lat="48.873507790267467498779296875" lon="2.3294028080999851226806640625">
        <ele>44.200000762939453125</ele>
        <time>2026-05-22T11:49:59.000Z</time>
        <extensions>
          <ns3:TrackPointExtension>
            <ns3:atemp>36.0</ns3:atemp>
          </ns3:TrackPointExtension>
        </extensions>
      </trkpt>
      <trkpt lat="48.8735206983983516693115234375" lon="2.32928688637912273406982421875">
        <ele>44.40000152587890625</ele>
        <time>2026-05-22T11:50:00.000Z</time>
        <extensions>
          <ns3:TrackPointExtension>
            <ns3:atemp>36.0</ns3:atemp>
          </ns3:TrackPointExtension>
        </extensions>
      </trkpt>
      <trkpt lat="48.87353033758699893951416015625" lon="2.32917088083922863006591796875">
        <ele>44.40000152587890625</ele>
        <time>2026-05-22T11:50:01.000Z</time>
        <extensions>
          <ns3:TrackPointExtension>
            <ns3:atemp>36.0</ns3:atemp>
          </ns3:TrackPointExtension>
        </extensions>
      </trkpt>
      <trkpt lat="48.8735448382794857025146484375" lon="2.3290608264505863189697265625">
        <ele>44.40000152587890625</ele>
        <time>2026-05-22T11:50:02.000Z</time>
        <extensions>
          <ns3:TrackPointExtension>
            <ns3:atemp>36.0</ns3:atemp>
          </ns3:TrackPointExtension>
        </extensions>
      </trkpt>
      <trkpt lat="48.87355984188616275787353515625" lon="2.32895077206194400787353515625">
        <ele>44.59999847412109375</ele>
        <time>2026-05-22T11:50:03.000Z</time>
        <extensions>
          <ns3:TrackPointExtension>
            <ns3:atemp>36.0</ns3:atemp>
          </ns3:TrackPointExtension>
        </extensions>
      </trkpt>
      <trkpt lat="48.8735780306160449981689453125" lon="2.3288378678262233734130859375">
        <ele>44.59999847412109375</ele>
        <time>2026-05-22T11:50:04.000Z</time>
        <extensions>
          <ns3:TrackPointExtension>
            <ns3:atemp>36.0</ns3:atemp>
          </ns3:TrackPointExtension>
        </extensions>
      </trkpt>
      <trkpt lat="48.8735931180417537689208984375" lon="2.3287354409694671630859375">
        <ele>44.40000152587890625</ele>
        <time>2026-05-22T11:50:05.000Z</time>
        <extensions>
          <ns3:TrackPointExtension>
            <ns3:atemp>36.0</ns3:atemp>
          </ns3:TrackPointExtension>
        </extensions>
      </trkpt>
      <trkpt lat="48.873605690896511077880859375" lon="2.328638546168804168701171875">
        <ele>44.40000152587890625</ele>
        <time>2026-05-22T11:50:06.000Z</time>
        <extensions>
          <ns3:TrackPointExtension>
            <ns3:atemp>36.0</ns3:atemp>
          </ns3:TrackPointExtension>
        </extensions>
      </trkpt>
      <trkpt lat="48.87361885048449039459228515625" lon="2.32854835689067840576171875">
        <ele>44.40000152587890625</ele>
        <time>2026-05-22T11:50:07.000Z</time>
        <extensions>
          <ns3:TrackPointExtension>
            <ns3:atemp>36.0</ns3:atemp>
          </ns3:TrackPointExtension>
        </extensions>
      </trkpt>
      <trkpt lat="48.8736341893672943115234375" lon="2.32845841906964778900146484375">
        <ele>44.40000152587890625</ele>
        <time>2026-05-22T11:50:08.000Z</time>
        <extensions>
          <ns3:TrackPointExtension>
            <ns3:atemp>36.0</ns3:atemp>
          </ns3:TrackPointExtension>
        </extensions>
      </trkpt>
      <trkpt lat="48.87365204282104969024658203125" lon="2.328370325267314910888671875">
        <ele>44.40000152587890625</ele>
        <time>2026-05-22T11:50:09.000Z</time>
        <extensions>
          <ns3:TrackPointExtension>
            <ns3:atemp>36.0</ns3:atemp>
          </ns3:TrackPointExtension>
        </extensions>
      </trkpt>
      <trkpt lat="48.87366897426545619964599609375" lon="2.32828156091272830963134765625">
        <ele>44.40000152587890625</ele>
        <time>2026-05-22T11:50:10.000Z</time>
        <extensions>
          <ns3:TrackPointExtension>
            <ns3:atemp>36.0</ns3:atemp>
          </ns3:TrackPointExtension>
        </extensions>
      </trkpt>
      <trkpt lat="48.87368691153824329376220703125" lon="2.32819832861423492431640625">
        <ele>44.40000152587890625</ele>
        <time>2026-05-22T11:50:11.000Z</time>
        <extensions>
          <ns3:TrackPointExtension>
            <ns3:atemp>36.0</ns3:atemp>
          </ns3:TrackPointExtension>
        </extensions>
      </trkpt>
      <trkpt lat="48.87370015494525432586669921875" lon="2.328122556209564208984375">
        <ele>44.59999847412109375</ele>
        <time>2026-05-22T11:50:12.000Z</time>
        <extensions>
          <ns3:TrackPointExtension>
            <ns3:atemp>36.0</ns3:atemp>
          </ns3:TrackPointExtension>
        </extensions>
      </trkpt>
      <trkpt lat="48.87372211553156375885009765625" lon="2.32804787345230579376220703125">
        <ele>44.59999847412109375</ele>
        <time>2026-05-22T11:50:13.000Z</time>
        <extensions>
          <ns3:TrackPointExtension>
            <ns3:atemp>36.0</ns3:atemp>
          </ns3:TrackPointExtension>
        </extensions>
      </trkpt>
      <trkpt lat="48.87373485602438449859619140625" lon="2.3279768787324428558349609375">
        <ele>44.59999847412109375</ele>
        <time>2026-05-22T11:50:14.000Z</time>
        <extensions>
          <ns3:TrackPointExtension>
            <ns3:atemp>36.0</ns3:atemp>
          </ns3:TrackPointExtension>
        </extensions>
      </trkpt>
      <trkpt lat="48.87374508194625377655029296875" lon="2.327910326421260833740234375">
        <ele>44.40000152587890625</ele>
        <time>2026-05-22T11:50:15.000Z</time>
        <extensions>
          <ns3:TrackPointExtension>
            <ns3:atemp>36.0</ns3:atemp>
          </ns3:TrackPointExtension>
        </extensions>
      </trkpt>
      <trkpt lat="48.87375296093523502349853515625" lon="2.32784084044396877288818359375">
        <ele>44.40000152587890625</ele>
        <time>2026-05-22T11:50:16.000Z</time>
        <extensions>
          <ns3:TrackPointExtension>
            <ns3:atemp>36.0</ns3:atemp>
          </ns3:TrackPointExtension>
        </extensions>
      </trkpt>
      <trkpt lat="48.8737614266574382781982421875" lon="2.32776490040123462677001953125">
        <ele>44.200000762939453125</ele>
        <time>2026-05-22T11:50:17.000Z</time>
        <extensions>
          <ns3:TrackPointExtension>
            <ns3:atemp>36.0</ns3:atemp>
          </ns3:TrackPointExtension>
        </extensions>
      </trkpt>
      <trkpt lat="48.87376905418932437896728515625" lon="2.327688038349151611328125">
        <ele>44.200000762939453125</ele>
        <time>2026-05-22T11:50:18.000Z</time>
        <extensions>
          <ns3:TrackPointExtension>
            <ns3:atemp>36.0</ns3:atemp>
          </ns3:TrackPointExtension>
        </extensions>
      </trkpt>
      <trkpt lat="48.87377425096929073333740234375" lon="2.32760866172611713409423828125">
        <ele>44</ele>
        <time>2026-05-22T11:50:19.000Z</time>
        <extensions>
          <ns3:TrackPointExtension>
            <ns3:atemp>36.0</ns3:atemp>
          </ns3:TrackPointExtension>
        </extensions>
      </trkpt>
      <trkpt lat="48.8737758435308933258056640625" lon="2.3275349847972393035888671875">
        <ele>44</ele>
        <time>2026-05-22T11:50:20.000Z</time>
        <extensions>
          <ns3:TrackPointExtension>
            <ns3:atemp>36.0</ns3:atemp>
          </ns3:TrackPointExtension>
        </extensions>
      </trkpt>
      <trkpt lat="48.8737805373966693878173828125" lon="2.32747438363730907440185546875">
        <ele>44</ele>
        <time>2026-05-22T11:50:21.000Z</time>
        <extensions>
          <ns3:TrackPointExtension>
            <ns3:atemp>36.0</ns3:atemp>
          </ns3:TrackPointExtension>
        </extensions>
      </trkpt>
      <trkpt lat="48.87378950603306293487548828125" lon="2.32741721905767917633056640625">
        <ele>44</ele>
        <time>2026-05-22T11:50:22.000Z</time>
        <extensions>
          <ns3:TrackPointExtension>
            <ns3:atemp>36.0</ns3:atemp>
          </ns3:TrackPointExtension>
        </extensions>
      </trkpt>
      <trkpt lat="48.8738019950687885284423828125" lon="2.327355444431304931640625">
        <ele>44</ele>
        <time>2026-05-22T11:50:23.000Z</time>
        <extensions>
          <ns3:TrackPointExtension>
            <ns3:atemp>36.0</ns3:atemp>
          </ns3:TrackPointExtension>
        </extensions>
      </trkpt>
      <trkpt lat="48.87381599284708499908447265625" lon="2.3272924125194549560546875">
        <ele>44</ele>
        <time>2026-05-22T11:50:24.000Z</time>
        <extensions>
          <ns3:TrackPointExtension>
            <ns3:atemp>36.0</ns3:atemp>
          </ns3:TrackPointExtension>
        </extensions>
      </trkpt>
      <trkpt lat="48.87383778579533100128173828125" lon="2.32724119909107685089111328125">
        <ele>43.799999237060546875</ele>
        <time>2026-05-22T11:50:25.000Z</time>
        <extensions>
          <ns3:TrackPointExtension>
            <ns3:atemp>36.0</ns3:atemp>
          </ns3:TrackPointExtension>
        </extensions>
      </trkpt>
      <trkpt lat="48.87387114576995372772216796875" lon="2.32719208113849163055419921875">
        <ele>43.799999237060546875</ele>
        <time>2026-05-22T11:50:26.000Z</time>
        <extensions>
          <ns3:TrackPointExtension>
            <ns3:atemp>36.0</ns3:atemp>
          </ns3:TrackPointExtension>
        </extensions>
      </trkpt>
      <trkpt lat="48.8739131391048431396484375" lon="2.3271547816693782806396484375">
        <ele>43.799999237060546875</ele>
        <time>2026-05-22T11:50:27.000Z</time>
        <extensions>
          <ns3:TrackPointExtension>
            <ns3:atemp>36.0</ns3:atemp>
          </ns3:TrackPointExtension>
        </extensions>
      </trkpt>
      <trkpt lat="48.873960413038730621337890625" lon="2.327124439179897308349609375">
        <ele>43.59999847412109375</ele>
        <time>2026-05-22T11:50:28.000Z</time>
        <extensions>
          <ns3:TrackPointExtension>
            <ns3:atemp>36.0</ns3:atemp>
          </ns3:TrackPointExtension>
        </extensions>
      </trkpt>
      <trkpt lat="48.87401330284774303436279296875" lon="2.32709501869976520538330078125">
        <ele>43.799999237060546875</ele>
        <time>2026-05-22T11:50:29.000Z</time>
        <extensions>
          <ns3:TrackPointExtension>
            <ns3:atemp>36.0</ns3:atemp>
          </ns3:TrackPointExtension>
        </extensions>
      </trkpt>
      <trkpt lat="48.874069713056087493896484375" lon="2.3270659334957599639892578125">
        <ele>43.799999237060546875</ele>
        <time>2026-05-22T11:50:30.000Z</time>
        <extensions>
          <ns3:TrackPointExtension>
            <ns3:atemp>36.0</ns3:atemp>
          </ns3:TrackPointExtension>
        </extensions>
      </trkpt>
      <trkpt lat="48.87413215823471546173095703125" lon="2.32704288326203823089599609375">
        <ele>44</ele>
        <time>2026-05-22T11:50:31.000Z</time>
        <extensions>
          <ns3:TrackPointExtension>
            <ns3:atemp>36.0</ns3:atemp>
          </ns3:TrackPointExtension>
        </extensions>
      </trkpt>
      <trkpt lat="48.87419083155691623687744140625" lon="2.32701002620160579681396484375">
        <ele>44</ele>
        <time>2026-05-22T11:50:32.000Z</time>
        <extensions>
          <ns3:TrackPointExtension>
            <ns3:atemp>36.0</ns3:atemp>
          </ns3:TrackPointExtension>
        </extensions>
      </trkpt>
      <trkpt lat="48.87423458509147167205810546875" lon="2.3269894905388355255126953125">
        <ele>44.200000762939453125</ele>
        <time>2026-05-22T11:50:33.000Z</time>
        <extensions>
          <ns3:TrackPointExtension>
            <ns3:atemp>36.0</ns3:atemp>
          </ns3:TrackPointExtension>
        </extensions>
      </trkpt>
      <trkpt lat="48.874256126582622528076171875" lon="2.32697281055152416229248046875">
        <ele>44.200000762939453125</ele>
        <time>2026-05-22T11:50:34.000Z</time>
        <extensions>
          <ns3:TrackPointExtension>
            <ns3:atemp>36.0</ns3:atemp>
          </ns3:TrackPointExtension>
        </extensions>
      </trkpt>
      <trkpt lat="48.87428529560565948486328125" lon="2.32696241699159145355224609375">
        <ele>44.200000762939453125</ele>
        <time>2026-05-22T11:50:35.000Z</time>
        <extensions>
          <ns3:TrackPointExtension>
            <ns3:atemp>36.0</ns3:atemp>
          </ns3:TrackPointExtension>
        </extensions>
      </trkpt>
      <trkpt lat="48.87430365197360515594482421875" lon="2.3269465751945972442626953125">
        <ele>44.200000762939453125</ele>
        <time>2026-05-22T11:50:36.000Z</time>
        <extensions>
          <ns3:TrackPointExtension>
            <ns3:atemp>36.0</ns3:atemp>
          </ns3:TrackPointExtension>
        </extensions>
      </trkpt>
      <trkpt lat="48.8743330724537372589111328125" lon="2.3269284702837467193603515625">
        <ele>44.200000762939453125</ele>
        <time>2026-05-22T11:50:37.000Z</time>
        <extensions>
          <ns3:TrackPointExtension>
            <ns3:atemp>36.0</ns3:atemp>
          </ns3:TrackPointExtension>
        </extensions>
      </trkpt>
      <trkpt lat="48.87435880489647388458251953125" lon="2.3269076831638813018798828125">
        <ele>44.200000762939453125</ele>
        <time>2026-05-22T11:50:38.000Z</time>
        <extensions>
          <ns3:TrackPointExtension>
            <ns3:atemp>36.0</ns3:atemp>
          </ns3:TrackPointExtension>
        </extensions>
      </trkpt>
      <trkpt lat="48.87439803220331668853759765625" lon="2.32688480056822299957275390625">
        <ele>44.200000762939453125</ele>
        <time>2026-05-22T11:50:39.000Z</time>
        <extensions>
          <ns3:TrackPointExtension>
            <ns3:atemp>36.0</ns3:atemp>
          </ns3:TrackPointExtension>
        </extensions>
      </trkpt>
      <trkpt lat="48.87444044463336467742919921875" lon="2.3268580622971057891845703125">
        <ele>44.40000152587890625</ele>
        <time>2026-05-22T11:50:40.000Z</time>
        <extensions>
          <ns3:TrackPointExtension>
            <ns3:atemp>36.0</ns3:atemp>
          </ns3:TrackPointExtension>
        </extensions>
      </trkpt>
      <trkpt lat="48.87448436580598354339599609375" lon="2.32683442533016204833984375">
        <ele>44.59999847412109375</ele>
        <time>2026-05-22T11:50:41.000Z</time>
        <extensions>
          <ns3:TrackPointExtension>
            <ns3:atemp>36.0</ns3:atemp>
          </ns3:TrackPointExtension>
        </extensions>
      </trkpt>
      <trkpt lat="48.8745354115962982177734375" lon="2.3268161527812480926513671875">
        <ele>44.59999847412109375</ele>
        <time>2026-05-22T11:50:42.000Z</time>
        <extensions>
          <ns3:TrackPointExtension>
            <ns3:atemp>36.0</ns3:atemp>
          </ns3:TrackPointExtension>
        </extensions>
      </trkpt>
      <trkpt lat="48.87459115125238895416259765625" lon="2.3267967067658901214599609375">
        <ele>44.799999237060546875</ele>
        <time>2026-05-22T11:50:43.000Z</time>
        <extensions>
          <ns3:TrackPointExtension>
            <ns3:atemp>36.0</ns3:atemp>
          </ns3:TrackPointExtension>
        </extensions>
      </trkpt>
      <trkpt lat="48.8746529258787631988525390625" lon="2.326767705380916595458984375">
        <ele>44.799999237060546875</ele>
        <time>2026-05-22T11:50:44.000Z</time>
        <extensions>
          <ns3:TrackPointExtension>
            <ns3:atemp>36.0</ns3:atemp>
          </ns3:TrackPointExtension>
        </extensions>
      </trkpt>
      <trkpt lat="48.8747196458280086517333984375" lon="2.32673979364335536956787109375">
        <ele>44.799999237060546875</ele>
        <time>2026-05-22T11:50:45.000Z</time>
        <extensions>
          <ns3:TrackPointExtension>
            <ns3:atemp>36.0</ns3:atemp>
          </ns3:TrackPointExtension>
        </extensions>
      </trkpt>
      <trkpt lat="48.87478955090045928955078125" lon="2.32671481557190418243408203125">
        <ele>45</ele>
        <time>2026-05-22T11:50:46.000Z</time>
        <extensions>
          <ns3:TrackPointExtension>
            <ns3:atemp>36.0</ns3:atemp>
          </ns3:TrackPointExtension>
        </extensions>
      </trkpt>
      <trkpt lat="48.8748604618012905120849609375" lon="2.32669101096689701080322265625">
        <ele>45.200000762939453125</ele>
        <time>2026-05-22T11:50:47.000Z</time>
        <extensions>
          <ns3:TrackPointExtension>
            <ns3:atemp>36.0</ns3:atemp>
          </ns3:TrackPointExtension>
        </extensions>
      </trkpt>
      <trkpt lat="48.87493170797824859619140625" lon="2.3266689665615558624267578125">
        <ele>45.200000762939453125</ele>
        <time>2026-05-22T11:50:48.000Z</time>
        <extensions>
          <ns3:TrackPointExtension>
            <ns3:atemp>36.0</ns3:atemp>
          </ns3:TrackPointExtension>
        </extensions>
      </trkpt>
      <trkpt lat="48.87500488199293613433837890625" lon="2.32665195129811763763427734375">
        <ele>45.200000762939453125</ele>
        <time>2026-05-22T11:50:49.000Z</time>
        <extensions>
          <ns3:TrackPointExtension>
            <ns3:atemp>36.0</ns3:atemp>
          </ns3:TrackPointExtension>
        </extensions>
      </trkpt>
      <trkpt lat="48.8750887848436832427978515625" lon="2.32663418166339397430419921875">
        <ele>45.40000152587890625</ele>
        <time>2026-05-22T11:50:50.000Z</time>
        <extensions>
          <ns3:TrackPointExtension>
            <ns3:atemp>36.0</ns3:atemp>
          </ns3:TrackPointExtension>
        </extensions>
      </trkpt>
      <trkpt lat="48.87514620088040828704833984375" lon="2.3266163282096385955810546875">
        <ele>45.40000152587890625</ele>
        <time>2026-05-22T11:50:51.000Z</time>
        <extensions>
          <ns3:TrackPointExtension>
            <ns3:atemp>36.0</ns3:atemp>
          </ns3:TrackPointExtension>
        </extensions>
      </trkpt>
      <trkpt lat="48.87519330717623233795166015625" lon="2.32660551555454730987548828125">
        <ele>45.40000152587890625</ele>
        <time>2026-05-22T11:50:52.000Z</time>
        <extensions>
          <ns3:TrackPointExtension>
            <ns3:atemp>36.0</ns3:atemp>
          </ns3:TrackPointExtension>
        </extensions>
      </trkpt>
      <trkpt lat="48.87523169629275798797607421875" lon="2.3265982232987880706787109375">
        <ele>45.40000152587890625</ele>
        <time>2026-05-22T11:50:53.000Z</time>
        <extensions>
          <ns3:TrackPointExtension>
            <ns3:atemp>36.0</ns3:atemp>
          </ns3:TrackPointExtension>
        </extensions>
      </trkpt>
      <trkpt lat="48.87526371516287326812744140625" lon="2.3265962116420269012451171875">
        <ele>45.200000762939453125</ele>
        <time>2026-05-22T11:50:54.000Z</time>
        <extensions>
          <ns3:TrackPointExtension>
            <ns3:atemp>36.0</ns3:atemp>
          </ns3:TrackPointExtension>
        </extensions>
      </trkpt>
      <trkpt lat="48.87530813924968242645263671875" lon="2.32660987414419651031494140625">
        <ele>45</ele>
        <time>2026-05-22T11:50:55.000Z</time>
        <extensions>
          <ns3:TrackPointExtension>
            <ns3:atemp>36.0</ns3:atemp>
          </ns3:TrackPointExtension>
        </extensions>
      </trkpt>
      <trkpt lat="48.87536622583866119384765625" lon="2.32661448419094085693359375">
        <ele>45</ele>
        <time>2026-05-22T11:50:56.000Z</time>
        <extensions>
          <ns3:TrackPointExtension>
            <ns3:atemp>36.0</ns3:atemp>
          </ns3:TrackPointExtension>
        </extensions>
      </trkpt>
      <trkpt lat="48.87540972791612148284912109375" lon="2.3266206867992877960205078125">
        <ele>45</ele>
        <time>2026-05-22T11:50:57.000Z</time>
        <extensions>
          <ns3:TrackPointExtension>
            <ns3:atemp>36.0</ns3:atemp>
          </ns3:TrackPointExtension>
        </extensions>
      </trkpt>
      <trkpt lat="48.8754626177251338958740234375" lon="2.32662579976022243499755859375">
        <ele>45</ele>
        <time>2026-05-22T11:50:58.000Z</time>
        <extensions>
          <ns3:TrackPointExtension>
            <ns3:atemp>36.0</ns3:atemp>
          </ns3:TrackPointExtension>
        </extensions>
      </trkpt>
      <trkpt lat="48.87549404986202716827392578125" lon="2.32664423994719982147216796875">
        <ele>45.200000762939453125</ele>
        <time>2026-05-22T11:50:59.000Z</time>
        <extensions>
          <ns3:TrackPointExtension>
            <ns3:atemp>36.0</ns3:atemp>
          </ns3:TrackPointExtension>
        </extensions>
      </trkpt>
      <trkpt lat="48.8755144178867340087890625" lon="2.32664289884269237518310546875">
        <ele>45.200000762939453125</ele>
        <time>2026-05-22T11:51:00.000Z</time>
        <extensions>
          <ns3:TrackPointExtension>
            <ns3:atemp>36.0</ns3:atemp>
          </ns3:TrackPointExtension>
        </extensions>
      </trkpt>
      <trkpt lat="48.8755199499428272247314453125" lon="2.32665765099227428436279296875">
        <ele>45.200000762939453125</ele>
        <time>2026-05-22T11:51:01.000Z</time>
        <extensions>
          <ns3:TrackPointExtension>
            <ns3:atemp>36.0</ns3:atemp>
          </ns3:TrackPointExtension>
        </extensions>
      </trkpt>
      <trkpt lat="48.87552891857922077178955078125" lon="2.3266689665615558624267578125">
        <ele>45.200000762939453125</ele>
        <time>2026-05-22T11:51:02.000Z</time>
        <extensions>
          <ns3:TrackPointExtension>
            <ns3:atemp>35.0</ns3:atemp>
          </ns3:TrackPointExtension>
        </extensions>
      </trkpt>
      <trkpt lat="48.87551701627671718597412109375" lon="2.3266646079719066619873046875">
        <ele>45.200000762939453125</ele>
        <time>2026-05-22T11:51:03.000Z</time>
        <extensions>
          <ns3:TrackPointExtension>
            <ns3:atemp>35.0</ns3:atemp>
          </ns3:TrackPointExtension>
        </extensions>
      </trkpt>
      <trkpt lat="48.87551349587738513946533203125" lon="2.326662428677082061767578125">
        <ele>45</ele>
        <time>2026-05-22T11:51:04.000Z</time>
        <extensions>
          <ns3:TrackPointExtension>
            <ns3:atemp>35.0</ns3:atemp>
          </ns3:TrackPointExtension>
        </extensions>
      </trkpt>
      <trkpt lat="48.8755155913531780242919921875" lon="2.32665999792516231536865234375">
        <ele>45</ele>
        <time>2026-05-22T11:51:05.000Z</time>
        <extensions>
          <ns3:TrackPointExtension>
            <ns3:atemp>35.0</ns3:atemp>
          </ns3:TrackPointExtension>
        </extensions>
      </trkpt>
      <trkpt lat="48.87552003376185894012451171875" lon="2.32665949501097202301025390625">
        <ele>45</ele>
        <time>2026-05-22T11:51:06.000Z</time>
        <extensions>
          <ns3:TrackPointExtension>
            <ns3:atemp>35.0</ns3:atemp>
          </ns3:TrackPointExtension>
        </extensions>
      </trkpt>
      <trkpt lat="48.87552020139992237091064453125" lon="2.32666837982833385467529296875">
        <ele>45</ele>
        <time>2026-05-22T11:51:07.000Z</time>
        <extensions>
          <ns3:TrackPointExtension>
            <ns3:atemp>35.0</ns3:atemp>
          </ns3:TrackPointExtension>
        </extensions>
      </trkpt>
      <trkpt lat="48.87552271597087383270263671875" lon="2.3266870714724063873291015625">
        <ele>44.799999237060546875</ele>
        <time>2026-05-22T11:51:08.000Z</time>
        <extensions>
          <ns3:TrackPointExtension>
            <ns3:atemp>35.0</ns3:atemp>
          </ns3:TrackPointExtension>
        </extensions>
      </trkpt>
      <trkpt lat="48.87552992440760135650634765625" lon="2.32669788412749767303466796875">
        <ele>44.799999237060546875</ele>
        <time>2026-05-22T11:51:09.000Z</time>
        <extensions>
          <ns3:TrackPointExtension>
            <ns3:atemp>35.0</ns3:atemp>
          </ns3:TrackPointExtension>
        </extensions>
      </trkpt>
      <trkpt lat="48.87552958913147449493408203125" lon="2.3267014883458614349365234375">
        <ele>44.799999237060546875</ele>
        <time>2026-05-22T11:51:10.000Z</time>
        <extensions>
          <ns3:TrackPointExtension>
            <ns3:atemp>35.0</ns3:atemp>
          </ns3:TrackPointExtension>
        </extensions>
      </trkpt>
      <trkpt lat="48.8755278289318084716796875" lon="2.3266937769949436187744140625">
        <ele>44.799999237060546875</ele>
        <time>2026-05-22T11:51:11.000Z</time>
        <extensions>
          <ns3:TrackPointExtension>
            <ns3:atemp>35.0</ns3:atemp>
          </ns3:TrackPointExtension>
        </extensions>
      </trkpt>
      <trkpt lat="48.8755729235708713531494140625" lon="2.32673996128141880035400390625">
        <ele>44.799999237060546875</ele>
        <time>2026-05-22T11:51:14.000Z</time>
        <extensions>
          <ns3:TrackPointExtension>
            <ns3:atemp>35.0</ns3:atemp>
          </ns3:TrackPointExtension>
        </extensions>
      </trkpt>
      <trkpt lat="48.87560787610709667205810546875" lon="2.3267387039959430694580078125">
        <ele>44.799999237060546875</ele>
        <time>2026-05-22T11:51:15.000Z</time>
        <extensions>
          <ns3:TrackPointExtension>
            <ns3:atemp>35.0</ns3:atemp>
          </ns3:TrackPointExtension>
        </extensions>
      </trkpt>
      <trkpt lat="48.87564718723297119140625" lon="2.32671883888542652130126953125">
        <ele>44.799999237060546875</ele>
        <time>2026-05-22T11:51:16.000Z</time>
        <extensions>
          <ns3:TrackPointExtension>
            <ns3:atemp>35.0</ns3:atemp>
          </ns3:TrackPointExtension>
        </extensions>
      </trkpt>
      <trkpt lat="48.8756879232823848724365234375" lon="2.3266884125769138336181640625">
        <ele>44.59999847412109375</ele>
        <time>2026-05-22T11:51:17.000Z</time>
        <extensions>
          <ns3:TrackPointExtension>
            <ns3:atemp>35.0</ns3:atemp>
          </ns3:TrackPointExtension>
        </extensions>
      </trkpt>
      <trkpt lat="48.87572270818054676055908203125" lon="2.32663636095821857452392578125">
        <ele>44.59999847412109375</ele>
        <time>2026-05-22T11:51:18.000Z</time>
        <extensions>
          <ns3:TrackPointExtension>
            <ns3:atemp>35.0</ns3:atemp>
          </ns3:TrackPointExtension>
        </extensions>
      </trkpt>
      <trkpt lat="48.8757502846419811248779296875" lon="2.3265762627124786376953125">
        <ele>44.59999847412109375</ele>
        <time>2026-05-22T11:51:19.000Z</time>
        <extensions>
          <ns3:TrackPointExtension>
            <ns3:atemp>35.0</ns3:atemp>
          </ns3:TrackPointExtension>
        </extensions>
      </trkpt>
      <trkpt lat="48.875791691243648529052734375" lon="2.32653309591114521026611328125">
        <ele>44.59999847412109375</ele>
        <time>2026-05-22T11:51:20.000Z</time>
        <extensions>
          <ns3:TrackPointExtension>
            <ns3:atemp>35.0</ns3:atemp>
          </ns3:TrackPointExtension>
        </extensions>
      </trkpt>
      <trkpt lat="48.87584089301526546478271484375" lon="2.326509542763233184814453125">
        <ele>44.59999847412109375</ele>
        <time>2026-05-22T11:51:21.000Z</time>
        <extensions>
          <ns3:TrackPointExtension>
            <ns3:atemp>35.0</ns3:atemp>
          </ns3:TrackPointExtension>
        </extensions>
      </trkpt>
      <trkpt lat="48.87589302845299243927001953125" lon="2.32650040648877620697021484375">
        <ele>44.799999237060546875</ele>
        <time>2026-05-22T11:51:22.000Z</time>
        <extensions>
          <ns3:TrackPointExtension>
            <ns3:atemp>35.0</ns3:atemp>
          </ns3:TrackPointExtension>
        </extensions>
      </trkpt>
      <trkpt lat="48.875943236052989959716796875" lon="2.32649671845138072967529296875">
        <ele>45</ele>
        <time>2026-05-22T11:51:23.000Z</time>
        <extensions>
          <ns3:TrackPointExtension>
            <ns3:atemp>35.0</ns3:atemp>
          </ns3:TrackPointExtension>
        </extensions>
      </trkpt>
      <trkpt lat="48.8759947009384632110595703125" lon="2.32649873010814189910888671875">
        <ele>45.200000762939453125</ele>
        <time>2026-05-22T11:51:24.000Z</time>
        <extensions>
          <ns3:TrackPointExtension>
            <ns3:atemp>35.0</ns3:atemp>
          </ns3:TrackPointExtension>
        </extensions>
      </trkpt>
      <trkpt lat="48.8760436512529850006103515625" lon="2.3265050165355205535888671875">
        <ele>45.59999847412109375</ele>
        <time>2026-05-22T11:51:25.000Z</time>
        <extensions>
          <ns3:TrackPointExtension>
            <ns3:atemp>35.0</ns3:atemp>
          </ns3:TrackPointExtension>
        </extensions>
      </trkpt>
      <trkpt lat="48.87608866207301616668701171875" lon="2.3265123926103115081787109375">
        <ele>45.799999237060546875</ele>
        <time>2026-05-22T11:51:26.000Z</time>
        <extensions>
          <ns3:TrackPointExtension>
            <ns3:atemp>35.0</ns3:atemp>
          </ns3:TrackPointExtension>
        </extensions>
      </trkpt>
      <trkpt lat="48.87612394988536834716796875" lon="2.3265083692967891693115234375">
        <ele>46</ele>
        <time>2026-05-22T11:51:27.000Z</time>
        <extensions>
          <ns3:TrackPointExtension>
            <ns3:atemp>35.0</ns3:atemp>
          </ns3:TrackPointExtension>
        </extensions>
      </trkpt>
      <trkpt lat="48.87615479528903961181640625" lon="2.32650442980229854583740234375">
        <ele>46.200000762939453125</ele>
        <time>2026-05-22T11:51:28.000Z</time>
        <extensions>
          <ns3:TrackPointExtension>
            <ns3:atemp>35.0</ns3:atemp>
          </ns3:TrackPointExtension>
        </extensions>
      </trkpt>
      <trkpt lat="48.876175917685031890869140625" lon="2.326495461165904998779296875">
        <ele>46.200000762939453125</ele>
        <time>2026-05-22T11:51:29.000Z</time>
        <extensions>
          <ns3:TrackPointExtension>
            <ns3:atemp>35.0</ns3:atemp>
          </ns3:TrackPointExtension>
        </extensions>
      </trkpt>
      <trkpt lat="48.876192010939121246337890625" lon="2.32648699544370174407958984375">
        <ele>46.200000762939453125</ele>
        <time>2026-05-22T11:51:30.000Z</time>
        <extensions>
          <ns3:TrackPointExtension>
            <ns3:atemp>35.0</ns3:atemp>
          </ns3:TrackPointExtension>
        </extensions>
      </trkpt>
      <trkpt lat="48.876197375357151031494140625" lon="2.3264815472066402435302734375">
        <ele>46.200000762939453125</ele>
        <time>2026-05-22T11:51:31.000Z</time>
        <extensions>
          <ns3:TrackPointExtension>
            <ns3:atemp>35.0</ns3:atemp>
          </ns3:TrackPointExtension>
        </extensions>
      </trkpt>
      <trkpt lat="48.87619578279554843902587890625" lon="2.326476015150547027587890625">
        <ele>46.200000762939453125</ele>
        <time>2026-05-22T11:51:32.000Z</time>
        <extensions>
          <ns3:TrackPointExtension>
            <ns3:atemp>35.0</ns3:atemp>
          </ns3:TrackPointExtension>
        </extensions>
      </trkpt>
      <trkpt lat="48.87618958018720149993896484375" lon="2.32647660188376903533935546875">
        <ele>46.200000762939453125</ele>
        <time>2026-05-22T11:51:33.000Z</time>
        <extensions>
          <ns3:TrackPointExtension>
            <ns3:atemp>35.0</ns3:atemp>
          </ns3:TrackPointExtension>
        </extensions>
      </trkpt>
      <trkpt lat="48.87630173005163669586181640625" lon="2.3259799741208553314208984375">
        <ele>45.799999237060546875</ele>
        <time>2026-05-22T11:54:18.000Z</time>
        <extensions>
          <ns3:TrackPointExtension>
            <ns3:atemp>33.0</ns3:atemp>
          </ns3:TrackPointExtension>
        </extensions>
      </trkpt>
      <trkpt lat="48.876308016479015350341796875" lon="2.325948290526866912841796875">
        <ele>45.799999237060546875</ele>
        <time>2026-05-22T11:54:19.000Z</time>
        <extensions>
          <ns3:TrackPointExtension>
            <ns3:atemp>33.0</ns3:atemp>
          </ns3:TrackPointExtension>
        </extensions>
      </trkpt>
      <trkpt lat="48.87631648220121860504150390625" lon="2.32590361498296260833740234375">
        <ele>45.799999237060546875</ele>
        <time>2026-05-22T11:54:20.000Z</time>
        <extensions>
          <ns3:TrackPointExtension>
            <ns3:atemp>33.0</ns3:atemp>
          </ns3:TrackPointExtension>
        </extensions>
      </trkpt>
      <trkpt lat="48.876313380897045135498046875" lon="2.32588701881468296051025390625">
        <ele>45.799999237060546875</ele>
        <time>2026-05-22T11:54:21.000Z</time>
        <extensions>
          <ns3:TrackPointExtension>
            <ns3:atemp>33.0</ns3:atemp>
          </ns3:TrackPointExtension>
        </extensions>
      </trkpt>
      <trkpt lat="48.87630206532776355743408203125" lon="2.32588483951985836029052734375">
        <ele>45.799999237060546875</ele>
        <time>2026-05-22T11:54:22.000Z</time>
        <extensions>
          <ns3:TrackPointExtension>
            <ns3:atemp>33.0</ns3:atemp>
          </ns3:TrackPointExtension>
        </extensions>
      </trkpt>
      <trkpt lat="48.8763125427067279815673828125" lon="2.32573111541569232940673828125">
        <ele>45.799999237060546875</ele>
        <time>2026-05-22T11:54:25.000Z</time>
        <extensions>
          <ns3:TrackPointExtension>
            <ns3:atemp>33.0</ns3:atemp>
          </ns3:TrackPointExtension>
        </extensions>
      </trkpt>
      <trkpt lat="48.8763155601918697357177734375" lon="2.32568903826177120208740234375">
        <ele>46</ele>
        <time>2026-05-22T11:54:26.000Z</time>
        <extensions>
          <ns3:TrackPointExtension>
            <ns3:atemp>33.0</ns3:atemp>
          </ns3:TrackPointExtension>
        </extensions>
      </trkpt>
      <trkpt lat="48.876318745315074920654296875" lon="2.32566229999065399169921875">
        <ele>45.799999237060546875</ele>
        <time>2026-05-22T11:54:27.000Z</time>
        <extensions>
          <ns3:TrackPointExtension>
            <ns3:atemp>33.0</ns3:atemp>
          </ns3:TrackPointExtension>
        </extensions>
      </trkpt>
      <trkpt lat="48.87632167898118495941162109375" lon="2.32565249316394329071044921875">
        <ele>46</ele>
        <time>2026-05-22T11:54:28.000Z</time>
        <extensions>
          <ns3:TrackPointExtension>
            <ns3:atemp>33.0</ns3:atemp>
          </ns3:TrackPointExtension>
        </extensions>
      </trkpt>
      <trkpt lat="48.87632033787667751312255859375" lon="2.325624413788318634033203125">
        <ele>46</ele>
        <time>2026-05-22T11:54:29.000Z</time>
        <extensions>
          <ns3:TrackPointExtension>
            <ns3:atemp>33.0</ns3:atemp>
          </ns3:TrackPointExtension>
        </extensions>
      </trkpt>
      <trkpt lat="48.87631765566766262054443359375" lon="2.32559792697429656982421875">
        <ele>46</ele>
        <time>2026-05-22T11:54:30.000Z</time>
        <extensions>
          <ns3:TrackPointExtension>
            <ns3:atemp>33.0</ns3:atemp>
          </ns3:TrackPointExtension>
        </extensions>
      </trkpt>
      <trkpt lat="48.87632050551474094390869140625" lon="2.32556029222905635833740234375">
        <ele>46</ele>
        <time>2026-05-22T11:54:31.000Z</time>
        <extensions>
          <ns3:TrackPointExtension>
            <ns3:atemp>33.0</ns3:atemp>
          </ns3:TrackPointExtension>
        </extensions>
      </trkpt>
      <trkpt lat="48.8762977905571460723876953125" lon="2.32548166997730731964111328125">
        <ele>46</ele>
        <time>2026-05-22T11:54:32.000Z</time>
        <extensions>
          <ns3:TrackPointExtension>
            <ns3:atemp>33.0</ns3:atemp>
          </ns3:TrackPointExtension>
        </extensions>
      </trkpt>
      <trkpt lat="48.87629334814846515655517578125" lon="2.32543573714792728424072265625">
        <ele>46</ele>
        <time>2026-05-22T11:54:33.000Z</time>
        <extensions>
          <ns3:TrackPointExtension>
            <ns3:atemp>33.0</ns3:atemp>
          </ns3:TrackPointExtension>
        </extensions>
      </trkpt>
      <trkpt lat="48.8762873969972133636474609375" lon="2.325404472649097442626953125">
        <ele>46</ele>
        <time>2026-05-22T11:54:34.000Z</time>
        <extensions>
          <ns3:TrackPointExtension>
            <ns3:atemp>33.0</ns3:atemp>
          </ns3:TrackPointExtension>
        </extensions>
      </trkpt>
      <trkpt lat="48.8762815296649932861328125" lon="2.325376980006694793701171875">
        <ele>46</ele>
        <time>2026-05-22T11:54:35.000Z</time>
        <extensions>
          <ns3:TrackPointExtension>
            <ns3:atemp>33.0</ns3:atemp>
          </ns3:TrackPointExtension>
        </extensions>
      </trkpt>
      <trkpt lat="48.876277506351470947265625" lon="2.32534638606011867523193359375">
        <ele>46</ele>
        <time>2026-05-22T11:54:36.000Z</time>
        <extensions>
          <ns3:TrackPointExtension>
            <ns3:atemp>33.0</ns3:atemp>
          </ns3:TrackPointExtension>
        </extensions>
      </trkpt>
      <trkpt lat="48.876272477209568023681640625" lon="2.32532241381704807281494140625">
        <ele>46</ele>
        <time>2026-05-22T11:54:37.000Z</time>
        <extensions>
          <ns3:TrackPointExtension>
            <ns3:atemp>33.0</ns3:atemp>
          </ns3:TrackPointExtension>
        </extensions>
      </trkpt>
      <trkpt lat="48.87626971118152141571044921875" lon="2.32529751956462860107421875">
        <ele>46</ele>
        <time>2026-05-22T11:54:38.000Z</time>
        <extensions>
          <ns3:TrackPointExtension>
            <ns3:atemp>33.0</ns3:atemp>
          </ns3:TrackPointExtension>
        </extensions>
      </trkpt>
      <trkpt lat="48.876261748373508453369140625" lon="2.3253010399639606475830078125">
        <ele>46</ele>
        <time>2026-05-22T11:54:39.000Z</time>
        <extensions>
          <ns3:TrackPointExtension>
            <ns3:atemp>33.0</ns3:atemp>
          </ns3:TrackPointExtension>
        </extensions>
      </trkpt>
      <trkpt lat="48.87630608864128589630126953125" lon="2.325314618647098541259765625">
        <ele>46</ele>
        <time>2026-05-22T11:54:40.000Z</time>
        <extensions>
          <ns3:TrackPointExtension>
            <ns3:atemp>33.0</ns3:atemp>
          </ns3:TrackPointExtension>
        </extensions>
      </trkpt>
      <trkpt lat="48.8761720620095729827880859375" lon="2.32517656870186328887939453125">
        <ele>45.799999237060546875</ele>
        <time>2026-05-22T11:54:45.000Z</time>
        <extensions>
          <ns3:TrackPointExtension>
            <ns3:atemp>33.0</ns3:atemp>
          </ns3:TrackPointExtension>
        </extensions>
      </trkpt>
      <trkpt lat="48.87616577558219432830810546875" lon="2.32514404691755771636962890625">
        <ele>45.799999237060546875</ele>
        <time>2026-05-22T11:54:46.000Z</time>
        <extensions>
          <ns3:TrackPointExtension>
            <ns3:atemp>33.0</ns3:atemp>
          </ns3:TrackPointExtension>
        </extensions>
      </trkpt>
      <trkpt lat="48.8761489279568195343017578125" lon="2.3251146264374256134033203125">
        <ele>45.799999237060546875</ele>
        <time>2026-05-22T11:54:47.000Z</time>
        <extensions>
          <ns3:TrackPointExtension>
            <ns3:atemp>33.0</ns3:atemp>
          </ns3:TrackPointExtension>
        </extensions>
      </trkpt>
      <trkpt lat="48.87613375671207904815673828125" lon="2.32509191147983074188232421875">
        <ele>45.799999237060546875</ele>
        <time>2026-05-22T11:54:48.000Z</time>
        <extensions>
          <ns3:TrackPointExtension>
            <ns3:atemp>33.0</ns3:atemp>
          </ns3:TrackPointExtension>
        </extensions>
      </trkpt>
      <trkpt lat="48.8761133886873722076416015625" lon="2.3250663466751575469970703125">
        <ele>45.799999237060546875</ele>
        <time>2026-05-22T11:54:49.000Z</time>
        <extensions>
          <ns3:TrackPointExtension>
            <ns3:atemp>33.0</ns3:atemp>
          </ns3:TrackPointExtension>
        </extensions>
      </trkpt>
      <trkpt lat="48.8760956190526485443115234375" lon="2.32504002749919891357421875">
        <ele>45.799999237060546875</ele>
        <time>2026-05-22T11:54:50.000Z</time>
        <extensions>
          <ns3:TrackPointExtension>
            <ns3:atemp>33.0</ns3:atemp>
          </ns3:TrackPointExtension>
        </extensions>
      </trkpt>
      <trkpt lat="48.8760899193584918975830078125" lon="2.32502653263509273529052734375">
        <ele>45.799999237060546875</ele>
        <time>2026-05-22T11:54:51.000Z</time>
        <extensions>
          <ns3:TrackPointExtension>
            <ns3:atemp>33.0</ns3:atemp>
          </ns3:TrackPointExtension>
        </extensions>
      </trkpt>
      <trkpt lat="48.876086063683032989501953125" lon="2.32501446269452571868896484375">
        <ele>45.799999237060546875</ele>
        <time>2026-05-22T11:54:52.000Z</time>
        <extensions>
          <ns3:TrackPointExtension>
            <ns3:atemp>33.0</ns3:atemp>
          </ns3:TrackPointExtension>
        </extensions>
      </trkpt>
      <trkpt lat="48.87609503231942653656005859375" lon="2.3250018060207366943359375">
        <ele>45.799999237060546875</ele>
        <time>2026-05-22T11:54:53.000Z</time>
        <extensions>
          <ns3:TrackPointExtension>
            <ns3:atemp>33.0</ns3:atemp>
          </ns3:TrackPointExtension>
        </extensions>
      </trkpt>
      <trkpt lat="48.87610056437551975250244140625" lon="2.32497422955930233001708984375">
        <ele>45.799999237060546875</ele>
        <time>2026-05-22T11:54:54.000Z</time>
        <extensions>
          <ns3:TrackPointExtension>
            <ns3:atemp>33.0</ns3:atemp>
          </ns3:TrackPointExtension>
        </extensions>
      </trkpt>
      <trkpt lat="48.8761050067842006683349609375" lon="2.32494304887950420379638671875">
        <ele>45.799999237060546875</ele>
        <time>2026-05-22T11:54:55.000Z</time>
        <extensions>
          <ns3:TrackPointExtension>
            <ns3:atemp>33.0</ns3:atemp>
          </ns3:TrackPointExtension>
        </extensions>
      </trkpt>
      <trkpt lat="48.8761098682880401611328125" lon="2.32490968890488147735595703125">
        <ele>45.799999237060546875</ele>
        <time>2026-05-22T11:54:56.000Z</time>
        <extensions>
          <ns3:TrackPointExtension>
            <ns3:atemp>33.0</ns3:atemp>
          </ns3:TrackPointExtension>
        </extensions>
      </trkpt>
      <trkpt lat="48.87611330486834049224853515625" lon="2.32485068030655384063720703125">
        <ele>45.59999847412109375</ele>
        <time>2026-05-22T11:54:57.000Z</time>
        <extensions>
          <ns3:TrackPointExtension>
            <ns3:atemp>33.0</ns3:atemp>
          </ns3:TrackPointExtension>
        </extensions>
      </trkpt>
      <trkpt lat="48.8761204294860363006591796875" lon="2.324766106903553009033203125">
        <ele>45.59999847412109375</ele>
        <time>2026-05-22T11:54:58.000Z</time>
        <extensions>
          <ns3:TrackPointExtension>
            <ns3:atemp>33.0</ns3:atemp>
          </ns3:TrackPointExtension>
        </extensions>
      </trkpt>
      <trkpt lat="48.876114897429943084716796875" lon="2.3247609101235866546630859375">
        <ele>45.59999847412109375</ele>
        <time>2026-05-22T11:54:59.000Z</time>
        <extensions>
          <ns3:TrackPointExtension>
            <ns3:atemp>33.0</ns3:atemp>
          </ns3:TrackPointExtension>
        </extensions>
      </trkpt>
      <trkpt lat="48.87615345418453216552734375" lon="2.32447450049221515655517578125">
        <ele>49.40000152587890625</ele>
        <time>2026-05-22T11:55:21.000Z</time>
        <extensions>
          <ns3:TrackPointExtension>
            <ns3:atemp>33.0</ns3:atemp>
          </ns3:TrackPointExtension>
        </extensions>
      </trkpt>
      <trkpt lat="48.8761608302593231201171875" lon="2.32444399036467075347900390625">
        <ele>49.40000152587890625</ele>
        <time>2026-05-22T11:55:22.000Z</time>
        <extensions>
          <ns3:TrackPointExtension>
            <ns3:atemp>33.0</ns3:atemp>
          </ns3:TrackPointExtension>
        </extensions>
      </trkpt>
      <trkpt lat="48.87615370564162731170654296875" lon="2.32442135922610759735107421875">
        <ele>49.59999847412109375</ele>
        <time>2026-05-22T11:55:23.000Z</time>
        <extensions>
          <ns3:TrackPointExtension>
            <ns3:atemp>33.0</ns3:atemp>
          </ns3:TrackPointExtension>
        </extensions>
      </trkpt>
      <trkpt lat="48.87614465318620204925537109375" lon="2.3243998177349567413330078125">
        <ele>49.59999847412109375</ele>
        <time>2026-05-22T11:55:24.000Z</time>
        <extensions>
          <ns3:TrackPointExtension>
            <ns3:atemp>33.0</ns3:atemp>
          </ns3:TrackPointExtension>
        </extensions>
      </trkpt>
      <trkpt lat="48.87614012695848941802978515625" lon="2.32438045553863048553466796875">
        <ele>49.799999237060546875</ele>
        <time>2026-05-22T11:55:25.000Z</time>
        <extensions>
          <ns3:TrackPointExtension>
            <ns3:atemp>33.0</ns3:atemp>
          </ns3:TrackPointExtension>
        </extensions>
      </trkpt>
      <trkpt lat="48.87613761238753795623779296875" lon="2.32436201535165309906005859375">
        <ele>49.799999237060546875</ele>
        <time>2026-05-22T11:55:26.000Z</time>
        <extensions>
          <ns3:TrackPointExtension>
            <ns3:atemp>33.0</ns3:atemp>
          </ns3:TrackPointExtension>
        </extensions>
      </trkpt>
      <trkpt lat="48.87613459490239620208740234375" lon="2.3243481852114200592041015625">
        <ele>50</ele>
        <time>2026-05-22T11:55:27.000Z</time>
        <extensions>
          <ns3:TrackPointExtension>
            <ns3:atemp>33.0</ns3:atemp>
          </ns3:TrackPointExtension>
        </extensions>
      </trkpt>
      <trkpt lat="48.876147754490375518798828125" lon="2.32435480691492557525634765625">
        <ele>50</ele>
        <time>2026-05-22T11:55:28.000Z</time>
        <extensions>
          <ns3:TrackPointExtension>
            <ns3:atemp>33.0</ns3:atemp>
          </ns3:TrackPointExtension>
        </extensions>
      </trkpt>
      <trkpt lat="48.876144401729106903076171875" lon="2.3243455030024051666259765625">
        <ele>50</ele>
        <time>2026-05-22T11:55:29.000Z</time>
        <extensions>
          <ns3:TrackPointExtension>
            <ns3:atemp>33.0</ns3:atemp>
          </ns3:TrackPointExtension>
        </extensions>
      </trkpt>
      <trkpt lat="48.8762421347200870513916015625" lon="2.324313819408416748046875">
        <ele>49.59999847412109375</ele>
        <time>2026-05-22T11:55:56.000Z</time>
        <extensions>
          <ns3:TrackPointExtension>
            <ns3:atemp>33.0</ns3:atemp>
          </ns3:TrackPointExtension>
        </extensions>
      </trkpt>
      <trkpt lat="48.87623668648302555084228515625" lon="2.32431926764547824859619140625">
        <ele>49.59999847412109375</ele>
        <time>2026-05-22T11:55:57.000Z</time>
        <extensions>
          <ns3:TrackPointExtension>
            <ns3:atemp>33.0</ns3:atemp>
          </ns3:TrackPointExtension>
        </extensions>
      </trkpt>
      <trkpt lat="48.876228891313076019287109375" lon="2.3243253864347934722900390625">
        <ele>49.59999847412109375</ele>
        <time>2026-05-22T11:55:58.000Z</time>
        <extensions>
          <ns3:TrackPointExtension>
            <ns3:atemp>33.0</ns3:atemp>
          </ns3:TrackPointExtension>
        </extensions>
      </trkpt>
      <trkpt lat="48.87621606700122356414794921875" lon="2.324336282908916473388671875">
        <ele>49.59999847412109375</ele>
        <time>2026-05-22T11:55:59.000Z</time>
        <extensions>
          <ns3:TrackPointExtension>
            <ns3:atemp>33.0</ns3:atemp>
          </ns3:TrackPointExtension>
        </extensions>
      </trkpt>
      <trkpt lat="48.87621271423995494842529296875" lon="2.32434189878404140472412109375">
        <ele>49.59999847412109375</ele>
        <time>2026-05-22T11:56:00.000Z</time>
        <extensions>
          <ns3:TrackPointExtension>
            <ns3:atemp>33.0</ns3:atemp>
          </ns3:TrackPointExtension>
        </extensions>
      </trkpt>
      <trkpt lat="48.876207768917083740234375" lon="2.32434474863111972808837890625">
        <ele>49.59999847412109375</ele>
        <time>2026-05-22T11:56:01.000Z</time>
        <extensions>
          <ns3:TrackPointExtension>
            <ns3:atemp>33.0</ns3:atemp>
          </ns3:TrackPointExtension>
        </extensions>
      </trkpt>
      <trkpt lat="48.876206763088703155517578125" lon="2.32434525154531002044677734375">
        <ele>49.59999847412109375</ele>
        <time>2026-05-22T11:56:02.000Z</time>
        <extensions>
          <ns3:TrackPointExtension>
            <ns3:atemp>33.0</ns3:atemp>
          </ns3:TrackPointExtension>
        </extensions>
      </trkpt>
      <trkpt lat="48.87620449997484683990478515625" lon="2.3243473470211029052734375">
        <ele>49.59999847412109375</ele>
        <time>2026-05-22T11:56:03.000Z</time>
        <extensions>
          <ns3:TrackPointExtension>
            <ns3:atemp>33.0</ns3:atemp>
          </ns3:TrackPointExtension>
        </extensions>
      </trkpt>
      <trkpt lat="48.87620416469871997833251953125" lon="2.32434877194464206695556640625">
        <ele>49.59999847412109375</ele>
        <time>2026-05-22T11:56:04.000Z</time>
        <extensions>
          <ns3:TrackPointExtension>
            <ns3:atemp>33.0</ns3:atemp>
          </ns3:TrackPointExtension>
        </extensions>
      </trkpt>
      <trkpt lat="48.87620483525097370147705078125" lon="2.32434910722076892852783203125">
        <ele>49.59999847412109375</ele>
        <time>2026-05-22T11:56:05.000Z</time>
        <extensions>
          <ns3:TrackPointExtension>
            <ns3:atemp>33.0</ns3:atemp>
          </ns3:TrackPointExtension>
        </extensions>
      </trkpt>
      <trkpt lat="48.87620802037417888641357421875" lon="2.32434608973562717437744140625">
        <ele>49.59999847412109375</ele>
        <time>2026-05-22T11:56:06.000Z</time>
        <extensions>
          <ns3:TrackPointExtension>
            <ns3:atemp>33.0</ns3:atemp>
          </ns3:TrackPointExtension>
        </extensions>
      </trkpt>
      <trkpt lat="48.8762072660028934478759765625" lon="2.32433988712728023529052734375">
        <ele>49.59999847412109375</ele>
        <time>2026-05-22T11:56:07.000Z</time>
        <extensions>
          <ns3:TrackPointExtension>
            <ns3:atemp>33.0</ns3:atemp>
          </ns3:TrackPointExtension>
        </extensions>
      </trkpt>
      <trkpt lat="48.87623853050172328948974609375" lon="2.3243820481002330780029296875">
        <ele>49.59999847412109375</ele>
        <time>2026-05-22T11:56:08.000Z</time>
        <extensions>
          <ns3:TrackPointExtension>
            <ns3:atemp>33.0</ns3:atemp>
          </ns3:TrackPointExtension>
        </extensions>
      </trkpt>
      <trkpt lat="48.87626434676349163055419921875" lon="2.3242965526878833770751953125">
        <ele>49</ele>
        <time>2026-05-22T11:57:12.000Z</time>
        <extensions>
          <ns3:TrackPointExtension>
            <ns3:atemp>32.0</ns3:atemp>
          </ns3:TrackPointExtension>
        </extensions>
      </trkpt>
      <trkpt lat="48.876261413097381591796875" lon="2.3242931999266147613525390625">
        <ele>48.799999237060546875</ele>
        <time>2026-05-22T11:57:13.000Z</time>
        <extensions>
          <ns3:TrackPointExtension>
            <ns3:atemp>32.0</ns3:atemp>
          </ns3:TrackPointExtension>
        </extensions>
      </trkpt>
      <trkpt lat="48.87625940144062042236328125" lon="2.3242918588221073150634765625">
        <ele>48.799999237060546875</ele>
        <time>2026-05-22T11:57:14.000Z</time>
        <extensions>
          <ns3:TrackPointExtension>
            <ns3:atemp>32.0</ns3:atemp>
          </ns3:TrackPointExtension>
        </extensions>
      </trkpt>
      <trkpt lat="48.8762485049664974212646484375" lon="2.32429035007953643798828125">
        <ele>48.799999237060546875</ele>
        <time>2026-05-22T11:57:15.000Z</time>
        <extensions>
          <ns3:TrackPointExtension>
            <ns3:atemp>32.0</ns3:atemp>
          </ns3:TrackPointExtension>
        </extensions>
      </trkpt>
      <trkpt lat="48.876239955425262451171875" lon="2.32429110445082187652587890625">
        <ele>48.799999237060546875</ele>
        <time>2026-05-22T11:57:16.000Z</time>
        <extensions>
          <ns3:TrackPointExtension>
            <ns3:atemp>32.0</ns3:atemp>
          </ns3:TrackPointExtension>
        </extensions>
      </trkpt>
      <trkpt lat="48.8762367703020572662353515625" lon="2.324300743639469146728515625">
        <ele>48.799999237060546875</ele>
        <time>2026-05-22T11:57:17.000Z</time>
        <extensions>
          <ns3:TrackPointExtension>
            <ns3:atemp>32.0</ns3:atemp>
          </ns3:TrackPointExtension>
        </extensions>
      </trkpt>
      <trkpt lat="48.87622595764696598052978515625" lon="2.324302084743976593017578125">
        <ele>48.799999237060546875</ele>
        <time>2026-05-22T11:57:18.000Z</time>
        <extensions>
          <ns3:TrackPointExtension>
            <ns3:atemp>32.0</ns3:atemp>
          </ns3:TrackPointExtension>
        </extensions>
      </trkpt>
      <trkpt lat="48.8762200064957141876220703125" lon="2.32429831288754940032958984375">
        <ele>48.799999237060546875</ele>
        <time>2026-05-22T11:57:19.000Z</time>
        <extensions>
          <ns3:TrackPointExtension>
            <ns3:atemp>32.0</ns3:atemp>
          </ns3:TrackPointExtension>
        </extensions>
      </trkpt>
      <trkpt lat="48.87621439062058925628662109375" lon="2.32429169118404388427734375">
        <ele>48.799999237060546875</ele>
        <time>2026-05-22T11:57:20.000Z</time>
        <extensions>
          <ns3:TrackPointExtension>
            <ns3:atemp>32.0</ns3:atemp>
          </ns3:TrackPointExtension>
        </extensions>
      </trkpt>
      <trkpt lat="48.8762153126299381256103515625" lon="2.32428758405148983001708984375">
        <ele>48.799999237060546875</ele>
        <time>2026-05-22T11:57:21.000Z</time>
        <extensions>
          <ns3:TrackPointExtension>
            <ns3:atemp>32.0</ns3:atemp>
          </ns3:TrackPointExtension>
        </extensions>
      </trkpt>
      <trkpt lat="48.8762441463768482208251953125" lon="2.32431138865649700164794921875">
        <ele>48.799999237060546875</ele>
        <time>2026-05-22T11:57:22.000Z</time>
        <extensions>
          <ns3:TrackPointExtension>
            <ns3:atemp>32.0</ns3:atemp>
          </ns3:TrackPointExtension>
        </extensions>
      </trkpt>
      <trkpt lat="48.87604323215782642364501953125" lon="2.32505880296230316162109375">
        <ele>47</ele>
        <time>2026-05-22T11:59:24.000Z</time>
        <extensions>
          <ns3:TrackPointExtension>
            <ns3:atemp>32.0</ns3:atemp>
          </ns3:TrackPointExtension>
        </extensions>
      </trkpt>
      <trkpt lat="48.87605295516550540924072265625" lon="2.32507950626313686370849609375">
        <ele>47</ele>
        <time>2026-05-22T11:59:25.000Z</time>
        <extensions>
          <ns3:TrackPointExtension>
            <ns3:atemp>32.0</ns3:atemp>
          </ns3:TrackPointExtension>
        </extensions>
      </trkpt>
      <trkpt lat="48.87606360018253326416015625" lon="2.325081266462802886962890625">
        <ele>47</ele>
        <time>2026-05-22T11:59:26.000Z</time>
        <extensions>
          <ns3:TrackPointExtension>
            <ns3:atemp>32.0</ns3:atemp>
          </ns3:TrackPointExtension>
        </extensions>
      </trkpt>
      <trkpt lat="48.876077346503734588623046875" lon="2.32507682405412197113037109375">
        <ele>47</ele>
        <time>2026-05-22T11:59:27.000Z</time>
        <extensions>
          <ns3:TrackPointExtension>
            <ns3:atemp>32.0</ns3:atemp>
          </ns3:TrackPointExtension>
        </extensions>
      </trkpt>
      <trkpt lat="48.87608480639755725860595703125" lon="2.325062490999698638916015625">
        <ele>47</ele>
        <time>2026-05-22T11:59:28.000Z</time>
        <extensions>
          <ns3:TrackPointExtension>
            <ns3:atemp>32.0</ns3:atemp>
          </ns3:TrackPointExtension>
        </extensions>
      </trkpt>
      <trkpt lat="48.8760922662913799285888671875" lon="2.32506944797933101654052734375">
        <ele>47</ele>
        <time>2026-05-22T11:59:29.000Z</time>
        <extensions>
          <ns3:TrackPointExtension>
            <ns3:atemp>32.0</ns3:atemp>
          </ns3:TrackPointExtension>
        </extensions>
      </trkpt>
      <trkpt lat="48.87607390992343425750732421875" lon="2.32508562505245208740234375">
        <ele>47</ele>
        <time>2026-05-22T11:59:30.000Z</time>
        <extensions>
          <ns3:TrackPointExtension>
            <ns3:atemp>32.0</ns3:atemp>
          </ns3:TrackPointExtension>
        </extensions>
      </trkpt>
      <trkpt lat="48.87605982832610607147216796875" lon="2.32509710825979709625244140625">
        <ele>47</ele>
        <time>2026-05-22T11:59:31.000Z</time>
        <extensions>
          <ns3:TrackPointExtension>
            <ns3:atemp>32.0</ns3:atemp>
          </ns3:TrackPointExtension>
        </extensions>
      </trkpt>
      <trkpt lat="48.8760567270219326019287109375" lon="2.3251092620193958282470703125">
        <ele>47.200000762939453125</ele>
        <time>2026-05-22T11:59:32.000Z</time>
        <extensions>
          <ns3:TrackPointExtension>
            <ns3:atemp>32.0</ns3:atemp>
          </ns3:TrackPointExtension>
        </extensions>
      </trkpt>
      <trkpt lat="48.8760602474212646484375" lon="2.325112111866474151611328125">
        <ele>47.200000762939453125</ele>
        <time>2026-05-22T11:59:33.000Z</time>
        <extensions>
          <ns3:TrackPointExtension>
            <ns3:atemp>32.0</ns3:atemp>
          </ns3:TrackPointExtension>
        </extensions>
      </trkpt>
      <trkpt lat="48.876058571040630340576171875" lon="2.325134910643100738525390625">
        <ele>47.200000762939453125</ele>
        <time>2026-05-22T11:59:34.000Z</time>
        <extensions>
          <ns3:TrackPointExtension>
            <ns3:atemp>32.0</ns3:atemp>
          </ns3:TrackPointExtension>
        </extensions>
      </trkpt>
      <trkpt lat="48.87606066651642322540283203125" lon="2.32514069415628910064697265625">
        <ele>47.200000762939453125</ele>
        <time>2026-05-22T11:59:35.000Z</time>
        <extensions>
          <ns3:TrackPointExtension>
            <ns3:atemp>32.0</ns3:atemp>
          </ns3:TrackPointExtension>
        </extensions>
      </trkpt>
      <trkpt lat="48.87603987939655780792236328125" lon="2.32513524591922760009765625">
        <ele>47.200000762939453125</ele>
        <time>2026-05-22T11:59:36.000Z</time>
        <extensions>
          <ns3:TrackPointExtension>
            <ns3:atemp>32.0</ns3:atemp>
          </ns3:TrackPointExtension>
        </extensions>
      </trkpt>
      <trkpt lat="48.8766823522746562957763671875" lon="2.326116263866424560546875">
        <ele>46.40000152587890625</ele>
        <time>2026-05-22T12:02:30.000Z</time>
        <extensions>
          <ns3:TrackPointExtension>
            <ns3:atemp>33.0</ns3:atemp>
          </ns3:TrackPointExtension>
        </extensions>
      </trkpt>
      <trkpt lat="48.87668394483625888824462890625" lon="2.326113916933536529541015625">
        <ele>46.40000152587890625</ele>
        <time>2026-05-22T12:02:31.000Z</time>
        <extensions>
          <ns3:TrackPointExtension>
            <ns3:atemp>33.0</ns3:atemp>
          </ns3:TrackPointExtension>
        </extensions>
      </trkpt>
      <trkpt lat="48.8766806758940219879150390625" lon="2.32611182145774364471435546875">
        <ele>46.59999847412109375</ele>
        <time>2026-05-22T12:02:32.000Z</time>
        <extensions>
          <ns3:TrackPointExtension>
            <ns3:atemp>33.0</ns3:atemp>
          </ns3:TrackPointExtension>
        </extensions>
      </trkpt>
      <trkpt lat="48.87668428011238574981689453125" lon="2.326121293008327484130859375">
        <ele>46.59999847412109375</ele>
        <time>2026-05-22T12:02:33.000Z</time>
        <extensions>
          <ns3:TrackPointExtension>
            <ns3:atemp>33.0</ns3:atemp>
          </ns3:TrackPointExtension>
        </extensions>
      </trkpt>
      <trkpt lat="48.87668830342590808868408203125" lon="2.32612724415957927703857421875">
        <ele>46.59999847412109375</ele>
        <time>2026-05-22T12:02:34.000Z</time>
        <extensions>
          <ns3:TrackPointExtension>
            <ns3:atemp>33.0</ns3:atemp>
          </ns3:TrackPointExtension>
        </extensions>
      </trkpt>
      <trkpt lat="48.87668897397816181182861328125" lon="2.3261288367211818695068359375">
        <ele>46.59999847412109375</ele>
        <time>2026-05-22T12:02:35.000Z</time>
        <extensions>
          <ns3:TrackPointExtension>
            <ns3:atemp>33.0</ns3:atemp>
          </ns3:TrackPointExtension>
        </extensions>
      </trkpt>
      <trkpt lat="48.8766890577971935272216796875" lon="2.32619010843336582183837890625">
        <ele>46.59999847412109375</ele>
        <time>2026-05-22T12:02:36.000Z</time>
        <extensions>
          <ns3:TrackPointExtension>
            <ns3:atemp>33.0</ns3:atemp>
          </ns3:TrackPointExtension>
        </extensions>
      </trkpt>
    </trkseg>
  </trk>
  <trk>
    <name>Caen Gravel Cycling</name>
    <type>gravel_cycling</type>
    <trkseg>
      <trkpt lat="49.1757204942405223846435546875" lon="-0.3499008715152740478515625">
        <ele>4.19999980926513671875</ele>
        <time>2026-05-22T14:54:22.000Z</time>
        <extensions>
          <ns3:TrackPointExtension>
            <ns3:atemp>28.0</ns3:atemp>
          </ns3:TrackPointExtension>
        </extensions>
      </trkpt>
      <trkpt lat="49.17571127414703369140625" lon="-0.34993599168956279754638671875">
        <ele>10</ele>
        <time>2026-05-22T14:54:23.000Z</time>
        <extensions>
          <ns3:TrackPointExtension>
            <ns3:atemp>28.0</ns3:atemp>
          </ns3:TrackPointExtension>
        </extensions>
      </trkpt>
      <trkpt lat="49.17570381425321102142333984375" lon="-0.349977314472198486328125">
        <ele>10</ele>
        <time>2026-05-22T14:54:24.000Z</time>
        <extensions>
          <ns3:TrackPointExtension>
            <ns3:atemp>28.0</ns3:atemp>
          </ns3:TrackPointExtension>
        </extensions>
      </trkpt>
      <trkpt lat="49.17569409124553203582763671875" lon="-0.35001897253096103668212890625">
        <ele>10</ele>
        <time>2026-05-22T14:54:25.000Z</time>
        <extensions>
          <ns3:TrackPointExtension>
            <ns3:atemp>28.0</ns3:atemp>
          </ns3:TrackPointExtension>
        </extensions>
      </trkpt>
      <trkpt lat="49.1756842844188213348388671875" lon="-0.35006381571292877197265625">
        <ele>10</ele>
        <time>2026-05-22T14:54:26.000Z</time>
        <extensions>
          <ns3:TrackPointExtension>
            <ns3:atemp>28.0</ns3:atemp>
          </ns3:TrackPointExtension>
        </extensions>
      </trkpt>
      <trkpt lat="49.175674058496952056884765625" lon="-0.35011352039873600006103515625">
        <ele>10</ele>
        <time>2026-05-22T14:54:27.000Z</time>
        <extensions>
          <ns3:TrackPointExtension>
            <ns3:atemp>28.0</ns3:atemp>
          </ns3:TrackPointExtension>
        </extensions>
      </trkpt>
      <trkpt lat="49.175662994384765625" lon="-0.35015677101910114288330078125">
        <ele>10</ele>
        <time>2026-05-22T14:54:28.000Z</time>
        <extensions>
          <ns3:TrackPointExtension>
            <ns3:atemp>28.0</ns3:atemp>
          </ns3:TrackPointExtension>
        </extensions>
      </trkpt>
      <trkpt lat="49.1756527684628963470458984375" lon="-0.350200273096561431884765625">
        <ele>9.80000019073486328125</ele>
        <time>2026-05-22T14:54:29.000Z</time>
        <extensions>
          <ns3:TrackPointExtension>
            <ns3:atemp>28.0</ns3:atemp>
          </ns3:TrackPointExtension>
        </extensions>
      </trkpt>
      <trkpt lat="49.1756393574178218841552734375" lon="-0.3502406738698482513427734375">
        <ele>9.80000019073486328125</ele>
        <time>2026-05-22T14:54:30.000Z</time>
        <extensions>
          <ns3:TrackPointExtension>
            <ns3:atemp>28.0</ns3:atemp>
          </ns3:TrackPointExtension>
        </extensions>
      </trkpt>
      <trkpt lat="49.17562837712466716766357421875" lon="-0.3502909652888774871826171875">
        <ele>9.80000019073486328125</ele>
        <time>2026-05-22T14:54:31.000Z</time>
        <extensions>
          <ns3:TrackPointExtension>
            <ns3:atemp>28.0</ns3:atemp>
          </ns3:TrackPointExtension>
        </extensions>
      </trkpt>
      <trkpt lat="49.17562049813568592071533203125" lon="-0.350339412689208984375">
        <ele>9.80000019073486328125</ele>
        <time>2026-05-22T14:54:32.000Z</time>
        <extensions>
          <ns3:TrackPointExtension>
            <ns3:atemp>28.0</ns3:atemp>
          </ns3:TrackPointExtension>
        </extensions>
      </trkpt>
      <trkpt lat="49.1756128706037998199462890625" lon="-0.35037855617702007293701171875">
        <ele>9.80000019073486328125</ele>
        <time>2026-05-22T14:54:33.000Z</time>
        <extensions>
          <ns3:TrackPointExtension>
            <ns3:atemp>28.0</ns3:atemp>
          </ns3:TrackPointExtension>
        </extensions>
      </trkpt>
      <trkpt lat="49.1756085120141506195068359375" lon="-0.35040839575231075286865234375">
        <ele>9.80000019073486328125</ele>
        <time>2026-05-22T14:54:34.000Z</time>
        <extensions>
          <ns3:TrackPointExtension>
            <ns3:atemp>28.0</ns3:atemp>
          </ns3:TrackPointExtension>
        </extensions>
      </trkpt>
      <trkpt lat="49.1756125353276729583740234375" lon="-0.35042750649154186248779296875">
        <ele>9.6000003814697265625</ele>
        <time>2026-05-22T14:54:35.000Z</time>
        <extensions>
          <ns3:TrackPointExtension>
            <ns3:atemp>28.0</ns3:atemp>
          </ns3:TrackPointExtension>
        </extensions>
      </trkpt>
      <trkpt lat="49.17561831884086132049560546875" lon="-0.3504425100982189178466796875">
        <ele>9.6000003814697265625</ele>
        <time>2026-05-22T14:54:36.000Z</time>
        <extensions>
          <ns3:TrackPointExtension>
            <ns3:atemp>28.0</ns3:atemp>
          </ns3:TrackPointExtension>
        </extensions>
      </trkpt>
      <trkpt lat="49.175624437630176544189453125" lon="-0.3504579328000545501708984375">
        <ele>9.6000003814697265625</ele>
        <time>2026-05-22T14:54:37.000Z</time>
        <extensions>
          <ns3:TrackPointExtension>
            <ns3:atemp>28.0</ns3:atemp>
          </ns3:TrackPointExtension>
        </extensions>
      </trkpt>
      <trkpt lat="49.17562921531498432159423828125" lon="-0.3504753671586513519287109375">
        <ele>9.6000003814697265625</ele>
        <time>2026-05-22T14:54:38.000Z</time>
        <extensions>
          <ns3:TrackPointExtension>
            <ns3:atemp>28.0</ns3:atemp>
          </ns3:TrackPointExtension>
        </extensions>
      </trkpt>
      <trkpt lat="49.17563642375171184539794921875" lon="-0.35048265941441059112548828125">
        <ele>9.6000003814697265625</ele>
        <time>2026-05-22T14:54:39.000Z</time>
        <extensions>
          <ns3:TrackPointExtension>
            <ns3:atemp>28.0</ns3:atemp>
          </ns3:TrackPointExtension>
        </extensions>
      </trkpt>
      <trkpt lat="49.17564396746456623077392578125" lon="-0.35049405880272388458251953125">
        <ele>9.6000003814697265625</ele>
        <time>2026-05-22T14:54:40.000Z</time>
        <extensions>
          <ns3:TrackPointExtension>
            <ns3:atemp>28.0</ns3:atemp>
          </ns3:TrackPointExtension>
        </extensions>
      </trkpt>
      <trkpt lat="49.17565159499645233154296875" lon="-0.3505085594952106475830078125">
        <ele>9.3999996185302734375</ele>
        <time>2026-05-22T14:54:41.000Z</time>
        <extensions>
          <ns3:TrackPointExtension>
            <ns3:atemp>28.0</ns3:atemp>
          </ns3:TrackPointExtension>
        </extensions>
      </trkpt>
      <trkpt lat="49.17565762996673583984375" lon="-0.35052708350121974945068359375">
        <ele>9.3999996185302734375</ele>
        <time>2026-05-22T14:54:42.000Z</time>
        <extensions>
          <ns3:TrackPointExtension>
            <ns3:atemp>28.0</ns3:atemp>
          </ns3:TrackPointExtension>
        </extensions>
      </trkpt>
      <trkpt lat="49.1756614856421947479248046875" lon="-0.35054099746048450469970703125">
        <ele>9.3999996185302734375</ele>
        <time>2026-05-22T14:54:43.000Z</time>
        <extensions>
          <ns3:TrackPointExtension>
            <ns3:atemp>28.0</ns3:atemp>
          </ns3:TrackPointExtension>
        </extensions>
      </trkpt>
      <trkpt lat="49.1756702028214931488037109375" lon="-0.35054753534495830535888671875">
        <ele>9.19999980926513671875</ele>
        <time>2026-05-22T14:54:44.000Z</time>
        <extensions>
          <ns3:TrackPointExtension>
            <ns3:atemp>28.0</ns3:atemp>
          </ns3:TrackPointExtension>
        </extensions>
      </trkpt>
      <trkpt lat="49.17567732743918895721435546875" lon="-0.35055390559136867523193359375">
        <ele>9.19999980926513671875</ele>
        <time>2026-05-22T14:54:45.000Z</time>
        <extensions>
          <ns3:TrackPointExtension>
            <ns3:atemp>28.0</ns3:atemp>
          </ns3:TrackPointExtension>
        </extensions>
      </trkpt>
      <trkpt lat="49.17568470351397991180419921875" lon="-0.35056136548519134521484375">
        <ele>9.19999980926513671875</ele>
        <time>2026-05-22T14:54:46.000Z</time>
        <extensions>
          <ns3:TrackPointExtension>
            <ns3:atemp>28.0</ns3:atemp>
          </ns3:TrackPointExtension>
        </extensions>
      </trkpt>
      <trkpt lat="49.1756923310458660125732421875" lon="-0.3505672328174114227294921875">
        <ele>9</ele>
        <time>2026-05-22T14:54:47.000Z</time>
        <extensions>
          <ns3:TrackPointExtension>
            <ns3:atemp>28.0</ns3:atemp>
          </ns3:TrackPointExtension>
        </extensions>
      </trkpt>
      <trkpt lat="49.17570029385387897491455078125" lon="-0.3505752794444561004638671875">
        <ele>9</ele>
        <time>2026-05-22T14:54:48.000Z</time>
        <extensions>
          <ns3:TrackPointExtension>
            <ns3:atemp>28.0</ns3:atemp>
          </ns3:TrackPointExtension>
        </extensions>
      </trkpt>
      <trkpt lat="49.17571194469928741455078125" lon="-0.3505861759185791015625">
        <ele>9</ele>
        <time>2026-05-22T14:54:49.000Z</time>
        <extensions>
          <ns3:TrackPointExtension>
            <ns3:atemp>28.0</ns3:atemp>
          </ns3:TrackPointExtension>
        </extensions>
      </trkpt>
      <trkpt lat="49.17571906931698322296142578125" lon="-0.35059397108852863311767578125">
        <ele>9</ele>
        <time>2026-05-22T14:54:50.000Z</time>
        <extensions>
          <ns3:TrackPointExtension>
            <ns3:atemp>29.0</ns3:atemp>
          </ns3:TrackPointExtension>
        </extensions>
      </trkpt>
      <trkpt lat="49.17572393082082271575927734375" lon="-0.3506034426391124725341796875">
        <ele>9.19999980926513671875</ele>
        <time>2026-05-22T14:54:51.000Z</time>
        <extensions>
          <ns3:TrackPointExtension>
            <ns3:atemp>29.0</ns3:atemp>
          </ns3:TrackPointExtension>
        </extensions>
      </trkpt>
      <trkpt lat="49.17572711594402790069580078125" lon="-0.35061039961874485015869140625">
        <ele>9.3999996185302734375</ele>
        <time>2026-05-22T14:54:52.000Z</time>
        <extensions>
          <ns3:TrackPointExtension>
            <ns3:atemp>29.0</ns3:atemp>
          </ns3:TrackPointExtension>
        </extensions>
      </trkpt>
      <trkpt lat="49.17573264800012111663818359375" lon="-0.350615680217742919921875">
        <ele>9.6000003814697265625</ele>
        <time>2026-05-22T14:54:53.000Z</time>
        <extensions>
          <ns3:TrackPointExtension>
            <ns3:atemp>29.0</ns3:atemp>
          </ns3:TrackPointExtension>
        </extensions>
      </trkpt>
      <trkpt lat="49.17573851533234119415283203125" lon="-0.35062565468251705169677734375">
        <ele>9.80000019073486328125</ele>
        <time>2026-05-22T14:54:54.000Z</time>
        <extensions>
          <ns3:TrackPointExtension>
            <ns3:atemp>29.0</ns3:atemp>
          </ns3:TrackPointExtension>
        </extensions>
      </trkpt>
      <trkpt lat="49.17574740014970302581787109375" lon="-0.35063906572759151458740234375">
        <ele>9.80000019073486328125</ele>
        <time>2026-05-22T14:54:55.000Z</time>
        <extensions>
          <ns3:TrackPointExtension>
            <ns3:atemp>29.0</ns3:atemp>
          </ns3:TrackPointExtension>
        </extensions>
      </trkpt>
      <trkpt lat="49.17575997300446033477783203125" lon="-0.3506653010845184326171875">
        <ele>10</ele>
        <time>2026-05-22T14:54:56.000Z</time>
        <extensions>
          <ns3:TrackPointExtension>
            <ns3:atemp>29.0</ns3:atemp>
          </ns3:TrackPointExtension>
        </extensions>
      </trkpt>
      <trkpt lat="49.1757694445550441741943359375" lon="-0.35069053061306476593017578125">
        <ele>10</ele>
        <time>2026-05-22T14:54:57.000Z</time>
        <extensions>
          <ns3:TrackPointExtension>
            <ns3:atemp>29.0</ns3:atemp>
          </ns3:TrackPointExtension>
        </extensions>
      </trkpt>
      <trkpt lat="49.17577908374369144439697265625" lon="-0.35071165300905704498291015625">
        <ele>10</ele>
        <time>2026-05-22T14:54:58.000Z</time>
        <extensions>
          <ns3:TrackPointExtension>
            <ns3:atemp>29.0</ns3:atemp>
          </ns3:TrackPointExtension>
        </extensions>
      </trkpt>
      <trkpt lat="49.17579081840813159942626953125" lon="-0.3507298417389392852783203125">
        <ele>9.80000019073486328125</ele>
        <time>2026-05-22T14:54:59.000Z</time>
        <extensions>
          <ns3:TrackPointExtension>
            <ns3:atemp>29.0</ns3:atemp>
          </ns3:TrackPointExtension>
        </extensions>
      </trkpt>
      <trkpt lat="49.175798110663890838623046875" lon="-0.35074216313660144805908203125">
        <ele>9.80000019073486328125</ele>
        <time>2026-05-22T14:55:00.000Z</time>
        <extensions>
          <ns3:TrackPointExtension>
            <ns3:atemp>29.0</ns3:atemp>
          </ns3:TrackPointExtension>
        </extensions>
      </trkpt>
      <trkpt lat="49.17580557055771350860595703125" lon="-0.35074752755463123321533203125">
        <ele>9.6000003814697265625</ele>
        <time>2026-05-22T14:55:01.000Z</time>
        <extensions>
          <ns3:TrackPointExtension>
            <ns3:atemp>29.0</ns3:atemp>
          </ns3:TrackPointExtension>
        </extensions>
      </trkpt>
      <trkpt lat="49.17580003850162029266357421875" lon="-0.350757502019405364990234375">
        <ele>9.6000003814697265625</ele>
        <time>2026-05-22T14:55:02.000Z</time>
        <extensions>
          <ns3:TrackPointExtension>
            <ns3:atemp>29.0</ns3:atemp>
          </ns3:TrackPointExtension>
        </extensions>
      </trkpt>
      <trkpt lat="49.1758009605109691619873046875" lon="-0.350768566131591796875">
        <ele>9.6000003814697265625</ele>
        <time>2026-05-22T14:55:03.000Z</time>
        <extensions>
          <ns3:TrackPointExtension>
            <ns3:atemp>29.0</ns3:atemp>
          </ns3:TrackPointExtension>
        </extensions>
      </trkpt>
      <trkpt lat="49.17580691166222095489501953125" lon="-0.350778959691524505615234375">
        <ele>9.6000003814697265625</ele>
        <time>2026-05-22T14:55:04.000Z</time>
        <extensions>
          <ns3:TrackPointExtension>
            <ns3:atemp>29.0</ns3:atemp>
          </ns3:TrackPointExtension>
        </extensions>
      </trkpt>
      <trkpt lat="49.1758106835186481475830078125" lon="-0.3507811389863491058349609375">
        <ele>9.6000003814697265625</ele>
        <time>2026-05-22T14:55:05.000Z</time>
        <extensions>
          <ns3:TrackPointExtension>
            <ns3:atemp>29.0</ns3:atemp>
          </ns3:TrackPointExtension>
        </extensions>
      </trkpt>
      <trkpt lat="49.1758257709443569183349609375" lon="-0.35079161636531352996826171875">
        <ele>9.80000019073486328125</ele>
        <time>2026-05-22T14:55:06.000Z</time>
        <extensions>
          <ns3:TrackPointExtension>
            <ns3:atemp>29.0</ns3:atemp>
          </ns3:TrackPointExtension>
        </extensions>
      </trkpt>
      <trkpt lat="49.1758478991687297821044921875" lon="-0.3508106432855129241943359375">
        <ele>9.80000019073486328125</ele>
        <time>2026-05-22T14:55:07.000Z</time>
        <extensions>
          <ns3:TrackPointExtension>
            <ns3:atemp>29.0</ns3:atemp>
          </ns3:TrackPointExtension>
        </extensions>
      </trkpt>
      <trkpt lat="49.1758693568408489227294921875" lon="-0.35083402879536151885986328125">
        <ele>9.80000019073486328125</ele>
        <time>2026-05-22T14:55:08.000Z</time>
        <extensions>
          <ns3:TrackPointExtension>
            <ns3:atemp>29.0</ns3:atemp>
          </ns3:TrackPointExtension>
        </extensions>
      </trkpt>
      <trkpt lat="49.17588737793266773223876953125" lon="-0.3508502058684825897216796875">
        <ele>9.80000019073486328125</ele>
        <time>2026-05-22T14:55:09.000Z</time>
        <extensions>
          <ns3:TrackPointExtension>
            <ns3:atemp>29.0</ns3:atemp>
          </ns3:TrackPointExtension>
        </extensions>
      </trkpt>
      <trkpt lat="49.17590581811964511871337890625" lon="-0.35085699521005153656005859375">
        <ele>9.80000019073486328125</ele>
        <time>2026-05-22T14:55:10.000Z</time>
        <extensions>
          <ns3:TrackPointExtension>
            <ns3:atemp>29.0</ns3:atemp>
          </ns3:TrackPointExtension>
        </extensions>
      </trkpt>
      <trkpt lat="49.1759273596107959747314453125" lon="-0.35085372626781463623046875">
        <ele>9.6000003814697265625</ele>
        <time>2026-05-22T14:55:11.000Z</time>
        <extensions>
          <ns3:TrackPointExtension>
            <ns3:atemp>29.0</ns3:atemp>
          </ns3:TrackPointExtension>
        </extensions>
      </trkpt>
      <trkpt lat="49.175948984920978546142578125" lon="-0.3508441708981990814208984375">
        <ele>9.6000003814697265625</ele>
        <time>2026-05-22T14:55:12.000Z</time>
        <extensions>
          <ns3:TrackPointExtension>
            <ns3:atemp>29.0</ns3:atemp>
          </ns3:TrackPointExtension>
        </extensions>
      </trkpt>
      <trkpt lat="49.17596616782248020172119140625" lon="-0.35084978677332401275634765625">
        <ele>9.3999996185302734375</ele>
        <time>2026-05-22T14:55:13.000Z</time>
        <extensions>
          <ns3:TrackPointExtension>
            <ns3:atemp>29.0</ns3:atemp>
          </ns3:TrackPointExtension>
        </extensions>
      </trkpt>
      <trkpt lat="49.1759840212762355804443359375" lon="-0.3508605994284152984619140625">
        <ele>9.3999996185302734375</ele>
        <time>2026-05-22T14:55:14.000Z</time>
        <extensions>
          <ns3:TrackPointExtension>
            <ns3:atemp>29.0</ns3:atemp>
          </ns3:TrackPointExtension>
        </extensions>
      </trkpt>
      <trkpt lat="49.17600271292030811309814453125" lon="-0.35087920725345611572265625">
        <ele>9.3999996185302734375</ele>
        <time>2026-05-22T14:55:15.000Z</time>
        <extensions>
          <ns3:TrackPointExtension>
            <ns3:atemp>29.0</ns3:atemp>
          </ns3:TrackPointExtension>
        </extensions>
      </trkpt>
      <trkpt lat="49.17602299712598323822021484375" lon="-0.35089856944978237152099609375">
        <ele>9.3999996185302734375</ele>
        <time>2026-05-22T14:55:16.000Z</time>
        <extensions>
          <ns3:TrackPointExtension>
            <ns3:atemp>29.0</ns3:atemp>
          </ns3:TrackPointExtension>
        </extensions>
      </trkpt>
      <trkpt lat="49.17604730464518070220947265625" lon="-0.35091935656964778900146484375">
        <ele>9.3999996185302734375</ele>
        <time>2026-05-22T14:55:17.000Z</time>
        <extensions>
          <ns3:TrackPointExtension>
            <ns3:atemp>29.0</ns3:atemp>
          </ns3:TrackPointExtension>
        </extensions>
      </trkpt>
      <trkpt lat="49.17606792412698268890380859375" lon="-0.35094165243208408355712890625">
        <ele>9.3999996185302734375</ele>
        <time>2026-05-22T14:55:18.000Z</time>
        <extensions>
          <ns3:TrackPointExtension>
            <ns3:atemp>29.0</ns3:atemp>
          </ns3:TrackPointExtension>
        </extensions>
      </trkpt>
      <trkpt lat="49.1760889627039432525634765625" lon="-0.3509665466845035552978515625">
        <ele>9.3999996185302734375</ele>
        <time>2026-05-22T14:55:19.000Z</time>
        <extensions>
          <ns3:TrackPointExtension>
            <ns3:atemp>29.0</ns3:atemp>
          </ns3:TrackPointExtension>
        </extensions>
      </trkpt>
      <trkpt lat="49.17611268348991870880126953125" lon="-0.3509883396327495574951171875">
        <ele>9.3999996185302734375</ele>
        <time>2026-05-22T14:55:20.000Z</time>
        <extensions>
          <ns3:TrackPointExtension>
            <ns3:atemp>29.0</ns3:atemp>
          </ns3:TrackPointExtension>
        </extensions>
      </trkpt>
      <trkpt lat="49.17613682337105274200439453125" lon="-0.35101105459034442901611328125">
        <ele>9.19999980926513671875</ele>
        <time>2026-05-22T14:55:21.000Z</time>
        <extensions>
          <ns3:TrackPointExtension>
            <ns3:atemp>29.0</ns3:atemp>
          </ns3:TrackPointExtension>
        </extensions>
      </trkpt>
      <trkpt lat="49.1761593706905841827392578125" lon="-0.3510354459285736083984375">
        <ele>9.19999980926513671875</ele>
        <time>2026-05-22T14:55:22.000Z</time>
        <extensions>
          <ns3:TrackPointExtension>
            <ns3:atemp>29.0</ns3:atemp>
          </ns3:TrackPointExtension>
        </extensions>
      </trkpt>
      <trkpt lat="49.17618258856236934661865234375" lon="-0.3510604240000247955322265625">
        <ele>9.19999980926513671875</ele>
        <time>2026-05-22T14:55:23.000Z</time>
        <extensions>
          <ns3:TrackPointExtension>
            <ns3:atemp>29.0</ns3:atemp>
          </ns3:TrackPointExtension>
        </extensions>
      </trkpt>
      <trkpt lat="49.1762026213109493255615234375" lon="-0.35108531825244426727294921875">
        <ele>9.19999980926513671875</ele>
        <time>2026-05-22T14:55:24.000Z</time>
        <extensions>
          <ns3:TrackPointExtension>
            <ns3:atemp>29.0</ns3:atemp>
          </ns3:TrackPointExtension>
        </extensions>
      </trkpt>
      <trkpt lat="49.17622265405952930450439453125" lon="-0.351111888885498046875">
        <ele>9.19999980926513671875</ele>
        <time>2026-05-22T14:55:25.000Z</time>
        <extensions>
          <ns3:TrackPointExtension>
            <ns3:atemp>29.0</ns3:atemp>
          </ns3:TrackPointExtension>
        </extensions>
      </trkpt>
      <trkpt lat="49.17624494992196559906005859375" lon="-0.3511382080614566802978515625">
        <ele>9.19999980926513671875</ele>
        <time>2026-05-22T14:55:26.000Z</time>
        <extensions>
          <ns3:TrackPointExtension>
            <ns3:atemp>29.0</ns3:atemp>
          </ns3:TrackPointExtension>
        </extensions>
      </trkpt>
      <trkpt lat="49.1762680001556873321533203125" lon="-0.35116754472255706787109375">
        <ele>9.19999980926513671875</ele>
        <time>2026-05-22T14:55:27.000Z</time>
        <extensions>
          <ns3:TrackPointExtension>
            <ns3:atemp>29.0</ns3:atemp>
          </ns3:TrackPointExtension>
        </extensions>
      </trkpt>
      <trkpt lat="49.176290966570377349853515625" lon="-0.35119176842272281646728515625">
        <ele>9.19999980926513671875</ele>
        <time>2026-05-22T14:55:28.000Z</time>
        <extensions>
          <ns3:TrackPointExtension>
            <ns3:atemp>29.0</ns3:atemp>
          </ns3:TrackPointExtension>
        </extensions>
      </trkpt>
      <trkpt lat="49.1763149388134479522705078125" lon="-0.35121381282806396484375">
        <ele>9.19999980926513671875</ele>
        <time>2026-05-22T14:55:29.000Z</time>
        <extensions>
          <ns3:TrackPointExtension>
            <ns3:atemp>29.0</ns3:atemp>
          </ns3:TrackPointExtension>
        </extensions>
      </trkpt>
      <trkpt lat="49.17633958160877227783203125" lon="-0.35123535431921482086181640625">
        <ele>9.19999980926513671875</ele>
        <time>2026-05-22T14:55:30.000Z</time>
        <extensions>
          <ns3:TrackPointExtension>
            <ns3:atemp>29.0</ns3:atemp>
          </ns3:TrackPointExtension>
        </extensions>
      </trkpt>
      <trkpt lat="49.1763652302324771881103515625" lon="-0.35125697962939739227294921875">
        <ele>9.19999980926513671875</ele>
        <time>2026-05-22T14:55:31.000Z</time>
        <extensions>
          <ns3:TrackPointExtension>
            <ns3:atemp>29.0</ns3:atemp>
          </ns3:TrackPointExtension>
        </extensions>
      </trkpt>
      <trkpt lat="49.17638677172362804412841796875" lon="-0.3512822091579437255859375">
        <ele>9.19999980926513671875</ele>
        <time>2026-05-22T14:55:32.000Z</time>
        <extensions>
          <ns3:TrackPointExtension>
            <ns3:atemp>29.0</ns3:atemp>
          </ns3:TrackPointExtension>
        </extensions>
      </trkpt>
      <trkpt lat="49.17640772648155689239501953125" lon="-0.3513085283339023590087890625">
        <ele>9.19999980926513671875</ele>
        <time>2026-05-22T14:55:33.000Z</time>
        <extensions>
          <ns3:TrackPointExtension>
            <ns3:atemp>29.0</ns3:atemp>
          </ns3:TrackPointExtension>
        </extensions>
      </trkpt>
      <trkpt lat="49.17642516084015369415283203125" lon="-0.35133518278598785400390625">
        <ele>9.19999980926513671875</ele>
        <time>2026-05-22T14:55:34.000Z</time>
        <extensions>
          <ns3:TrackPointExtension>
            <ns3:atemp>29.0</ns3:atemp>
          </ns3:TrackPointExtension>
        </extensions>
      </trkpt>
      <trkpt lat="49.17644284665584564208984375" lon="-0.3513625077903270721435546875">
        <ele>9.19999980926513671875</ele>
        <time>2026-05-22T14:55:35.000Z</time>
        <extensions>
          <ns3:TrackPointExtension>
            <ns3:atemp>29.0</ns3:atemp>
          </ns3:TrackPointExtension>
        </extensions>
      </trkpt>
      <trkpt lat="49.1764614544808864593505859375" lon="-0.351393520832061767578125">
        <ele>9.19999980926513671875</ele>
        <time>2026-05-22T14:55:36.000Z</time>
        <extensions>
          <ns3:TrackPointExtension>
            <ns3:atemp>29.0</ns3:atemp>
          </ns3:TrackPointExtension>
        </extensions>
      </trkpt>
      <trkpt lat="49.17648014612495899200439453125" lon="-0.351420007646083831787109375">
        <ele>9.19999980926513671875</ele>
        <time>2026-05-22T14:55:37.000Z</time>
        <extensions>
          <ns3:TrackPointExtension>
            <ns3:atemp>29.0</ns3:atemp>
          </ns3:TrackPointExtension>
        </extensions>
      </trkpt>
      <trkpt lat="49.17650361545383930206298828125" lon="-0.35144506953656673431396484375">
        <ele>9.19999980926513671875</ele>
        <time>2026-05-22T14:55:38.000Z</time>
        <extensions>
          <ns3:TrackPointExtension>
            <ns3:atemp>30.0</ns3:atemp>
          </ns3:TrackPointExtension>
        </extensions>
      </trkpt>
      <trkpt lat="49.1765241511166095733642578125" lon="-0.35145412199199199676513671875">
        <ele>9.19999980926513671875</ele>
        <time>2026-05-22T14:55:39.000Z</time>
        <extensions>
          <ns3:TrackPointExtension>
            <ns3:atemp>30.0</ns3:atemp>
          </ns3:TrackPointExtension>
        </extensions>
      </trkpt>
      <trkpt lat="49.17654200457036495208740234375" lon="-0.35144674591720104217529296875">
        <ele>9</ele>
        <time>2026-05-22T14:55:40.000Z</time>
        <extensions>
          <ns3:TrackPointExtension>
            <ns3:atemp>30.0</ns3:atemp>
          </ns3:TrackPointExtension>
        </extensions>
      </trkpt>
      <trkpt lat="49.17656094767153263092041015625" lon="-0.35143442451953887939453125">
        <ele>9</ele>
        <time>2026-05-22T14:55:41.000Z</time>
        <extensions>
          <ns3:TrackPointExtension>
            <ns3:atemp>30.0</ns3:atemp>
          </ns3:TrackPointExtension>
        </extensions>
      </trkpt>
      <trkpt lat="49.17658207006752490997314453125" lon="-0.35142579115927219390869140625">
        <ele>9</ele>
        <time>2026-05-22T14:55:42.000Z</time>
        <extensions>
          <ns3:TrackPointExtension>
            <ns3:atemp>30.0</ns3:atemp>
          </ns3:TrackPointExtension>
        </extensions>
      </trkpt>
      <trkpt lat="49.17660419829189777374267578125" lon="-0.35140089690685272216796875">
        <ele>9</ele>
        <time>2026-05-22T14:55:43.000Z</time>
        <extensions>
          <ns3:TrackPointExtension>
            <ns3:atemp>30.0</ns3:atemp>
          </ns3:TrackPointExtension>
        </extensions>
      </trkpt>
      <trkpt lat="49.1766245663166046142578125" lon="-0.351377427577972412109375">
        <ele>9</ele>
        <time>2026-05-22T14:55:44.000Z</time>
        <extensions>
          <ns3:TrackPointExtension>
            <ns3:atemp>30.0</ns3:atemp>
          </ns3:TrackPointExtension>
        </extensions>
      </trkpt>
      <trkpt lat="49.17664594016969203948974609375" lon="-0.35133006982505321502685546875">
        <ele>9.19999980926513671875</ele>
        <time>2026-05-22T14:55:45.000Z</time>
        <extensions>
          <ns3:TrackPointExtension>
            <ns3:atemp>30.0</ns3:atemp>
          </ns3:TrackPointExtension>
        </extensions>
      </trkpt>
      <trkpt lat="49.17667619884014129638671875" lon="-0.35128816030919551849365234375">
        <ele>9.19999980926513671875</ele>
        <time>2026-05-22T14:55:46.000Z</time>
        <extensions>
          <ns3:TrackPointExtension>
            <ns3:atemp>30.0</ns3:atemp>
          </ns3:TrackPointExtension>
        </extensions>
      </trkpt>
      <trkpt lat="49.17670276947319507598876953125" lon="-0.35124507732689380645751953125">
        <ele>9.3999996185302734375</ele>
        <time>2026-05-22T14:55:47.000Z</time>
        <extensions>
          <ns3:TrackPointExtension>
            <ns3:atemp>30.0</ns3:atemp>
          </ns3:TrackPointExtension>
        </extensions>
      </trkpt>
      <trkpt lat="49.1767157614231109619140625" lon="-0.3512052632868289947509765625">
        <ele>9.3999996185302734375</ele>
        <time>2026-05-22T14:55:48.000Z</time>
        <extensions>
          <ns3:TrackPointExtension>
            <ns3:atemp>30.0</ns3:atemp>
          </ns3:TrackPointExtension>
        </extensions>
      </trkpt>
      <trkpt lat="49.17672657407820224761962890625" lon="-0.35116896964609622955322265625">
        <ele>9.6000003814697265625</ele>
        <time>2026-05-22T14:55:49.000Z</time>
        <extensions>
          <ns3:TrackPointExtension>
            <ns3:atemp>30.0</ns3:atemp>
          </ns3:TrackPointExtension>
        </extensions>
      </trkpt>
      <trkpt lat="49.17674216441810131072998046875" lon="-0.3511304967105388641357421875">
        <ele>9.80000019073486328125</ele>
        <time>2026-05-22T14:55:50.000Z</time>
        <extensions>
          <ns3:TrackPointExtension>
            <ns3:atemp>30.0</ns3:atemp>
          </ns3:TrackPointExtension>
        </extensions>
      </trkpt>
      <trkpt lat="49.17675507254898548126220703125" lon="-0.351102165877819061279296875">
        <ele>10</ele>
        <time>2026-05-22T14:55:51.000Z</time>
        <extensions>
          <ns3:TrackPointExtension>
            <ns3:atemp>30.0</ns3:atemp>
          </ns3:TrackPointExtension>
        </extensions>
      </trkpt>
      <trkpt lat="49.17676697485148906707763671875" lon="-0.35107995383441448211669921875">
        <ele>10</ele>
        <time>2026-05-22T14:55:52.000Z</time>
        <extensions>
          <ns3:TrackPointExtension>
            <ns3:atemp>30.0</ns3:atemp>
          </ns3:TrackPointExtension>
        </extensions>
      </trkpt>
      <trkpt lat="49.1767746023833751678466796875" lon="-0.3510604240000247955322265625">
        <ele>10.19999980926513671875</ele>
        <time>2026-05-22T14:55:53.000Z</time>
        <extensions>
          <ns3:TrackPointExtension>
            <ns3:atemp>30.0</ns3:atemp>
          </ns3:TrackPointExtension>
        </extensions>
      </trkpt>
      <trkpt lat="49.17677870951592922210693359375" lon="-0.35103100351989269256591796875">
        <ele>10.3999996185302734375</ele>
        <time>2026-05-22T14:55:54.000Z</time>
        <extensions>
          <ns3:TrackPointExtension>
            <ns3:atemp>30.0</ns3:atemp>
          </ns3:TrackPointExtension>
        </extensions>
      </trkpt>
      <trkpt lat="49.17678239755332469940185546875" lon="-0.3510104678571224212646484375">
        <ele>10.3999996185302734375</ele>
        <time>2026-05-22T14:55:55.000Z</time>
        <extensions>
          <ns3:TrackPointExtension>
            <ns3:atemp>30.0</ns3:atemp>
          </ns3:TrackPointExtension>
        </extensions>
      </trkpt>
      <trkpt lat="49.1767809726297855377197265625" lon="-0.35101524554193019866943359375">
        <ele>10.3999996185302734375</ele>
        <time>2026-05-22T14:55:56.000Z</time>
        <extensions>
          <ns3:TrackPointExtension>
            <ns3:atemp>30.0</ns3:atemp>
          </ns3:TrackPointExtension>
        </extensions>
      </trkpt>
      <trkpt lat="49.17677753604948520660400390625" lon="-0.35101407207548618316650390625">
        <ele>10.3999996185302734375</ele>
        <time>2026-05-22T14:55:57.000Z</time>
        <extensions>
          <ns3:TrackPointExtension>
            <ns3:atemp>30.0</ns3:atemp>
          </ns3:TrackPointExtension>
        </extensions>
      </trkpt>
      <trkpt lat="49.17681030929088592529296875" lon="-0.35094358026981353759765625">
        <ele>10.19999980926513671875</ele>
        <time>2026-05-22T14:56:11.000Z</time>
        <extensions>
          <ns3:TrackPointExtension>
            <ns3:atemp>30.0</ns3:atemp>
          </ns3:TrackPointExtension>
        </extensions>
      </trkpt>
      <trkpt lat="49.17681810446083545684814453125" lon="-0.35091969184577465057373046875">
        <ele>10.3999996185302734375</ele>
        <time>2026-05-22T14:56:12.000Z</time>
        <extensions>
          <ns3:TrackPointExtension>
            <ns3:atemp>30.0</ns3:atemp>
          </ns3:TrackPointExtension>
        </extensions>
      </trkpt>
      <trkpt lat="49.17682849802076816558837890625" lon="-0.3508901037275791168212890625">
        <ele>10.3999996185302734375</ele>
        <time>2026-05-22T14:56:13.000Z</time>
        <extensions>
          <ns3:TrackPointExtension>
            <ns3:atemp>30.0</ns3:atemp>
          </ns3:TrackPointExtension>
        </extensions>
      </trkpt>
      <trkpt lat="49.17684257961809635162353515625" lon="-0.3508666343986988067626953125">
        <ele>10.3999996185302734375</ele>
        <time>2026-05-22T14:56:14.000Z</time>
        <extensions>
          <ns3:TrackPointExtension>
            <ns3:atemp>30.0</ns3:atemp>
          </ns3:TrackPointExtension>
        </extensions>
      </trkpt>
      <trkpt lat="49.17685464955866336822509765625" lon="-0.35083922557532787322998046875">
        <ele>10.6000003814697265625</ele>
        <time>2026-05-22T14:56:15.000Z</time>
        <extensions>
          <ns3:TrackPointExtension>
            <ns3:atemp>30.0</ns3:atemp>
          </ns3:TrackPointExtension>
        </extensions>
      </trkpt>
      <trkpt lat="49.1768674738705158233642578125" lon="-0.35080620087683200836181640625">
        <ele>10.6000003814697265625</ele>
        <time>2026-05-22T14:56:16.000Z</time>
        <extensions>
          <ns3:TrackPointExtension>
            <ns3:atemp>30.0</ns3:atemp>
          </ns3:TrackPointExtension>
        </extensions>
      </trkpt>
      <trkpt lat="49.1768802143633365631103515625" lon="-0.3507730923593044281005859375">
        <ele>10.80000019073486328125</ele>
        <time>2026-05-22T14:56:17.000Z</time>
        <extensions>
          <ns3:TrackPointExtension>
            <ns3:atemp>30.0</ns3:atemp>
          </ns3:TrackPointExtension>
        </extensions>
      </trkpt>
      <trkpt lat="49.17689974419772624969482421875" lon="-0.35073101520538330078125">
        <ele>10.80000019073486328125</ele>
        <time>2026-05-22T14:56:18.000Z</time>
        <extensions>
          <ns3:TrackPointExtension>
            <ns3:atemp>30.0</ns3:atemp>
          </ns3:TrackPointExtension>
        </extensions>
      </trkpt>
      <trkpt lat="49.17692187242209911346435546875" lon="-0.3506932966411113739013671875">
        <ele>11</ele>
        <time>2026-05-22T14:56:19.000Z</time>
        <extensions>
          <ns3:TrackPointExtension>
            <ns3:atemp>30.0</ns3:atemp>
          </ns3:TrackPointExtension>
        </extensions>
      </trkpt>
      <trkpt lat="49.17693880386650562286376953125" lon="-0.350656919181346893310546875">
        <ele>11</ele>
        <time>2026-05-22T14:56:20.000Z</time>
        <extensions>
          <ns3:TrackPointExtension>
            <ns3:atemp>30.0</ns3:atemp>
          </ns3:TrackPointExtension>
        </extensions>
      </trkpt>
      <trkpt lat="49.176953472197055816650390625" lon="-0.35062263719737529754638671875">
        <ele>11</ele>
        <time>2026-05-22T14:56:21.000Z</time>
        <extensions>
          <ns3:TrackPointExtension>
            <ns3:atemp>30.0</ns3:atemp>
          </ns3:TrackPointExtension>
        </extensions>
      </trkpt>
      <trkpt lat="49.17696260847151279449462890625" lon="-0.350589863955974578857421875">
        <ele>11</ele>
        <time>2026-05-22T14:56:22.000Z</time>
        <extensions>
          <ns3:TrackPointExtension>
            <ns3:atemp>30.0</ns3:atemp>
          </ns3:TrackPointExtension>
        </extensions>
      </trkpt>
      <trkpt lat="49.17697660624980926513671875" lon="-0.35055407322943210601806640625">
        <ele>11</ele>
        <time>2026-05-22T14:56:23.000Z</time>
        <extensions>
          <ns3:TrackPointExtension>
            <ns3:atemp>30.0</ns3:atemp>
          </ns3:TrackPointExtension>
        </extensions>
      </trkpt>
      <trkpt lat="49.17699194513261318206787109375" lon="-0.35051434300839900970458984375">
        <ele>11</ele>
        <time>2026-05-22T14:56:24.000Z</time>
        <extensions>
          <ns3:TrackPointExtension>
            <ns3:atemp>30.0</ns3:atemp>
          </ns3:TrackPointExtension>
        </extensions>
      </trkpt>
      <trkpt lat="49.17700418271124362945556640625" lon="-0.35047729499638080596923828125">
        <ele>11</ele>
        <time>2026-05-22T14:56:25.000Z</time>
        <extensions>
          <ns3:TrackPointExtension>
            <ns3:atemp>30.0</ns3:atemp>
          </ns3:TrackPointExtension>
        </extensions>
      </trkpt>
      <trkpt lat="49.17702279053628444671630859375" lon="-0.35043370909988880157470703125">
        <ele>11</ele>
        <time>2026-05-22T14:56:26.000Z</time>
        <extensions>
          <ns3:TrackPointExtension>
            <ns3:atemp>30.0</ns3:atemp>
          </ns3:TrackPointExtension>
        </extensions>
      </trkpt>
      <trkpt lat="49.17704072780907154083251953125" lon="-0.3503902070224285125732421875">
        <ele>11</ele>
        <time>2026-05-22T14:56:27.000Z</time>
        <extensions>
          <ns3:TrackPointExtension>
            <ns3:atemp>30.0</ns3:atemp>
          </ns3:TrackPointExtension>
        </extensions>
      </trkpt>
      <trkpt lat="49.17706101201474666595458984375" lon="-0.35035072825849056243896484375">
        <ele>11</ele>
        <time>2026-05-22T14:56:28.000Z</time>
        <extensions>
          <ns3:TrackPointExtension>
            <ns3:atemp>30.0</ns3:atemp>
          </ns3:TrackPointExtension>
        </extensions>
      </trkpt>
      <trkpt lat="49.1770843975245952606201171875" lon="-0.3503073938190937042236328125">
        <ele>11</ele>
        <time>2026-05-22T14:56:29.000Z</time>
        <extensions>
          <ns3:TrackPointExtension>
            <ns3:atemp>30.0</ns3:atemp>
          </ns3:TrackPointExtension>
        </extensions>
      </trkpt>
      <trkpt lat="49.17710526846349239349365234375" lon="-0.35026707686483860015869140625">
        <ele>11</ele>
        <time>2026-05-22T14:56:30.000Z</time>
        <extensions>
          <ns3:TrackPointExtension>
            <ns3:atemp>30.0</ns3:atemp>
          </ns3:TrackPointExtension>
        </extensions>
      </trkpt>
      <trkpt lat="49.17712680995464324951171875" lon="-0.350224077701568603515625">
        <ele>11</ele>
        <time>2026-05-22T14:56:31.000Z</time>
        <extensions>
          <ns3:TrackPointExtension>
            <ns3:atemp>30.0</ns3:atemp>
          </ns3:TrackPointExtension>
        </extensions>
      </trkpt>
      <trkpt lat="49.1771502792835235595703125" lon="-0.350172780454158782958984375">
        <ele>11.19999980926513671875</ele>
        <time>2026-05-22T14:56:32.000Z</time>
        <extensions>
          <ns3:TrackPointExtension>
            <ns3:atemp>30.0</ns3:atemp>
          </ns3:TrackPointExtension>
        </extensions>
      </trkpt>
      <trkpt lat="49.17717282660305500030517578125" lon="-0.3501209802925586700439453125">
        <ele>11.19999980926513671875</ele>
        <time>2026-05-22T14:56:33.000Z</time>
        <extensions>
          <ns3:TrackPointExtension>
            <ns3:atemp>30.0</ns3:atemp>
          </ns3:TrackPointExtension>
        </extensions>
      </trkpt>
      <trkpt lat="49.1771933622658252716064453125" lon="-0.3500713594257831573486328125">
        <ele>11.19999980926513671875</ele>
        <time>2026-05-22T14:56:34.000Z</time>
        <extensions>
          <ns3:TrackPointExtension>
            <ns3:atemp>30.0</ns3:atemp>
          </ns3:TrackPointExtension>
        </extensions>
      </trkpt>
      <trkpt lat="49.1772107966244220733642578125" lon="-0.35002517513930797576904296875">
        <ele>11.19999980926513671875</ele>
        <time>2026-05-22T14:56:35.000Z</time>
        <extensions>
          <ns3:TrackPointExtension>
            <ns3:atemp>30.0</ns3:atemp>
          </ns3:TrackPointExtension>
        </extensions>
      </trkpt>
      <trkpt lat="49.17722831480205059051513671875" lon="-0.3499811701476573944091796875">
        <ele>11.3999996185302734375</ele>
        <time>2026-05-22T14:56:36.000Z</time>
        <extensions>
          <ns3:TrackPointExtension>
            <ns3:atemp>30.0</ns3:atemp>
          </ns3:TrackPointExtension>
        </extensions>
      </trkpt>
      <trkpt lat="49.17724407278001308441162109375" lon="-0.349932052195072174072265625">
        <ele>11.3999996185302734375</ele>
        <time>2026-05-22T14:56:37.000Z</time>
        <extensions>
          <ns3:TrackPointExtension>
            <ns3:atemp>30.0</ns3:atemp>
          </ns3:TrackPointExtension>
        </extensions>
      </trkpt>
      <trkpt lat="49.17725781910121440887451171875" lon="-0.34988855011761188507080078125">
        <ele>11.3999996185302734375</ele>
        <time>2026-05-22T14:56:38.000Z</time>
        <extensions>
          <ns3:TrackPointExtension>
            <ns3:atemp>30.0</ns3:atemp>
          </ns3:TrackPointExtension>
        </extensions>
      </trkpt>
      <trkpt lat="49.17726804502308368682861328125" lon="-0.3498551063239574432373046875">
        <ele>11.3999996185302734375</ele>
        <time>2026-05-22T14:56:39.000Z</time>
        <extensions>
          <ns3:TrackPointExtension>
            <ns3:atemp>30.0</ns3:atemp>
          </ns3:TrackPointExtension>
        </extensions>
      </trkpt>
      <trkpt lat="49.1772765107452869415283203125" lon="-0.3498239256441593170166015625">
        <ele>11.6000003814697265625</ele>
        <time>2026-05-22T14:56:40.000Z</time>
        <extensions>
          <ns3:TrackPointExtension>
            <ns3:atemp>30.0</ns3:atemp>
          </ns3:TrackPointExtension>
        </extensions>
      </trkpt>
      <trkpt lat="49.17728430591523647308349609375" lon="-0.34980204887688159942626953125">
        <ele>11.6000003814697265625</ele>
        <time>2026-05-22T14:56:41.000Z</time>
        <extensions>
          <ns3:TrackPointExtension>
            <ns3:atemp>30.0</ns3:atemp>
          </ns3:TrackPointExtension>
        </extensions>
      </trkpt>
      <trkpt lat="49.1772912628948688507080078125" lon="-0.349781177937984466552734375">
        <ele>11.6000003814697265625</ele>
        <time>2026-05-22T14:56:42.000Z</time>
        <extensions>
          <ns3:TrackPointExtension>
            <ns3:atemp>30.0</ns3:atemp>
          </ns3:TrackPointExtension>
        </extensions>
      </trkpt>
      <trkpt lat="49.17729503475129604339599609375" lon="-0.34975427202880382537841796875">
        <ele>11.6000003814697265625</ele>
        <time>2026-05-22T14:56:43.000Z</time>
        <extensions>
          <ns3:TrackPointExtension>
            <ns3:atemp>30.0</ns3:atemp>
          </ns3:TrackPointExtension>
        </extensions>
      </trkpt>
      <trkpt lat="49.17729855515062808990478515625" lon="-0.3497364185750484466552734375">
        <ele>11.6000003814697265625</ele>
        <time>2026-05-22T14:56:44.000Z</time>
        <extensions>
          <ns3:TrackPointExtension>
            <ns3:atemp>30.0</ns3:atemp>
          </ns3:TrackPointExtension>
        </extensions>
      </trkpt>
      <trkpt lat="49.177308194339275360107421875" lon="-0.3497146256268024444580078125">
        <ele>11.6000003814697265625</ele>
        <time>2026-05-22T14:56:45.000Z</time>
        <extensions>
          <ns3:TrackPointExtension>
            <ns3:atemp>30.0</ns3:atemp>
          </ns3:TrackPointExtension>
        </extensions>
      </trkpt>
      <trkpt lat="49.17731724679470062255859375" lon="-0.34969325177371501922607421875">
        <ele>11.80000019073486328125</ele>
        <time>2026-05-22T14:56:46.000Z</time>
        <extensions>
          <ns3:TrackPointExtension>
            <ns3:atemp>30.0</ns3:atemp>
          </ns3:TrackPointExtension>
        </extensions>
      </trkpt>
      <trkpt lat="49.1773294843733310699462890625" lon="-0.3496720455586910247802734375">
        <ele>11.80000019073486328125</ele>
        <time>2026-05-22T14:56:47.000Z</time>
        <extensions>
          <ns3:TrackPointExtension>
            <ns3:atemp>30.0</ns3:atemp>
          </ns3:TrackPointExtension>
        </extensions>
      </trkpt>
      <trkpt lat="49.17734063230454921722412109375" lon="-0.349644720554351806640625">
        <ele>11.80000019073486328125</ele>
        <time>2026-05-22T14:56:48.000Z</time>
        <extensions>
          <ns3:TrackPointExtension>
            <ns3:atemp>30.0</ns3:atemp>
          </ns3:TrackPointExtension>
        </extensions>
      </trkpt>
      <trkpt lat="49.1773556359112262725830078125" lon="-0.34961110912263393402099609375">
        <ele>11.80000019073486328125</ele>
        <time>2026-05-22T14:56:49.000Z</time>
        <extensions>
          <ns3:TrackPointExtension>
            <ns3:atemp>30.0</ns3:atemp>
          </ns3:TrackPointExtension>
        </extensions>
      </trkpt>
      <trkpt lat="49.17737281881272792816162109375" lon="-0.34957976080477237701416015625">
        <ele>11.80000019073486328125</ele>
        <time>2026-05-22T14:56:50.000Z</time>
        <extensions>
          <ns3:TrackPointExtension>
            <ns3:atemp>30.0</ns3:atemp>
          </ns3:TrackPointExtension>
        </extensions>
      </trkpt>
      <trkpt lat="49.17738958261907100677490234375" lon="-0.34954422153532505035400390625">
        <ele>11.80000019073486328125</ele>
        <time>2026-05-22T14:56:51.000Z</time>
        <extensions>
          <ns3:TrackPointExtension>
            <ns3:atemp>30.0</ns3:atemp>
          </ns3:TrackPointExtension>
        </extensions>
      </trkpt>
      <trkpt lat="49.17740668170154094696044921875" lon="-0.3495065867900848388671875">
        <ele>11.80000019073486328125</ele>
        <time>2026-05-22T14:56:52.000Z</time>
        <extensions>
          <ns3:TrackPointExtension>
            <ns3:atemp>30.0</ns3:atemp>
          </ns3:TrackPointExtension>
        </extensions>
      </trkpt>
      <trkpt lat="49.17742478661239147186279296875" lon="-0.34947213716804981231689453125">
        <ele>11.80000019073486328125</ele>
        <time>2026-05-22T14:56:53.000Z</time>
        <extensions>
          <ns3:TrackPointExtension>
            <ns3:atemp>30.0</ns3:atemp>
          </ns3:TrackPointExtension>
        </extensions>
      </trkpt>
      <trkpt lat="49.17744456790387630462646484375" lon="-0.3494314849376678466796875">
        <ele>12</ele>
        <time>2026-05-22T14:56:54.000Z</time>
        <extensions>
          <ns3:TrackPointExtension>
            <ns3:atemp>30.0</ns3:atemp>
          </ns3:TrackPointExtension>
        </extensions>
      </trkpt>
      <trkpt lat="49.17746552266180515289306640625" lon="-0.3493853844702243804931640625">
        <ele>12</ele>
        <time>2026-05-22T14:56:55.000Z</time>
        <extensions>
          <ns3:TrackPointExtension>
            <ns3:atemp>31.0</ns3:atemp>
          </ns3:TrackPointExtension>
        </extensions>
      </trkpt>
      <trkpt lat="49.177488572895526885986328125" lon="-0.3493322432041168212890625">
        <ele>12</ele>
        <time>2026-05-22T14:56:56.000Z</time>
        <extensions>
          <ns3:TrackPointExtension>
            <ns3:atemp>31.0</ns3:atemp>
          </ns3:TrackPointExtension>
        </extensions>
      </trkpt>
      <trkpt lat="49.1775112040340900421142578125" lon="-0.349276252090930938720703125">
        <ele>12</ele>
        <time>2026-05-22T14:56:57.000Z</time>
        <extensions>
          <ns3:TrackPointExtension>
            <ns3:atemp>30.0</ns3:atemp>
          </ns3:TrackPointExtension>
        </extensions>
      </trkpt>
      <trkpt lat="49.17753584682941436767578125" lon="-0.34921598620712757110595703125">
        <ele>12</ele>
        <time>2026-05-22T14:56:58.000Z</time>
        <extensions>
          <ns3:TrackPointExtension>
            <ns3:atemp>30.0</ns3:atemp>
          </ns3:TrackPointExtension>
        </extensions>
      </trkpt>
      <trkpt lat="49.17756023816764354705810546875" lon="-0.3491523675620555877685546875">
        <ele>11.80000019073486328125</ele>
        <time>2026-05-22T14:56:59.000Z</time>
        <extensions>
          <ns3:TrackPointExtension>
            <ns3:atemp>31.0</ns3:atemp>
          </ns3:TrackPointExtension>
        </extensions>
      </trkpt>
      <trkpt lat="49.17758588679134845733642578125" lon="-0.34909461624920368194580078125">
        <ele>11.80000019073486328125</ele>
        <time>2026-05-22T14:57:00.000Z</time>
        <extensions>
          <ns3:TrackPointExtension>
            <ns3:atemp>31.0</ns3:atemp>
          </ns3:TrackPointExtension>
        </extensions>
      </trkpt>
      <trkpt lat="49.1776087693870067596435546875" lon="-0.349030829966068267822265625">
        <ele>11.6000003814697265625</ele>
        <time>2026-05-22T14:57:01.000Z</time>
        <extensions>
          <ns3:TrackPointExtension>
            <ns3:atemp>31.0</ns3:atemp>
          </ns3:TrackPointExtension>
        </extensions>
      </trkpt>
      <trkpt lat="49.1776288859546184539794921875" lon="-0.3489713184535503387451171875">
        <ele>11.6000003814697265625</ele>
        <time>2026-05-22T14:57:02.000Z</time>
        <extensions>
          <ns3:TrackPointExtension>
            <ns3:atemp>31.0</ns3:atemp>
          </ns3:TrackPointExtension>
        </extensions>
      </trkpt>
      <trkpt lat="49.1776560433208942413330078125" lon="-0.34891239367425441741943359375">
        <ele>11.6000003814697265625</ele>
        <time>2026-05-22T14:57:03.000Z</time>
        <extensions>
          <ns3:TrackPointExtension>
            <ns3:atemp>31.0</ns3:atemp>
          </ns3:TrackPointExtension>
        </extensions>
      </trkpt>
      <trkpt lat="49.17768211103975772857666015625" lon="-0.34885170869529247283935546875">
        <ele>11.6000003814697265625</ele>
        <time>2026-05-22T14:57:04.000Z</time>
        <extensions>
          <ns3:TrackPointExtension>
            <ns3:atemp>31.0</ns3:atemp>
          </ns3:TrackPointExtension>
        </extensions>
      </trkpt>
      <trkpt lat="49.1777070052921772003173828125" lon="-0.3487869165837764739990234375">
        <ele>11.3999996185302734375</ele>
        <time>2026-05-22T14:57:05.000Z</time>
        <extensions>
          <ns3:TrackPointExtension>
            <ns3:atemp>31.0</ns3:atemp>
          </ns3:TrackPointExtension>
        </extensions>
      </trkpt>
      <trkpt lat="49.177729971706867218017578125" lon="-0.3487195260822772979736328125">
        <ele>11.3999996185302734375</ele>
        <time>2026-05-22T14:57:06.000Z</time>
        <extensions>
          <ns3:TrackPointExtension>
            <ns3:atemp>31.0</ns3:atemp>
          </ns3:TrackPointExtension>
        </extensions>
      </trkpt>
      <trkpt lat="49.17775444686412811279296875" lon="-0.34865959547460079193115234375">
        <ele>11.3999996185302734375</ele>
        <time>2026-05-22T14:57:07.000Z</time>
        <extensions>
          <ns3:TrackPointExtension>
            <ns3:atemp>31.0</ns3:atemp>
          </ns3:TrackPointExtension>
        </extensions>
      </trkpt>
      <trkpt lat="49.177780933678150177001953125" lon="-0.3485974855720996856689453125">
        <ele>11.3999996185302734375</ele>
        <time>2026-05-22T14:57:08.000Z</time>
        <extensions>
          <ns3:TrackPointExtension>
            <ns3:atemp>31.0</ns3:atemp>
          </ns3:TrackPointExtension>
        </extensions>
      </trkpt>
      <trkpt lat="49.17781169526278972625732421875" lon="-0.3485254012048244476318359375">
        <ele>11.3999996185302734375</ele>
        <time>2026-05-22T14:57:09.000Z</time>
        <extensions>
          <ns3:TrackPointExtension>
            <ns3:atemp>31.0</ns3:atemp>
          </ns3:TrackPointExtension>
        </extensions>
      </trkpt>
      <trkpt lat="49.17783734388649463653564453125" lon="-0.3484509699046611785888671875">
        <ele>11.3999996185302734375</ele>
        <time>2026-05-22T14:57:10.000Z</time>
        <extensions>
          <ns3:TrackPointExtension>
            <ns3:atemp>31.0</ns3:atemp>
          </ns3:TrackPointExtension>
        </extensions>
      </trkpt>
      <trkpt lat="49.1778610646724700927734375" lon="-0.34837326966226100921630859375">
        <ele>11.3999996185302734375</ele>
        <time>2026-05-22T14:57:11.000Z</time>
        <extensions>
          <ns3:TrackPointExtension>
            <ns3:atemp>31.0</ns3:atemp>
          </ns3:TrackPointExtension>
        </extensions>
      </trkpt>
      <trkpt lat="49.17788126505911350250244140625" lon="-0.34829213283956050872802734375">
        <ele>11.6000003814697265625</ele>
        <time>2026-05-22T14:57:12.000Z</time>
        <extensions>
          <ns3:TrackPointExtension>
            <ns3:atemp>31.0</ns3:atemp>
          </ns3:TrackPointExtension>
        </extensions>
      </trkpt>
      <trkpt lat="49.177902303636074066162109375" lon="-0.34821485169231891632080078125">
        <ele>11.6000003814697265625</ele>
        <time>2026-05-22T14:57:13.000Z</time>
        <extensions>
          <ns3:TrackPointExtension>
            <ns3:atemp>31.0</ns3:atemp>
          </ns3:TrackPointExtension>
        </extensions>
      </trkpt>
      <trkpt lat="49.1779309697449207305908203125" lon="-0.34813421778380870819091796875">
        <ele>11.6000003814697265625</ele>
        <time>2026-05-22T14:57:14.000Z</time>
        <extensions>
          <ns3:TrackPointExtension>
            <ns3:atemp>31.0</ns3:atemp>
          </ns3:TrackPointExtension>
        </extensions>
      </trkpt>
      <trkpt lat="49.177954606711864471435546875" lon="-0.34805861301720142364501953125">
        <ele>11.6000003814697265625</ele>
        <time>2026-05-22T14:57:15.000Z</time>
        <extensions>
          <ns3:TrackPointExtension>
            <ns3:atemp>31.0</ns3:atemp>
          </ns3:TrackPointExtension>
        </extensions>
      </trkpt>
      <trkpt lat="49.17797748930752277374267578125" lon="-0.34798468463122844696044921875">
        <ele>11.6000003814697265625</ele>
        <time>2026-05-22T14:57:16.000Z</time>
        <extensions>
          <ns3:TrackPointExtension>
            <ns3:atemp>31.0</ns3:atemp>
          </ns3:TrackPointExtension>
        </extensions>
      </trkpt>
      <trkpt lat="49.1779990307986736297607421875" lon="-0.3479192219674587249755859375">
        <ele>11.6000003814697265625</ele>
        <time>2026-05-22T14:57:17.000Z</time>
        <extensions>
          <ns3:TrackPointExtension>
            <ns3:atemp>31.0</ns3:atemp>
          </ns3:TrackPointExtension>
        </extensions>
      </trkpt>
      <trkpt lat="49.17801386676728725433349609375" lon="-0.34785392694175243377685546875">
        <ele>11.6000003814697265625</ele>
        <time>2026-05-22T14:57:18.000Z</time>
        <extensions>
          <ns3:TrackPointExtension>
            <ns3:atemp>31.0</ns3:atemp>
          </ns3:TrackPointExtension>
        </extensions>
      </trkpt>
      <trkpt lat="49.178028367459774017333984375" lon="-0.347783602774143218994140625">
        <ele>11.6000003814697265625</ele>
        <time>2026-05-22T14:57:19.000Z</time>
        <extensions>
          <ns3:TrackPointExtension>
            <ns3:atemp>31.0</ns3:atemp>
          </ns3:TrackPointExtension>
        </extensions>
      </trkpt>
      <trkpt lat="49.1780416108667850494384765625" lon="-0.3477291204035282135009765625">
        <ele>11.6000003814697265625</ele>
        <time>2026-05-22T14:57:20.000Z</time>
        <extensions>
          <ns3:TrackPointExtension>
            <ns3:atemp>31.0</ns3:atemp>
          </ns3:TrackPointExtension>
        </extensions>
      </trkpt>
      <trkpt lat="49.178049154579639434814453125" lon="-0.34768327139317989349365234375">
        <ele>11.80000019073486328125</ele>
        <time>2026-05-22T14:57:21.000Z</time>
        <extensions>
          <ns3:TrackPointExtension>
            <ns3:atemp>31.0</ns3:atemp>
          </ns3:TrackPointExtension>
        </extensions>
      </trkpt>
      <trkpt lat="49.1780623979866504669189453125" lon="-0.34763532690703868865966796875">
        <ele>11.80000019073486328125</ele>
        <time>2026-05-22T14:57:22.000Z</time>
        <extensions>
          <ns3:TrackPointExtension>
            <ns3:atemp>31.0</ns3:atemp>
          </ns3:TrackPointExtension>
        </extensions>
      </trkpt>
      <trkpt lat="49.178089387714862823486328125" lon="-0.34760934300720691680908203125">
        <ele>11.80000019073486328125</ele>
        <time>2026-05-22T14:57:23.000Z</time>
        <extensions>
          <ns3:TrackPointExtension>
            <ns3:atemp>31.0</ns3:atemp>
          </ns3:TrackPointExtension>
        </extensions>
      </trkpt>
      <trkpt lat="49.1781214065849781036376953125" lon="-0.34761403687298297882080078125">
        <ele>11.80000019073486328125</ele>
        <time>2026-05-22T14:57:24.000Z</time>
        <extensions>
          <ns3:TrackPointExtension>
            <ns3:atemp>31.0</ns3:atemp>
          </ns3:TrackPointExtension>
        </extensions>
      </trkpt>
      <trkpt lat="49.1781549341976642608642578125" lon="-0.3476332314312458038330078125">
        <ele>12</ele>
        <time>2026-05-22T14:57:25.000Z</time>
        <extensions>
          <ns3:TrackPointExtension>
            <ns3:atemp>31.0</ns3:atemp>
          </ns3:TrackPointExtension>
        </extensions>
      </trkpt>
      <trkpt lat="49.17818963527679443359375" lon="-0.34765795804560184478759765625">
        <ele>12</ele>
        <time>2026-05-22T14:57:26.000Z</time>
        <extensions>
          <ns3:TrackPointExtension>
            <ns3:atemp>31.0</ns3:atemp>
          </ns3:TrackPointExtension>
        </extensions>
      </trkpt>
      <trkpt lat="49.17822006158530712127685546875" lon="-0.34769232384860515594482421875">
        <ele>12</ele>
        <time>2026-05-22T14:57:27.000Z</time>
        <extensions>
          <ns3:TrackPointExtension>
            <ns3:atemp>31.0</ns3:atemp>
          </ns3:TrackPointExtension>
        </extensions>
      </trkpt>
      <trkpt lat="49.178250990808010101318359375" lon="-0.34772853367030620574951171875">
        <ele>12</ele>
        <time>2026-05-22T14:57:28.000Z</time>
        <extensions>
          <ns3:TrackPointExtension>
            <ns3:atemp>31.0</ns3:atemp>
          </ns3:TrackPointExtension>
        </extensions>
      </trkpt>
      <trkpt lat="49.1782836802303791046142578125" lon="-0.347767174243927001953125">
        <ele>12</ele>
        <time>2026-05-22T14:57:29.000Z</time>
        <extensions>
          <ns3:TrackPointExtension>
            <ns3:atemp>31.0</ns3:atemp>
          </ns3:TrackPointExtension>
        </extensions>
      </trkpt>
      <trkpt lat="49.1783197224140167236328125" lon="-0.34780631773173809051513671875">
        <ele>12</ele>
        <time>2026-05-22T14:57:30.000Z</time>
        <extensions>
          <ns3:TrackPointExtension>
            <ns3:atemp>31.0</ns3:atemp>
          </ns3:TrackPointExtension>
        </extensions>
      </trkpt>
      <trkpt lat="49.178356267511844635009765625" lon="-0.347844623029232025146484375">
        <ele>11.80000019073486328125</ele>
        <time>2026-05-22T14:57:31.000Z</time>
        <extensions>
          <ns3:TrackPointExtension>
            <ns3:atemp>31.0</ns3:atemp>
          </ns3:TrackPointExtension>
        </extensions>
      </trkpt>
      <trkpt lat="49.1783973388373851776123046875" lon="-0.34789013676345348358154296875">
        <ele>11.6000003814697265625</ele>
        <time>2026-05-22T14:57:32.000Z</time>
        <extensions>
          <ns3:TrackPointExtension>
            <ns3:atemp>31.0</ns3:atemp>
          </ns3:TrackPointExtension>
        </extensions>
      </trkpt>
      <trkpt lat="49.1784338839352130889892578125" lon="-0.347937159240245819091796875">
        <ele>11.3999996185302734375</ele>
        <time>2026-05-22T14:57:33.000Z</time>
        <extensions>
          <ns3:TrackPointExtension>
            <ns3:atemp>31.0</ns3:atemp>
          </ns3:TrackPointExtension>
        </extensions>
      </trkpt>
      <trkpt lat="49.1784704290330410003662109375" lon="-0.3479778952896595001220703125">
        <ele>11.3999996185302734375</ele>
        <time>2026-05-22T14:57:34.000Z</time>
        <extensions>
          <ns3:TrackPointExtension>
            <ns3:atemp>31.0</ns3:atemp>
          </ns3:TrackPointExtension>
        </extensions>
      </trkpt>
      <trkpt lat="49.1785074770450592041015625" lon="-0.3480161167681217193603515625">
        <ele>11.3999996185302734375</ele>
        <time>2026-05-22T14:57:35.000Z</time>
        <extensions>
          <ns3:TrackPointExtension>
            <ns3:atemp>31.0</ns3:atemp>
          </ns3:TrackPointExtension>
        </extensions>
      </trkpt>
      <trkpt lat="49.17854393832385540008544921875" lon="-0.34805559553205966949462890625">
        <ele>11.3999996185302734375</ele>
        <time>2026-05-22T14:57:36.000Z</time>
        <extensions>
          <ns3:TrackPointExtension>
            <ns3:atemp>31.0</ns3:atemp>
          </ns3:TrackPointExtension>
        </extensions>
      </trkpt>
      <trkpt lat="49.17857780121266841888427734375" lon="-0.34809415228664875030517578125">
        <ele>11.3999996185302734375</ele>
        <time>2026-05-22T14:57:37.000Z</time>
        <extensions>
          <ns3:TrackPointExtension>
            <ns3:atemp>31.0</ns3:atemp>
          </ns3:TrackPointExtension>
        </extensions>
      </trkpt>
      <trkpt lat="49.1786115802824497222900390625" lon="-0.34812851808965206146240234375">
        <ele>11.3999996185302734375</ele>
        <time>2026-05-22T14:57:38.000Z</time>
        <extensions>
          <ns3:TrackPointExtension>
            <ns3:atemp>31.0</ns3:atemp>
          </ns3:TrackPointExtension>
        </extensions>
      </trkpt>
      <trkpt lat="49.17864535935223102569580078125" lon="-0.3481626324355602264404296875">
        <ele>11.3999996185302734375</ele>
        <time>2026-05-22T14:57:39.000Z</time>
        <extensions>
          <ns3:TrackPointExtension>
            <ns3:atemp>31.0</ns3:atemp>
          </ns3:TrackPointExtension>
        </extensions>
      </trkpt>
      <trkpt lat="49.178678132593631744384765625" lon="-0.348199345171451568603515625">
        <ele>11.6000003814697265625</ele>
        <time>2026-05-22T14:57:40.000Z</time>
        <extensions>
          <ns3:TrackPointExtension>
            <ns3:atemp>31.0</ns3:atemp>
          </ns3:TrackPointExtension>
        </extensions>
      </trkpt>
      <trkpt lat="49.1787081398069858551025390625" lon="-0.348236225545406341552734375">
        <ele>11.6000003814697265625</ele>
        <time>2026-05-22T14:57:41.000Z</time>
        <extensions>
          <ns3:TrackPointExtension>
            <ns3:atemp>31.0</ns3:atemp>
          </ns3:TrackPointExtension>
        </extensions>
      </trkpt>
      <trkpt lat="49.1787356324493885040283203125" lon="-0.3482692502439022064208984375">
        <ele>11.6000003814697265625</ele>
        <time>2026-05-22T14:57:42.000Z</time>
        <extensions>
          <ns3:TrackPointExtension>
            <ns3:atemp>31.0</ns3:atemp>
          </ns3:TrackPointExtension>
        </extensions>
      </trkpt>
      <trkpt lat="49.17876505292952060699462890625" lon="-0.34829867072403430938720703125">
        <ele>11.6000003814697265625</ele>
        <time>2026-05-22T14:57:43.000Z</time>
        <extensions>
          <ns3:TrackPointExtension>
            <ns3:atemp>31.0</ns3:atemp>
          </ns3:TrackPointExtension>
        </extensions>
      </trkpt>
      <trkpt lat="49.1787943057715892791748046875" lon="-0.3483279235661029815673828125">
        <ele>11.6000003814697265625</ele>
        <time>2026-05-22T14:57:44.000Z</time>
        <extensions>
          <ns3:TrackPointExtension>
            <ns3:atemp>31.0</ns3:atemp>
          </ns3:TrackPointExtension>
        </extensions>
      </trkpt>
      <trkpt lat="49.17882188223302364349365234375" lon="-0.34835449419915676116943359375">
        <ele>11.3999996185302734375</ele>
        <time>2026-05-22T14:57:45.000Z</time>
        <extensions>
          <ns3:TrackPointExtension>
            <ns3:atemp>31.0</ns3:atemp>
          </ns3:TrackPointExtension>
        </extensions>
      </trkpt>
      <trkpt lat="49.17884920723736286163330078125" lon="-0.34838114865124225616455078125">
        <ele>11.3999996185302734375</ele>
        <time>2026-05-22T14:57:46.000Z</time>
        <extensions>
          <ns3:TrackPointExtension>
            <ns3:atemp>31.0</ns3:atemp>
          </ns3:TrackPointExtension>
        </extensions>
      </trkpt>
      <trkpt lat="49.17887167073786258697509765625" lon="-0.3484047017991542816162109375">
        <ele>11.3999996185302734375</ele>
        <time>2026-05-22T14:57:47.000Z</time>
        <extensions>
          <ns3:TrackPointExtension>
            <ns3:atemp>31.0</ns3:atemp>
          </ns3:TrackPointExtension>
        </extensions>
      </trkpt>
      <trkpt lat="49.17888826690614223480224609375" lon="-0.34842439927160739898681640625">
        <ele>11.19999980926513671875</ele>
        <time>2026-05-22T14:57:48.000Z</time>
        <extensions>
          <ns3:TrackPointExtension>
            <ns3:atemp>31.0</ns3:atemp>
          </ns3:TrackPointExtension>
        </extensions>
      </trkpt>
      <trkpt lat="49.17890000157058238983154296875" lon="-0.34843705594539642333984375">
        <ele>11</ele>
        <time>2026-05-22T14:57:49.000Z</time>
        <extensions>
          <ns3:TrackPointExtension>
            <ns3:atemp>31.0</ns3:atemp>
          </ns3:TrackPointExtension>
        </extensions>
      </trkpt>
      <trkpt lat="49.17891156859695911407470703125" lon="-0.34844351001083850860595703125">
        <ele>11</ele>
        <time>2026-05-22T14:57:50.000Z</time>
        <extensions>
          <ns3:TrackPointExtension>
            <ns3:atemp>31.0</ns3:atemp>
          </ns3:TrackPointExtension>
        </extensions>
      </trkpt>
      <trkpt lat="49.1789213754236698150634765625" lon="-0.3484492935240268707275390625">
        <ele>10.80000019073486328125</ele>
        <time>2026-05-22T14:57:51.000Z</time>
        <extensions>
          <ns3:TrackPointExtension>
            <ns3:atemp>31.0</ns3:atemp>
          </ns3:TrackPointExtension>
        </extensions>
      </trkpt>
      <trkpt lat="49.1789280809462070465087890625" lon="-0.3484573401510715484619140625">
        <ele>10.80000019073486328125</ele>
        <time>2026-05-22T14:57:52.000Z</time>
        <extensions>
          <ns3:TrackPointExtension>
            <ns3:atemp>31.0</ns3:atemp>
          </ns3:TrackPointExtension>
        </extensions>
      </trkpt>
      <trkpt lat="49.17893419973552227020263671875" lon="-0.3484653867781162261962890625">
        <ele>10.6000003814697265625</ele>
        <time>2026-05-22T14:57:53.000Z</time>
        <extensions>
          <ns3:TrackPointExtension>
            <ns3:atemp>31.0</ns3:atemp>
          </ns3:TrackPointExtension>
        </extensions>
      </trkpt>
      <trkpt lat="49.17893998324871063232421875" lon="-0.348474942147731781005859375">
        <ele>10.6000003814697265625</ele>
        <time>2026-05-22T14:57:54.000Z</time>
        <extensions>
          <ns3:TrackPointExtension>
            <ns3:atemp>31.0</ns3:atemp>
          </ns3:TrackPointExtension>
        </extensions>
      </trkpt>
      <trkpt lat="49.1789471916854381561279296875" lon="-0.34848424606025218963623046875">
        <ele>10.6000003814697265625</ele>
        <time>2026-05-22T14:57:55.000Z</time>
        <extensions>
          <ns3:TrackPointExtension>
            <ns3:atemp>31.0</ns3:atemp>
          </ns3:TrackPointExtension>
        </extensions>
      </trkpt>
      <trkpt lat="49.17895473539829254150390625" lon="-0.34849070012569427490234375">
        <ele>10.3999996185302734375</ele>
        <time>2026-05-22T14:57:56.000Z</time>
        <extensions>
          <ns3:TrackPointExtension>
            <ns3:atemp>31.0</ns3:atemp>
          </ns3:TrackPointExtension>
        </extensions>
      </trkpt>
      <trkpt lat="49.17896144092082977294921875" lon="-0.34849950112402439117431640625">
        <ele>10.3999996185302734375</ele>
        <time>2026-05-22T14:57:57.000Z</time>
        <extensions>
          <ns3:TrackPointExtension>
            <ns3:atemp>31.0</ns3:atemp>
          </ns3:TrackPointExtension>
        </extensions>
      </trkpt>
      <trkpt lat="49.17896739207208156585693359375" lon="-0.3485113196074962615966796875">
        <ele>10.3999996185302734375</ele>
        <time>2026-05-22T14:57:58.000Z</time>
        <extensions>
          <ns3:TrackPointExtension>
            <ns3:atemp>31.0</ns3:atemp>
          </ns3:TrackPointExtension>
        </extensions>
      </trkpt>
      <trkpt lat="49.17897392995655536651611328125" lon="-0.3485222160816192626953125">
        <ele>10.3999996185302734375</ele>
        <time>2026-05-22T14:57:59.000Z</time>
        <extensions>
          <ns3:TrackPointExtension>
            <ns3:atemp>31.0</ns3:atemp>
          </ns3:TrackPointExtension>
        </extensions>
      </trkpt>
      <trkpt lat="49.17897895909845829010009765625" lon="-0.34852833487093448638916015625">
        <ele>10.3999996185302734375</ele>
        <time>2026-05-22T14:58:00.000Z</time>
        <extensions>
          <ns3:TrackPointExtension>
            <ns3:atemp>31.0</ns3:atemp>
          </ns3:TrackPointExtension>
        </extensions>
      </trkpt>
      <trkpt lat="49.17898398824036121368408203125" lon="-0.3485391475260257720947265625">
        <ele>10.3999996185302734375</ele>
        <time>2026-05-22T14:58:01.000Z</time>
        <extensions>
          <ns3:TrackPointExtension>
            <ns3:atemp>31.0</ns3:atemp>
          </ns3:TrackPointExtension>
        </extensions>
      </trkpt>
      <trkpt lat="49.17898566462099552154541015625" lon="-0.348540656268596649169921875">
        <ele>10.19999980926513671875</ele>
        <time>2026-05-22T14:58:02.000Z</time>
        <extensions>
          <ns3:TrackPointExtension>
            <ns3:atemp>31.0</ns3:atemp>
          </ns3:TrackPointExtension>
        </extensions>
      </trkpt>
      <trkpt lat="49.1790269874036312103271484375" lon="-0.3485659696161746978759765625">
        <ele>10</ele>
        <time>2026-05-22T14:59:11.000Z</time>
        <extensions>
          <ns3:TrackPointExtension>
            <ns3:atemp>32.0</ns3:atemp>
          </ns3:TrackPointExtension>
        </extensions>
      </trkpt>
      <trkpt lat="49.17905054055154323577880859375" lon="-0.3485884331166744232177734375">
        <ele>10</ele>
        <time>2026-05-22T14:59:12.000Z</time>
        <extensions>
          <ns3:TrackPointExtension>
            <ns3:atemp>32.0</ns3:atemp>
          </ns3:TrackPointExtension>
        </extensions>
      </trkpt>
      <trkpt lat="49.179078452289104461669921875" lon="-0.3486142493784427642822265625">
        <ele>10</ele>
        <time>2026-05-22T14:59:13.000Z</time>
        <extensions>
          <ns3:TrackPointExtension>
            <ns3:atemp>32.0</ns3:atemp>
          </ns3:TrackPointExtension>
        </extensions>
      </trkpt>
      <trkpt lat="49.17910820804536342620849609375" lon="-0.3486464358866214752197265625">
        <ele>10</ele>
        <time>2026-05-22T14:59:14.000Z</time>
        <extensions>
          <ns3:TrackPointExtension>
            <ns3:atemp>32.0</ns3:atemp>
          </ns3:TrackPointExtension>
        </extensions>
      </trkpt>
      <trkpt lat="49.179138131439685821533203125" lon="-0.348684154450893402099609375">
        <ele>10</ele>
        <time>2026-05-22T14:59:15.000Z</time>
        <extensions>
          <ns3:TrackPointExtension>
            <ns3:atemp>32.0</ns3:atemp>
          </ns3:TrackPointExtension>
        </extensions>
      </trkpt>
      <trkpt lat="49.1791704855859279632568359375" lon="-0.34872028045356273651123046875">
        <ele>10.19999980926513671875</ele>
        <time>2026-05-22T14:59:16.000Z</time>
        <extensions>
          <ns3:TrackPointExtension>
            <ns3:atemp>32.0</ns3:atemp>
          </ns3:TrackPointExtension>
        </extensions>
      </trkpt>
      <trkpt lat="49.17919990606606006622314453125" lon="-0.34875414334237575531005859375">
        <ele>10.19999980926513671875</ele>
        <time>2026-05-22T14:59:17.000Z</time>
        <extensions>
          <ns3:TrackPointExtension>
            <ns3:atemp>32.0</ns3:atemp>
          </ns3:TrackPointExtension>
        </extensions>
      </trkpt>
      <trkpt lat="49.17923242785036563873291015625" lon="-0.3487808816134929656982421875">
        <ele>10.19999980926513671875</ele>
        <time>2026-05-22T14:59:18.000Z</time>
        <extensions>
          <ns3:TrackPointExtension>
            <ns3:atemp>32.0</ns3:atemp>
          </ns3:TrackPointExtension>
        </extensions>
      </trkpt>
      <trkpt lat="49.17927081696689128875732421875" lon="-0.3488093800842761993408203125">
        <ele>10.3999996185302734375</ele>
        <time>2026-05-22T14:59:19.000Z</time>
        <extensions>
          <ns3:TrackPointExtension>
            <ns3:atemp>32.0</ns3:atemp>
          </ns3:TrackPointExtension>
        </extensions>
      </trkpt>
      <trkpt lat="49.179310463368892669677734375" lon="-0.34883779473602771759033203125">
        <ele>10.3999996185302734375</ele>
        <time>2026-05-22T14:59:20.000Z</time>
        <extensions>
          <ns3:TrackPointExtension>
            <ns3:atemp>32.0</ns3:atemp>
          </ns3:TrackPointExtension>
        </extensions>
      </trkpt>
      <trkpt lat="49.17934893630445003509521484375" lon="-0.348866544663906097412109375">
        <ele>10.3999996185302734375</ele>
        <time>2026-05-22T14:59:21.000Z</time>
        <extensions>
          <ns3:TrackPointExtension>
            <ns3:atemp>32.0</ns3:atemp>
          </ns3:TrackPointExtension>
        </extensions>
      </trkpt>
      <trkpt lat="49.17939000762999057769775390625" lon="-0.34889579750597476959228515625">
        <ele>10.3999996185302734375</ele>
        <time>2026-05-22T14:59:22.000Z</time>
        <extensions>
          <ns3:TrackPointExtension>
            <ns3:atemp>32.0</ns3:atemp>
          </ns3:TrackPointExtension>
        </extensions>
      </trkpt>
      <trkpt lat="49.17943174950778484344482421875" lon="-0.348926223814487457275390625">
        <ele>10.3999996185302734375</ele>
        <time>2026-05-22T14:59:23.000Z</time>
        <extensions>
          <ns3:TrackPointExtension>
            <ns3:atemp>32.0</ns3:atemp>
          </ns3:TrackPointExtension>
        </extensions>
      </trkpt>
      <trkpt lat="49.17946510948240756988525390625" lon="-0.3489626012742519378662109375">
        <ele>10.3999996185302734375</ele>
        <time>2026-05-22T14:59:24.000Z</time>
        <extensions>
          <ns3:TrackPointExtension>
            <ns3:atemp>32.0</ns3:atemp>
          </ns3:TrackPointExtension>
        </extensions>
      </trkpt>
      <trkpt lat="49.17949109338223934173583984375" lon="-0.34900241531431674957275390625">
        <ele>10.3999996185302734375</ele>
        <time>2026-05-22T14:59:25.000Z</time>
        <extensions>
          <ns3:TrackPointExtension>
            <ns3:atemp>32.0</ns3:atemp>
          </ns3:TrackPointExtension>
        </extensions>
      </trkpt>
      <trkpt lat="49.179519675672054290771484375" lon="-0.34903326071798801422119140625">
        <ele>10.6000003814697265625</ele>
        <time>2026-05-22T14:59:26.000Z</time>
        <extensions>
          <ns3:TrackPointExtension>
            <ns3:atemp>32.0</ns3:atemp>
          </ns3:TrackPointExtension>
        </extensions>
      </trkpt>
      <trkpt lat="49.1795506887137889862060546875" lon="-0.34906092099845409393310546875">
        <ele>10.6000003814697265625</ele>
        <time>2026-05-22T14:59:27.000Z</time>
        <extensions>
          <ns3:TrackPointExtension>
            <ns3:atemp>32.0</ns3:atemp>
          </ns3:TrackPointExtension>
        </extensions>
      </trkpt>
      <trkpt lat="49.1795788519084453582763671875" lon="-0.3490910120308399200439453125">
        <ele>10.80000019073486328125</ele>
        <time>2026-05-22T14:59:28.000Z</time>
        <extensions>
          <ns3:TrackPointExtension>
            <ns3:atemp>32.0</ns3:atemp>
          </ns3:TrackPointExtension>
        </extensions>
      </trkpt>
      <trkpt lat="49.17960844002664089202880859375" lon="-0.34912236034870147705078125">
        <ele>10.80000019073486328125</ele>
        <time>2026-05-22T14:59:29.000Z</time>
        <extensions>
          <ns3:TrackPointExtension>
            <ns3:atemp>32.0</ns3:atemp>
          </ns3:TrackPointExtension>
        </extensions>
      </trkpt>
      <trkpt lat="49.1796385310590267181396484375" lon="-0.3491563908755779266357421875">
        <ele>11</ele>
        <time>2026-05-22T14:59:30.000Z</time>
        <extensions>
          <ns3:TrackPointExtension>
            <ns3:atemp>32.0</ns3:atemp>
          </ns3:TrackPointExtension>
        </extensions>
      </trkpt>
      <trkpt lat="49.1796666942536830902099609375" lon="-0.34918765537440776824951171875">
        <ele>11</ele>
        <time>2026-05-22T14:59:31.000Z</time>
        <extensions>
          <ns3:TrackPointExtension>
            <ns3:atemp>32.0</ns3:atemp>
          </ns3:TrackPointExtension>
        </extensions>
      </trkpt>
      <trkpt lat="49.17969862930476665496826171875" lon="-0.34922026097774505615234375">
        <ele>11</ele>
        <time>2026-05-22T14:59:32.000Z</time>
        <extensions>
          <ns3:TrackPointExtension>
            <ns3:atemp>32.0</ns3:atemp>
          </ns3:TrackPointExtension>
        </extensions>
      </trkpt>
      <trkpt lat="49.1797314025461673736572265625" lon="-0.3492512740194797515869140625">
        <ele>11</ele>
        <time>2026-05-22T14:59:33.000Z</time>
        <extensions>
          <ns3:TrackPointExtension>
            <ns3:atemp>32.0</ns3:atemp>
          </ns3:TrackPointExtension>
        </extensions>
      </trkpt>
      <trkpt lat="49.17976400814950466156005859375" lon="-0.34928387962281703948974609375">
        <ele>11</ele>
        <time>2026-05-22T14:59:34.000Z</time>
        <extensions>
          <ns3:TrackPointExtension>
            <ns3:atemp>32.0</ns3:atemp>
          </ns3:TrackPointExtension>
        </extensions>
      </trkpt>
      <trkpt lat="49.17979770340025424957275390625" lon="-0.34932126291096210479736328125">
        <ele>11</ele>
        <time>2026-05-22T14:59:35.000Z</time>
        <extensions>
          <ns3:TrackPointExtension>
            <ns3:atemp>32.0</ns3:atemp>
          </ns3:TrackPointExtension>
        </extensions>
      </trkpt>
      <trkpt lat="49.1798323206603527069091796875" lon="-0.34935965202748775482177734375">
        <ele>11</ele>
        <time>2026-05-22T14:59:36.000Z</time>
        <extensions>
          <ns3:TrackPointExtension>
            <ns3:atemp>32.0</ns3:atemp>
          </ns3:TrackPointExtension>
        </extensions>
      </trkpt>
      <trkpt lat="49.17986668646335601806640625" lon="-0.34939468838274478912353515625">
        <ele>11</ele>
        <time>2026-05-22T14:59:37.000Z</time>
        <extensions>
          <ns3:TrackPointExtension>
            <ns3:atemp>32.0</ns3:atemp>
          </ns3:TrackPointExtension>
        </extensions>
      </trkpt>
      <trkpt lat="49.17990465648472309112548828125" lon="-0.349430143833160400390625">
        <ele>11</ele>
        <time>2026-05-22T14:59:38.000Z</time>
        <extensions>
          <ns3:TrackPointExtension>
            <ns3:atemp>32.0</ns3:atemp>
          </ns3:TrackPointExtension>
        </extensions>
      </trkpt>
      <trkpt lat="49.17994421906769275665283203125" lon="-0.34946174360811710357666015625">
        <ele>10.80000019073486328125</ele>
        <time>2026-05-22T14:59:39.000Z</time>
        <extensions>
          <ns3:TrackPointExtension>
            <ns3:atemp>32.0</ns3:atemp>
          </ns3:TrackPointExtension>
        </extensions>
      </trkpt>
      <trkpt lat="49.17998470366001129150390625" lon="-0.3494946844875812530517578125">
        <ele>10.80000019073486328125</ele>
        <time>2026-05-22T14:59:40.000Z</time>
        <extensions>
          <ns3:TrackPointExtension>
            <ns3:atemp>32.0</ns3:atemp>
          </ns3:TrackPointExtension>
        </extensions>
      </trkpt>
      <trkpt lat="49.18002870865166187286376953125" lon="-0.349527038633823394775390625">
        <ele>10.6000003814697265625</ele>
        <time>2026-05-22T14:59:41.000Z</time>
        <extensions>
          <ns3:TrackPointExtension>
            <ns3:atemp>32.0</ns3:atemp>
          </ns3:TrackPointExtension>
        </extensions>
      </trkpt>
      <trkpt lat="49.1800733841955661773681640625" lon="-0.3495562076568603515625">
        <ele>10.6000003814697265625</ele>
        <time>2026-05-22T14:59:42.000Z</time>
        <extensions>
          <ns3:TrackPointExtension>
            <ns3:atemp>32.0</ns3:atemp>
          </ns3:TrackPointExtension>
        </extensions>
      </trkpt>
      <trkpt lat="49.180112779140472412109375" lon="-0.3495897352695465087890625">
        <ele>10.6000003814697265625</ele>
        <time>2026-05-22T14:59:43.000Z</time>
        <extensions>
          <ns3:TrackPointExtension>
            <ns3:atemp>32.0</ns3:atemp>
          </ns3:TrackPointExtension>
        </extensions>
      </trkpt>
      <trkpt lat="49.180153347551822662353515625" lon="-0.34962653182446956634521484375">
        <ele>10.3999996185302734375</ele>
        <time>2026-05-22T14:59:44.000Z</time>
        <extensions>
          <ns3:TrackPointExtension>
            <ns3:atemp>32.0</ns3:atemp>
          </ns3:TrackPointExtension>
        </extensions>
      </trkpt>
      <trkpt lat="49.1801954247057437896728515625" lon="-0.34966416656970977783203125">
        <ele>10.3999996185302734375</ele>
        <time>2026-05-22T14:59:45.000Z</time>
        <extensions>
          <ns3:TrackPointExtension>
            <ns3:atemp>32.0</ns3:atemp>
          </ns3:TrackPointExtension>
        </extensions>
      </trkpt>
      <trkpt lat="49.18023808859288692474365234375" lon="-0.34970230422914028167724609375">
        <ele>10.19999980926513671875</ele>
        <time>2026-05-22T14:59:46.000Z</time>
        <extensions>
          <ns3:TrackPointExtension>
            <ns3:atemp>32.0</ns3:atemp>
          </ns3:TrackPointExtension>
        </extensions>
      </trkpt>
      <trkpt lat="49.18027463369071483612060546875" lon="-0.3497448004782199859619140625">
        <ele>10.19999980926513671875</ele>
        <time>2026-05-22T14:59:47.000Z</time>
        <extensions>
          <ns3:TrackPointExtension>
            <ns3:atemp>32.0</ns3:atemp>
          </ns3:TrackPointExtension>
        </extensions>
      </trkpt>
      <trkpt lat="49.18030397035181522369384765625" lon="-0.349787212908267974853515625">
        <ele>10</ele>
        <time>2026-05-22T14:59:48.000Z</time>
        <extensions>
          <ns3:TrackPointExtension>
            <ns3:atemp>32.0</ns3:atemp>
          </ns3:TrackPointExtension>
        </extensions>
      </trkpt>
      <trkpt lat="49.1803355701267719268798828125" lon="-0.34982166253030300140380859375">
        <ele>10</ele>
        <time>2026-05-22T14:59:49.000Z</time>
        <extensions>
          <ns3:TrackPointExtension>
            <ns3:atemp>32.0</ns3:atemp>
          </ns3:TrackPointExtension>
        </extensions>
      </trkpt>
      <trkpt lat="49.18036918155848979949951171875" lon="-0.3498416952788829803466796875">
        <ele>9.80000019073486328125</ele>
        <time>2026-05-22T14:59:50.000Z</time>
        <extensions>
          <ns3:TrackPointExtension>
            <ns3:atemp>32.0</ns3:atemp>
          </ns3:TrackPointExtension>
        </extensions>
      </trkpt>
      <trkpt lat="49.18040270917117595672607421875" lon="-0.3498437069356441497802734375">
        <ele>9.80000019073486328125</ele>
        <time>2026-05-22T14:59:51.000Z</time>
        <extensions>
          <ns3:TrackPointExtension>
            <ns3:atemp>32.0</ns3:atemp>
          </ns3:TrackPointExtension>
        </extensions>
      </trkpt>
      <trkpt lat="49.18043556623160839080810546875" lon="-0.34984479658305644989013671875">
        <ele>9.80000019073486328125</ele>
        <time>2026-05-22T14:59:52.000Z</time>
        <extensions>
          <ns3:TrackPointExtension>
            <ns3:atemp>32.0</ns3:atemp>
          </ns3:TrackPointExtension>
        </extensions>
      </trkpt>
      <trkpt lat="49.180465154349803924560546875" lon="-0.3498537652194499969482421875">
        <ele>9.80000019073486328125</ele>
        <time>2026-05-22T14:59:53.000Z</time>
        <extensions>
          <ns3:TrackPointExtension>
            <ns3:atemp>32.0</ns3:atemp>
          </ns3:TrackPointExtension>
        </extensions>
      </trkpt>
      <trkpt lat="49.18049893341958522796630859375" lon="-0.34985871054232120513916015625">
        <ele>9.80000019073486328125</ele>
        <time>2026-05-22T14:59:54.000Z</time>
        <extensions>
          <ns3:TrackPointExtension>
            <ns3:atemp>32.0</ns3:atemp>
          </ns3:TrackPointExtension>
        </extensions>
      </trkpt>
      <trkpt lat="49.18053262867033481597900390625" lon="-0.34984597004950046539306640625">
        <ele>9.6000003814697265625</ele>
        <time>2026-05-22T14:59:55.000Z</time>
        <extensions>
          <ns3:TrackPointExtension>
            <ns3:atemp>32.0</ns3:atemp>
          </ns3:TrackPointExtension>
        </extensions>
      </trkpt>
      <trkpt lat="49.1805620491504669189453125" lon="-0.349820069968700408935546875">
        <ele>9.6000003814697265625</ele>
        <time>2026-05-22T14:59:56.000Z</time>
        <extensions>
          <ns3:TrackPointExtension>
            <ns3:atemp>32.0</ns3:atemp>
          </ns3:TrackPointExtension>
        </extensions>
      </trkpt>
      <trkpt lat="49.180589877068996429443359375" lon="-0.34979760646820068359375">
        <ele>9.6000003814697265625</ele>
        <time>2026-05-22T14:59:57.000Z</time>
        <extensions>
          <ns3:TrackPointExtension>
            <ns3:atemp>32.0</ns3:atemp>
          </ns3:TrackPointExtension>
        </extensions>
      </trkpt>
      <trkpt lat="49.1806141845881938934326171875" lon="-0.34976617433130741119384765625">
        <ele>9.80000019073486328125</ele>
        <time>2026-05-22T14:59:58.000Z</time>
        <extensions>
          <ns3:TrackPointExtension>
            <ns3:atemp>32.0</ns3:atemp>
          </ns3:TrackPointExtension>
        </extensions>
      </trkpt>
      <trkpt lat="49.18064318597316741943359375" lon="-0.34973935224115848541259765625">
        <ele>9.80000019073486328125</ele>
        <time>2026-05-22T14:59:59.000Z</time>
        <extensions>
          <ns3:TrackPointExtension>
            <ns3:atemp>32.0</ns3:atemp>
          </ns3:TrackPointExtension>
        </extensions>
      </trkpt>
      <trkpt lat="49.18066523037850856781005859375" lon="-0.3497132845222949981689453125">
        <ele>9.80000019073486328125</ele>
        <time>2026-05-22T15:00:00.000Z</time>
        <extensions>
          <ns3:TrackPointExtension>
            <ns3:atemp>32.0</ns3:atemp>
          </ns3:TrackPointExtension>
        </extensions>
      </trkpt>
      <trkpt lat="49.18068937025964260101318359375" lon="-0.34968771971762180328369140625">
        <ele>9.80000019073486328125</ele>
        <time>2026-05-22T15:00:01.000Z</time>
        <extensions>
          <ns3:TrackPointExtension>
            <ns3:atemp>32.0</ns3:atemp>
          </ns3:TrackPointExtension>
        </extensions>
      </trkpt>
      <trkpt lat="49.18071384541690349578857421875" lon="-0.34965804778039455413818359375">
        <ele>9.80000019073486328125</ele>
        <time>2026-05-22T15:00:02.000Z</time>
        <extensions>
          <ns3:TrackPointExtension>
            <ns3:atemp>32.0</ns3:atemp>
          </ns3:TrackPointExtension>
        </extensions>
      </trkpt>
      <trkpt lat="49.1807372309267520904541015625" lon="-0.34962770529091358184814453125">
        <ele>10</ele>
        <time>2026-05-22T15:00:03.000Z</time>
        <extensions>
          <ns3:TrackPointExtension>
            <ns3:atemp>32.0</ns3:atemp>
          </ns3:TrackPointExtension>
        </extensions>
      </trkpt>
      <trkpt lat="49.18076162226498126983642578125" lon="-0.34959987737238407135009765625">
        <ele>10</ele>
        <time>2026-05-22T15:00:04.000Z</time>
        <extensions>
          <ns3:TrackPointExtension>
            <ns3:atemp>32.0</ns3:atemp>
          </ns3:TrackPointExtension>
        </extensions>
      </trkpt>
      <trkpt lat="49.1807834990322589874267578125" lon="-0.349573977291584014892578125">
        <ele>10.19999980926513671875</ele>
        <time>2026-05-22T15:00:05.000Z</time>
        <extensions>
          <ns3:TrackPointExtension>
            <ns3:atemp>33.0</ns3:atemp>
          </ns3:TrackPointExtension>
        </extensions>
      </trkpt>
      <trkpt lat="49.18080839328467845916748046875" lon="-0.3495486639440059661865234375">
        <ele>10.19999980926513671875</ele>
        <time>2026-05-22T15:00:06.000Z</time>
        <extensions>
          <ns3:TrackPointExtension>
            <ns3:atemp>32.0</ns3:atemp>
          </ns3:TrackPointExtension>
        </extensions>
      </trkpt>
      <trkpt lat="49.1808354668319225311279296875" lon="-0.34952335059642791748046875">
        <ele>10.19999980926513671875</ele>
        <time>2026-05-22T15:00:07.000Z</time>
        <extensions>
          <ns3:TrackPointExtension>
            <ns3:atemp>33.0</ns3:atemp>
          </ns3:TrackPointExtension>
        </extensions>
      </trkpt>
      <trkpt lat="49.180860780179500579833984375" lon="-0.34949258901178836822509765625">
        <ele>10</ele>
        <time>2026-05-22T15:00:08.000Z</time>
        <extensions>
          <ns3:TrackPointExtension>
            <ns3:atemp>33.0</ns3:atemp>
          </ns3:TrackPointExtension>
        </extensions>
      </trkpt>
      <trkpt lat="49.18088299222290515899658203125" lon="-0.34945973195135593414306640625">
        <ele>10</ele>
        <time>2026-05-22T15:00:09.000Z</time>
        <extensions>
          <ns3:TrackPointExtension>
            <ns3:atemp>33.0</ns3:atemp>
          </ns3:TrackPointExtension>
        </extensions>
      </trkpt>
      <trkpt lat="49.18090377934277057647705078125" lon="-0.34942335449159145355224609375">
        <ele>10</ele>
        <time>2026-05-22T15:00:10.000Z</time>
        <extensions>
          <ns3:TrackPointExtension>
            <ns3:atemp>33.0</ns3:atemp>
          </ns3:TrackPointExtension>
        </extensions>
      </trkpt>
      <trkpt lat="49.18092573992908000946044921875" lon="-0.34938194788992404937744140625">
        <ele>10</ele>
        <time>2026-05-22T15:00:11.000Z</time>
        <extensions>
          <ns3:TrackPointExtension>
            <ns3:atemp>33.0</ns3:atemp>
          </ns3:TrackPointExtension>
        </extensions>
      </trkpt>
      <trkpt lat="49.18094359338283538818359375" lon="-0.34933693706989288330078125">
        <ele>10</ele>
        <time>2026-05-22T15:00:12.000Z</time>
        <extensions>
          <ns3:TrackPointExtension>
            <ns3:atemp>33.0</ns3:atemp>
          </ns3:TrackPointExtension>
        </extensions>
      </trkpt>
      <trkpt lat="49.18096748180687427520751953125" lon="-0.34929460845887660980224609375">
        <ele>10</ele>
        <time>2026-05-22T15:00:13.000Z</time>
        <extensions>
          <ns3:TrackPointExtension>
            <ns3:atemp>33.0</ns3:atemp>
          </ns3:TrackPointExtension>
        </extensions>
      </trkpt>
      <trkpt lat="49.1809933818876743316650390625" lon="-0.34925269894301891326904296875">
        <ele>9.80000019073486328125</ele>
        <time>2026-05-22T15:00:14.000Z</time>
        <extensions>
          <ns3:TrackPointExtension>
            <ns3:atemp>33.0</ns3:atemp>
          </ns3:TrackPointExtension>
        </extensions>
      </trkpt>
      <trkpt lat="49.181025736033916473388671875" lon="-0.34922352991998195648193359375">
        <ele>9.80000019073486328125</ele>
        <time>2026-05-22T15:00:15.000Z</time>
        <extensions>
          <ns3:TrackPointExtension>
            <ns3:atemp>33.0</ns3:atemp>
          </ns3:TrackPointExtension>
        </extensions>
      </trkpt>
      <trkpt lat="49.1810590960085391998291015625" lon="-0.3491926006972789764404296875">
        <ele>9.80000019073486328125</ele>
        <time>2026-05-22T15:00:16.000Z</time>
        <extensions>
          <ns3:TrackPointExtension>
            <ns3:atemp>33.0</ns3:atemp>
          </ns3:TrackPointExtension>
        </extensions>
      </trkpt>
      <trkpt lat="49.18108549900352954864501953125" lon="-0.34915463067591190338134765625">
        <ele>10</ele>
        <time>2026-05-22T15:00:17.000Z</time>
        <extensions>
          <ns3:TrackPointExtension>
            <ns3:atemp>33.0</ns3:atemp>
          </ns3:TrackPointExtension>
        </extensions>
      </trkpt>
      <trkpt lat="49.1811070404946804046630859375" lon="-0.34910894930362701416015625">
        <ele>10</ele>
        <time>2026-05-22T15:00:18.000Z</time>
        <extensions>
          <ns3:TrackPointExtension>
            <ns3:atemp>33.0</ns3:atemp>
          </ns3:TrackPointExtension>
        </extensions>
      </trkpt>
      <trkpt lat="49.18112187646329402923583984375" lon="-0.349063016474246978759765625">
        <ele>10</ele>
        <time>2026-05-22T15:00:19.000Z</time>
        <extensions>
          <ns3:TrackPointExtension>
            <ns3:atemp>33.0</ns3:atemp>
          </ns3:TrackPointExtension>
        </extensions>
      </trkpt>
      <trkpt lat="49.1811365447938442230224609375" lon="-0.3490112163126468658447265625">
        <ele>10</ele>
        <time>2026-05-22T15:00:20.000Z</time>
        <extensions>
          <ns3:TrackPointExtension>
            <ns3:atemp>33.0</ns3:atemp>
          </ns3:TrackPointExtension>
        </extensions>
      </trkpt>
      <trkpt lat="49.18115942738950252532958984375" lon="-0.34897307865321636199951171875">
        <ele>10</ele>
        <time>2026-05-22T15:00:21.000Z</time>
        <extensions>
          <ns3:TrackPointExtension>
            <ns3:atemp>33.0</ns3:atemp>
          </ns3:TrackPointExtension>
        </extensions>
      </trkpt>
      <trkpt lat="49.18118633329868316650390625" lon="-0.34893418662250041961669921875">
        <ele>10</ele>
        <time>2026-05-22T15:00:22.000Z</time>
        <extensions>
          <ns3:TrackPointExtension>
            <ns3:atemp>33.0</ns3:atemp>
          </ns3:TrackPointExtension>
        </extensions>
      </trkpt>
      <trkpt lat="49.18121424503624439239501953125" lon="-0.3489022515714168548583984375">
        <ele>10</ele>
        <time>2026-05-22T15:00:23.000Z</time>
        <extensions>
          <ns3:TrackPointExtension>
            <ns3:atemp>33.0</ns3:atemp>
          </ns3:TrackPointExtension>
        </extensions>
      </trkpt>
      <trkpt lat="49.1812455095350742340087890625" lon="-0.348866544663906097412109375">
        <ele>10</ele>
        <time>2026-05-22T15:00:24.000Z</time>
        <extensions>
          <ns3:TrackPointExtension>
            <ns3:atemp>33.0</ns3:atemp>
          </ns3:TrackPointExtension>
        </extensions>
      </trkpt>
      <trkpt lat="49.18127710931003093719482421875" lon="-0.34881851635873317718505859375">
        <ele>10</ele>
        <time>2026-05-22T15:00:25.000Z</time>
        <extensions>
          <ns3:TrackPointExtension>
            <ns3:atemp>33.0</ns3:atemp>
          </ns3:TrackPointExtension>
        </extensions>
      </trkpt>
      <trkpt lat="49.1813077032566070556640625" lon="-0.34877425990998744964599609375">
        <ele>10</ele>
        <time>2026-05-22T15:00:26.000Z</time>
        <extensions>
          <ns3:TrackPointExtension>
            <ns3:atemp>33.0</ns3:atemp>
          </ns3:TrackPointExtension>
        </extensions>
      </trkpt>
      <trkpt lat="49.18133930303156375885009765625" lon="-0.34873855300247669219970703125">
        <ele>9.80000019073486328125</ele>
        <time>2026-05-22T15:00:27.000Z</time>
        <extensions>
          <ns3:TrackPointExtension>
            <ns3:atemp>33.0</ns3:atemp>
          </ns3:TrackPointExtension>
        </extensions>
      </trkpt>
      <trkpt lat="49.18137266300618648529052734375" lon="-0.348710305988788604736328125">
        <ele>9.80000019073486328125</ele>
        <time>2026-05-22T15:00:28.000Z</time>
        <extensions>
          <ns3:TrackPointExtension>
            <ns3:atemp>33.0</ns3:atemp>
          </ns3:TrackPointExtension>
        </extensions>
      </trkpt>
      <trkpt lat="49.181404598057270050048828125" lon="-0.34868725575506687164306640625">
        <ele>9.80000019073486328125</ele>
        <time>2026-05-22T15:00:29.000Z</time>
        <extensions>
          <ns3:TrackPointExtension>
            <ns3:atemp>33.0</ns3:atemp>
          </ns3:TrackPointExtension>
        </extensions>
      </trkpt>
      <trkpt lat="49.1814413107931613922119140625" lon="-0.34866043366491794586181640625">
        <ele>9.80000019073486328125</ele>
        <time>2026-05-22T15:00:30.000Z</time>
        <extensions>
          <ns3:TrackPointExtension>
            <ns3:atemp>33.0</ns3:atemp>
          </ns3:TrackPointExtension>
        </extensions>
      </trkpt>
      <trkpt lat="49.181482382118701934814453125" lon="-0.34863294102251529693603515625">
        <ele>9.80000019073486328125</ele>
        <time>2026-05-22T15:00:31.000Z</time>
        <extensions>
          <ns3:TrackPointExtension>
            <ns3:atemp>33.0</ns3:atemp>
          </ns3:TrackPointExtension>
        </extensions>
      </trkpt>
      <trkpt lat="49.18151766993105411529541015625" lon="-0.348605029284954071044921875">
        <ele>9.80000019073486328125</ele>
        <time>2026-05-22T15:00:32.000Z</time>
        <extensions>
          <ns3:TrackPointExtension>
            <ns3:atemp>33.0</ns3:atemp>
          </ns3:TrackPointExtension>
        </extensions>
      </trkpt>
      <trkpt lat="49.18154952116310596466064453125" lon="-0.34857158549129962921142578125">
        <ele>9.80000019073486328125</ele>
        <time>2026-05-22T15:00:33.000Z</time>
        <extensions>
          <ns3:TrackPointExtension>
            <ns3:atemp>33.0</ns3:atemp>
          </ns3:TrackPointExtension>
        </extensions>
      </trkpt>
      <trkpt lat="49.1815841384232044219970703125" lon="-0.34853805787861347198486328125">
        <ele>9.6000003814697265625</ele>
        <time>2026-05-22T15:00:34.000Z</time>
        <extensions>
          <ns3:TrackPointExtension>
            <ns3:atemp>33.0</ns3:atemp>
          </ns3:TrackPointExtension>
        </extensions>
      </trkpt>
      <trkpt lat="49.18161372654139995574951171875" lon="-0.34849380142986774444580078125">
        <ele>9.6000003814697265625</ele>
        <time>2026-05-22T15:00:35.000Z</time>
        <extensions>
          <ns3:TrackPointExtension>
            <ns3:atemp>33.0</ns3:atemp>
          </ns3:TrackPointExtension>
        </extensions>
      </trkpt>
      <trkpt lat="49.18164423666894435882568359375" lon="-0.34845356829464435577392578125">
        <ele>9.80000019073486328125</ele>
        <time>2026-05-22T15:00:36.000Z</time>
        <extensions>
          <ns3:TrackPointExtension>
            <ns3:atemp>33.0</ns3:atemp>
          </ns3:TrackPointExtension>
        </extensions>
      </trkpt>
      <trkpt lat="49.18166452087461948394775390625" lon="-0.34841333515942096710205078125">
        <ele>9.80000019073486328125</ele>
        <time>2026-05-22T15:00:37.000Z</time>
        <extensions>
          <ns3:TrackPointExtension>
            <ns3:atemp>33.0</ns3:atemp>
          </ns3:TrackPointExtension>
        </extensions>
      </trkpt>
      <trkpt lat="49.1816857270896434783935546875" lon="-0.34838282503187656402587890625">
        <ele>9.80000019073486328125</ele>
        <time>2026-05-22T15:00:38.000Z</time>
        <extensions>
          <ns3:TrackPointExtension>
            <ns3:atemp>33.0</ns3:atemp>
          </ns3:TrackPointExtension>
        </extensions>
      </trkpt>
      <trkpt lat="49.18170827440917491912841796875" lon="-0.3483550809323787689208984375">
        <ele>9.80000019073486328125</ele>
        <time>2026-05-22T15:00:39.000Z</time>
        <extensions>
          <ns3:TrackPointExtension>
            <ns3:atemp>33.0</ns3:atemp>
          </ns3:TrackPointExtension>
        </extensions>
      </trkpt>
      <trkpt lat="49.18173073790967464447021484375" lon="-0.348327420651912689208984375">
        <ele>9.6000003814697265625</ele>
        <time>2026-05-22T15:00:40.000Z</time>
        <extensions>
          <ns3:TrackPointExtension>
            <ns3:atemp>33.0</ns3:atemp>
          </ns3:TrackPointExtension>
        </extensions>
      </trkpt>
      <trkpt lat="49.18175169266760349273681640625" lon="-0.348301269114017486572265625">
        <ele>9.80000019073486328125</ele>
        <time>2026-05-22T15:00:41.000Z</time>
        <extensions>
          <ns3:TrackPointExtension>
            <ns3:atemp>33.0</ns3:atemp>
          </ns3:TrackPointExtension>
        </extensions>
      </trkpt>
      <trkpt lat="49.1817715577781200408935546875" lon="-0.34827671013772487640380859375">
        <ele>9.80000019073486328125</ele>
        <time>2026-05-22T15:00:42.000Z</time>
        <extensions>
          <ns3:TrackPointExtension>
            <ns3:atemp>33.0</ns3:atemp>
          </ns3:TrackPointExtension>
        </extensions>
      </trkpt>
      <trkpt lat="49.181788824498653411865234375" lon="-0.34825039096176624298095703125">
        <ele>9.80000019073486328125</ele>
        <time>2026-05-22T15:00:43.000Z</time>
        <extensions>
          <ns3:TrackPointExtension>
            <ns3:atemp>33.0</ns3:atemp>
          </ns3:TrackPointExtension>
        </extensions>
      </trkpt>
      <trkpt lat="49.1818047501146793365478515625" lon="-0.34822356887161731719970703125">
        <ele>9.80000019073486328125</ele>
        <time>2026-05-22T15:00:44.000Z</time>
        <extensions>
          <ns3:TrackPointExtension>
            <ns3:atemp>33.0</ns3:atemp>
          </ns3:TrackPointExtension>
        </extensions>
      </trkpt>
      <trkpt lat="49.18182092718780040740966796875" lon="-0.34819574095308780670166015625">
        <ele>9.80000019073486328125</ele>
        <time>2026-05-22T15:00:45.000Z</time>
        <extensions>
          <ns3:TrackPointExtension>
            <ns3:atemp>33.0</ns3:atemp>
          </ns3:TrackPointExtension>
        </extensions>
      </trkpt>
      <trkpt lat="49.18184255249798297882080078125" lon="-0.34816657193005084991455078125">
        <ele>10</ele>
        <time>2026-05-22T15:00:46.000Z</time>
        <extensions>
          <ns3:TrackPointExtension>
            <ns3:atemp>33.0</ns3:atemp>
          </ns3:TrackPointExtension>
        </extensions>
      </trkpt>
      <trkpt lat="49.181866608560085296630859375" lon="-0.348136313259601593017578125">
        <ele>10</ele>
        <time>2026-05-22T15:00:47.000Z</time>
        <extensions>
          <ns3:TrackPointExtension>
            <ns3:atemp>33.0</ns3:atemp>
          </ns3:TrackPointExtension>
        </extensions>
      </trkpt>
      <trkpt lat="49.1818889044225215911865234375" lon="-0.34811426885426044464111328125">
        <ele>10</ele>
        <time>2026-05-22T15:00:48.000Z</time>
        <extensions>
          <ns3:TrackPointExtension>
            <ns3:atemp>33.0</ns3:atemp>
          </ns3:TrackPointExtension>
        </extensions>
      </trkpt>
      <trkpt lat="49.18190424330532550811767578125" lon="-0.348098091781139373779296875">
        <ele>10</ele>
        <time>2026-05-22T15:00:49.000Z</time>
        <extensions>
          <ns3:TrackPointExtension>
            <ns3:atemp>33.0</ns3:atemp>
          </ns3:TrackPointExtension>
        </extensions>
      </trkpt>
      <trkpt lat="49.1819143854081630706787109375" lon="-0.34808828495442867279052734375">
        <ele>10</ele>
        <time>2026-05-22T15:00:50.000Z</time>
        <extensions>
          <ns3:TrackPointExtension>
            <ns3:atemp>33.0</ns3:atemp>
          </ns3:TrackPointExtension>
        </extensions>
      </trkpt>
      <trkpt lat="49.181921593844890594482421875" lon="-0.34806950949132442474365234375">
        <ele>9.80000019073486328125</ele>
        <time>2026-05-22T15:00:51.000Z</time>
        <extensions>
          <ns3:TrackPointExtension>
            <ns3:atemp>33.0</ns3:atemp>
          </ns3:TrackPointExtension>
        </extensions>
      </trkpt>
      <trkpt lat="49.18192394077777862548828125" lon="-0.34805073402822017669677734375">
        <ele>9.6000003814697265625</ele>
        <time>2026-05-22T15:00:52.000Z</time>
        <extensions>
          <ns3:TrackPointExtension>
            <ns3:atemp>33.0</ns3:atemp>
          </ns3:TrackPointExtension>
        </extensions>
      </trkpt>
      <trkpt lat="49.181926958262920379638671875" lon="-0.3480352275073528289794921875">
        <ele>9.6000003814697265625</ele>
        <time>2026-05-22T15:00:53.000Z</time>
        <extensions>
          <ns3:TrackPointExtension>
            <ns3:atemp>33.0</ns3:atemp>
          </ns3:TrackPointExtension>
        </extensions>
      </trkpt>
      <trkpt lat="49.18192754499614238739013671875" lon="-0.348024331033229827880859375">
        <ele>9.6000003814697265625</ele>
        <time>2026-05-22T15:00:54.000Z</time>
        <extensions>
          <ns3:TrackPointExtension>
            <ns3:atemp>33.0</ns3:atemp>
          </ns3:TrackPointExtension>
        </extensions>
      </trkpt>
      <trkpt lat="49.18193056248128414154052734375" lon="-0.34801318310201168060302734375">
        <ele>9.3999996185302734375</ele>
        <time>2026-05-22T15:00:55.000Z</time>
        <extensions>
          <ns3:TrackPointExtension>
            <ns3:atemp>33.0</ns3:atemp>
          </ns3:TrackPointExtension>
        </extensions>
      </trkpt>
      <trkpt lat="49.18193399906158447265625" lon="-0.3480063937604427337646484375">
        <ele>9.3999996185302734375</ele>
        <time>2026-05-22T15:00:56.000Z</time>
        <extensions>
          <ns3:TrackPointExtension>
            <ns3:atemp>33.0</ns3:atemp>
          </ns3:TrackPointExtension>
        </extensions>
      </trkpt>
      <trkpt lat="49.181930311024188995361328125" lon="-0.34801636822521686553955078125">
        <ele>9.3999996185302734375</ele>
        <time>2026-05-22T15:00:57.000Z</time>
        <extensions>
          <ns3:TrackPointExtension>
            <ns3:atemp>33.0</ns3:atemp>
          </ns3:TrackPointExtension>
        </extensions>
      </trkpt>
      <trkpt lat="49.18192788027226924896240234375" lon="-0.3480255044996738433837890625">
        <ele>9.3999996185302734375</ele>
        <time>2026-05-22T15:00:58.000Z</time>
        <extensions>
          <ns3:TrackPointExtension>
            <ns3:atemp>33.0</ns3:atemp>
          </ns3:TrackPointExtension>
        </extensions>
      </trkpt>
    </trkseg>
  </trk>
</gpx>
